/*
 * vazirmatn_16_vertical_fixed.c
 *
 * LVGL 8.4 native font, Vazirmatn Regular, 16 px, 4 bpp.
 * Generated using the exact same rasterization/metric pattern as
 * font_persian_14.c (same rasterization pipeline, same character set,
 * same LVGL 8.4 lv_font_fmt_txt_dsc_t / sparse-tiny cmap layout).
 *
 * The unicode_list/cmap and the Arabic/Persian shaping model are unchanged.
 */

#include <stdint.h>
#include "lvgl.h"

#ifndef VAZIRMATN_16
#define VAZIRMATN_16 1
#endif

#if VAZIRMATN_16

/* Glyph count: 456, bitmap bytes: 25188 */
static LV_ATTRIBUTE_LARGE_CONST const uint8_t glyph_bitmap[] = {
    0x05, 0xF2, 0x05, 0xF2, 0x05, 0xF2, 0x05, 0xF2, 0x05, 0xF2, 0x05, 0xF2,
    0x05, 0xF2, 0x05, 0xF2, 0x01, 0x10, 0x0D, 0xE1, 0x0B, 0xC0, 0x5F, 0x7F,
    0x25, 0xF6, 0xF1, 0x5F, 0x5F, 0x05, 0xD5, 0xD0, 0x00, 0x00, 0x00, 0x00,
    0x00, 0x00, 0x00, 0x00, 0x00, 0x00, 0x00, 0x00, 0x00, 0x00, 0x00, 0x00,
    0x00, 0x00, 0x00, 0x00, 0x00, 0x00, 0x79, 0x07, 0x80, 0x00, 0x00, 0x0A,
    0x60, 0xA5, 0x00, 0x00, 0x00, 0xC3, 0x0D, 0x30, 0x00, 0x0F, 0xFF, 0xFF,
    0xFF, 0xF0, 0x00, 0x46, 0xD4, 0x6D, 0x44, 0x00, 0x00, 0x5A, 0x06, 0xA0,
    0x00, 0x00, 0x08, 0x80, 0x97, 0x00, 0x00, 0xFF, 0xFF, 0xFF, 0xFF, 0x00,
    0x03, 0x3E, 0x53, 0xE4, 0x30, 0x00, 0x00, 0xF1, 0x1E, 0x00, 0x00, 0x00,
    0x2D, 0x03, 0xC0, 0x00, 0x00, 0x05, 0xB0, 0x5A, 0x00, 0x00, 0x00, 0x05,
    0xF2, 0x00, 0x00, 0x00, 0x6F, 0x30, 0x00, 0x04, 0xDF, 0xFF, 0xB1, 0x01,
    0xEB, 0x21, 0x4E, 0xA0, 0x4F, 0x30, 0x00, 0x7F, 0x03, 0xF5, 0x00, 0x02,
    0x61, 0x0B, 0xE7, 0x20, 0x00, 0x00, 0x18, 0xEF, 0xB4, 0x00, 0x00, 0x00,
    0x5B, 0xF6, 0x00, 0x10, 0x00, 0x09, 0xE0, 0x4F, 0x30, 0x00, 0x6F, 0x11,
    0xEB, 0x10, 0x1C, 0xD0, 0x05, 0xFF, 0xDF, 0xE4, 0x00, 0x02, 0x8F, 0x61,
    0x00, 0x00, 0x05, 0xF2, 0x00, 0x00, 0x06, 0xED, 0x40, 0x00, 0x00, 0x00,
    0x2F, 0x8A, 0xE0, 0x02, 0x30, 0x00, 0x5F, 0x25, 0xF2, 0x0A, 0x60, 0x00,
    0x3F, 0x58, 0xF1, 0x4C, 0x00, 0x00, 0x09, 0xFF, 0x71, 0xD2, 0x00, 0x00,
    0x00, 0x22, 0x08, 0x70, 0x00, 0x00, 0x00, 0x00, 0x2C, 0x5D, 0xFC, 0x30,
    0x00, 0x00, 0xB4, 0xEA, 0x4C, 0xD0, 0x00, 0x06, 0x84, 0xF2, 0x05, 0xF1,
    0x00, 0x1C, 0x04, 0xF2, 0x05, 0xF1, 0x00, 0x23, 0x01, 0xEA, 0x4C, 0xD0,
    0x00, 0x00, 0x00, 0x4D, 0xFC, 0x20, 0x00, 0x4C, 0xFC, 0x30, 0x00, 0x01,
    0xEA, 0x4B, 0xE0, 0x00, 0x04, 0xF3, 0x06, 0xF1, 0x00, 0x02, 0xF6, 0x1C,
    0xB0, 0x00, 0x00, 0x8E, 0xDB, 0x10, 0x00, 0x00, 0x8F, 0xE1, 0x00, 0x00,
    0x08, 0xE5, 0xDA, 0x05, 0xF1, 0x2F, 0x60, 0x4F, 0x67, 0xE0, 0x4F, 0x30,
    0x08, 0xFD, 0xA0, 0x2F, 0x60, 0x00, 0xDF, 0x40, 0x0B, 0xE6, 0x49, 0xFF,
    0xA0, 0x01, 0x9E, 0xFC, 0x66, 0xF6, 0x5F, 0x25, 0xF2, 0x5F, 0x25, 0xF2,
    0x00, 0x00, 0x00, 0x00, 0x00, 0x00, 0x00, 0x00, 0x00, 0x00, 0x00, 0x00,
    0x00, 0x00, 0x20, 0x00, 0x9B, 0x00, 0x6E, 0x20, 0x1E, 0x60, 0x06, 0xE0,
    0x00, 0xBA, 0x00, 0x1F, 0x60, 0x03, 0xF4, 0x00, 0x4F, 0x30, 0x04, 0xF2,
    0x00, 0x4F, 0x30, 0x01, 0xF5, 0x00, 0x0D, 0x80, 0x00, 0x8C, 0x00, 0x03,
    0xF3, 0x00, 0x0A, 0xC0, 0x00, 0x1D, 0x90, 0x00, 0x16, 0x02, 0x00, 0x00,
    0x0D, 0x60, 0x00, 0x03, 0xF4, 0x00, 0x00, 0x8C, 0x00, 0x00, 0x2F, 0x40,
    0x00, 0x0C, 0x80, 0x00, 0x09, 0xD0, 0x00, 0x06, 0xF0, 0x00, 0x05, 0xF2,
    0x00, 0x05, 0xF2, 0x00, 0x06, 0xF1, 0x00, 0x08, 0xE0, 0x00, 0x0B, 0xA0,
    0x00, 0x0E, 0x50, 0x00, 0x6E, 0x10, 0x01, 0xD7, 0x00, 0x0B, 0xB0, 0x00,
    0x07, 0x10, 0x00, 0x00, 0x5F, 0x20, 0x00, 0x05, 0xF2, 0x00, 0xCA, 0x8F,
    0x6A, 0x84, 0x9E, 0xFE, 0x94, 0x02, 0xED, 0xB0, 0x00, 0xBB, 0x2E, 0x70,
    0x19, 0x10, 0x57, 0x00, 0x00, 0x00, 0x00, 0x00, 0x00, 0x00, 0x00, 0x00,
    0x00, 0x00, 0x00, 0x00, 0x00, 0x00, 0x00, 0x00, 0x00, 0x00, 0x05, 0xF2,
    0x00, 0x00, 0x05, 0xF2, 0x00, 0x00, 0x05, 0xF2, 0x00, 0x0F, 0xFF, 0xFF,
    0xF0, 0x03, 0x37, 0xF5, 0x30, 0x00, 0x05, 0xF2, 0x00, 0x00, 0x05, 0xF2,
    0x00, 0x00, 0x00, 0x00, 0x00, 0x05, 0xF2, 0x05, 0xF2, 0x09, 0xD0, 0x0D,
    0x50, 0x00, 0x00, 0x00, 0x00, 0x00, 0x00, 0xFF, 0xFF, 0xF0, 0x03, 0x33,
    0x33, 0x00, 0x00, 0x00, 0x00, 0x00, 0x00, 0x00, 0x00, 0x00, 0x00, 0x00,
    0x01, 0x10, 0x0D, 0xE0, 0x0B, 0xC0, 0x00, 0x00, 0x4E, 0x00, 0x00, 0x0A,
    0x90, 0x00, 0x01, 0xF3, 0x00, 0x00, 0x6D, 0x00, 0x00, 0x0B, 0x70, 0x00,
    0x02, 0xF2, 0x00, 0x00, 0x7B, 0x00, 0x00, 0x0D, 0x60, 0x00, 0x03, 0xF1,
    0x00, 0x00, 0x9A, 0x00, 0x00, 0x0E, 0x40, 0x00, 0x05, 0xE0, 0x00, 0x00,
    0xA9, 0x00, 0x00, 0x00, 0x00, 0x8D, 0xFD, 0x60, 0x00, 0x8F, 0x74, 0x9F,
    0x50, 0x0E, 0x80, 0x00, 0xAC, 0x03, 0xF4, 0x00, 0x06, 0xF0, 0x4F, 0x20,
    0x00, 0x5F, 0x15, 0xF2, 0x00, 0x05, 0xF2, 0x5F, 0x20, 0x00, 0x5F, 0x24,
    0xF2, 0x00, 0x05, 0xF1, 0x3F, 0x40, 0x00, 0x6F, 0x00, 0xE8, 0x00, 0x0B,
    0xC0, 0x08, 0xF7, 0x49, 0xF5, 0x00, 0x07, 0xDF, 0xD6, 0x00, 0x00, 0x01,
    0x7D, 0x20, 0x00, 0x2A, 0xFF, 0xF2, 0x00, 0x04, 0xB5, 0x5F, 0x20, 0x00,
    0x00, 0x05, 0xF2, 0x00, 0x00, 0x00, 0x5F, 0x20, 0x00, 0x00, 0x05, 0xF2,
    0x00, 0x00, 0x00, 0x5F, 0x20, 0x00, 0x00, 0x05, 0xF2, 0x00, 0x00, 0x00,
    0x5F, 0x20, 0x00, 0x00, 0x05, 0xF2, 0x00, 0x00, 0x00, 0x5F, 0x20, 0x00,
    0x00, 0x05, 0xF2, 0x00, 0x01, 0x9E, 0xEA, 0x10, 0x00, 0xBD, 0x55, 0xEA,
    0x00, 0x2F, 0x50, 0x07, 0xF0, 0x03, 0xA2, 0x00, 0x5F, 0x10, 0x00, 0x00,
    0x09, 0xD0, 0x00, 0x00, 0x02, 0xF6, 0x00, 0x00, 0x00, 0xCC, 0x00, 0x00,
    0x00, 0x9E, 0x20, 0x00, 0x00, 0x6F, 0x50, 0x00, 0x00, 0x3F, 0x80, 0x00,
    0x00, 0x1D, 0xD4, 0x44, 0x42, 0x05, 0xFF, 0xFF, 0xFF, 0xA0, 0x02, 0xAE,
    0xE9, 0x10, 0x00, 0xCD, 0x55, 0xDB, 0x00, 0x3F, 0x40, 0x06, 0xF0, 0x00,
    0x10, 0x00, 0x6F, 0x10, 0x00, 0x00, 0x3C, 0x90, 0x00, 0x03, 0xFF, 0xC0,
    0x00, 0x00, 0x03, 0x6E, 0x80, 0x00, 0x00, 0x00, 0x7E, 0x00, 0x26, 0x10,
    0x05, 0xF1, 0x03, 0xF5, 0x00, 0x7E, 0x00, 0x0C, 0xD5, 0x6E, 0x90, 0x00,
    0x1A, 0xEE, 0x80, 0x00, 0x00, 0x00, 0x00, 0xBF, 0x20, 0x00, 0x00, 0x6F,
    0xF2, 0x00, 0x00, 0x2E, 0xBF, 0x20, 0x00, 0x0B, 0xB5, 0xF2, 0x00, 0x07,
    0xE2, 0x5F, 0x20, 0x02, 0xE7, 0x05, 0xF2, 0x00, 0xCC, 0x00, 0x5F, 0x20,
    0x7F, 0x30, 0x05, 0xF2, 0x0E, 0xFF, 0xFF, 0xFF, 0xF0, 0x33, 0x33, 0x37,
    0xF5, 0x00, 0x00, 0x00, 0x5F, 0x20, 0x00, 0x00, 0x05, 0xF2, 0x01, 0xFF,
    0xFF, 0xFC, 0x00, 0x3F, 0x54, 0x44, 0x30, 0x04, 0xF1, 0x00, 0x00, 0x00,
    0x6E, 0x00, 0x00, 0x00, 0x07, 0xEC, 0xFE, 0x80, 0x00, 0x6D, 0x64, 0x8F,
    0x70, 0x00, 0x00, 0x00, 0xAE, 0x00, 0x00, 0x00, 0x06, 0xF1, 0x05, 0x20,
    0x00, 0x6F, 0x10, 0xD9, 0x00, 0x0A, 0xE0, 0x06, 0xF8, 0x48, 0xF7, 0x00,
    0x06, 0xDF, 0xD7, 0x00, 0x00, 0x05, 0xBE, 0x70, 0x00, 0x0A, 0xF9, 0x52,
    0x00, 0x06, 0xF4, 0x00, 0x00, 0x00, 0xC9, 0x00, 0x00, 0x00, 0x1F, 0x8C,
    0xFE, 0x70, 0x03, 0xFE, 0x74, 0x7F, 0x70, 0x4F, 0x50, 0x00, 0xAD, 0x04,
    0xF2, 0x00, 0x06, 0xF1, 0x3F, 0x40, 0x00, 0x6F, 0x10, 0xD9, 0x00, 0x0A,
    0xD0, 0x05, 0xF8, 0x48, 0xF6, 0x00, 0x06, 0xDF, 0xD6, 0x00, 0x0F, 0xFF,
    0xFF, 0xFF, 0xF0, 0x44, 0x44, 0x44, 0xCB, 0x00, 0x00, 0x00, 0x3F, 0x40,
    0x00, 0x00, 0x09, 0xC0, 0x00, 0x00, 0x02, 0xF6, 0x00, 0x00, 0x00, 0x8E,
    0x00, 0x00, 0x00, 0x1E, 0x80, 0x00, 0x00, 0x07, 0xF1, 0x00, 0x00, 0x00,
    0xD9, 0x00, 0x00, 0x00, 0x5F, 0x30, 0x00, 0x00, 0x0C, 0xB0, 0x00, 0x00,
    0x04, 0xF5, 0x00, 0x00, 0x01, 0x9E, 0xFD, 0x80, 0x00, 0xCD, 0x64, 0x7F,
    0xA0, 0x3F, 0x40, 0x00, 0x7F, 0x14, 0xF3, 0x00, 0x06, 0xF1, 0x0C, 0xC3,
    0x14, 0xDA, 0x00, 0x2E, 0xFF, 0xFC, 0x00, 0x0A, 0xE6, 0x48, 0xF6, 0x02,
    0xF6, 0x00, 0x09, 0xE0, 0x4F, 0x30, 0x00, 0x5F, 0x13, 0xF5, 0x00, 0x08,
    0xE0, 0x0B, 0xE6, 0x47, 0xF8, 0x00, 0x18, 0xDF, 0xD7, 0x00, 0x00, 0x7D,
    0xFC, 0x40, 0x00, 0x8F, 0x74, 0xAF, 0x30, 0x1F, 0x80, 0x00, 0xCA, 0x04,
    0xF3, 0x00, 0x07, 0xE0, 0x4F, 0x30, 0x00, 0x5F, 0x12, 0xF7, 0x00, 0x07,
    0xF2, 0x0B, 0xE4, 0x16, 0xFF, 0x10, 0x1C, 0xFF, 0xC8, 0xE0, 0x00, 0x02,
    0x20, 0x9A, 0x00, 0x00, 0x00, 0x3F, 0x50, 0x00, 0x25, 0x8E, 0x90, 0x00,
    0x0A, 0xEB, 0x50, 0x00, 0x0B, 0xC0, 0x0D, 0xE0, 0x01, 0x10, 0x00, 0x00,
    0x01, 0x10, 0x0D, 0xE0, 0x0B, 0xC0, 0x2E, 0x83, 0xF9, 0x01, 0x00, 0x00,
    0x00, 0x00, 0x00, 0x00, 0x02, 0x51, 0x5F, 0x26, 0xF1, 0x9C, 0x07, 0x30,
    0x00, 0x00, 0x01, 0x76, 0x00, 0x00, 0x18, 0xEF, 0x60, 0x02, 0x9F, 0xD7,
    0x10, 0x00, 0xFE, 0x50, 0x00, 0x00, 0x08, 0xED, 0x71, 0x00, 0x00, 0x01,
    0x7E, 0xE9, 0x20, 0x00, 0x00, 0x17, 0xE8, 0x00, 0x00, 0x00, 0x00, 0x20,
    0x00, 0x00, 0x00, 0x00, 0x00, 0x00, 0x00, 0x00, 0x00, 0x00, 0xFF, 0xFF,
    0xFF, 0xF0, 0x03, 0x33, 0x33, 0x33, 0x00, 0x00, 0x00, 0x00, 0x00, 0x0F,
    0xFF, 0xFF, 0xFF, 0x00, 0x33, 0x33, 0x33, 0x30, 0x00, 0x00, 0x00, 0x00,
    0x00, 0x0B, 0x40, 0x00, 0x00, 0x0C, 0xFC, 0x50, 0x00, 0x00, 0x39, 0xFD,
    0x50, 0x00, 0x00, 0x19, 0xF7, 0x00, 0x03, 0xAF, 0xC3, 0x06, 0xCF, 0xB4,
    0x00, 0x0F, 0xA3, 0x00, 0x00, 0x02, 0x00, 0x00, 0x00, 0x00, 0x00, 0x00,
    0x00, 0x02, 0xBE, 0xE9, 0x10, 0x0D, 0xC5, 0x5E, 0xA0, 0x4E, 0x30, 0x06,
    0xF0, 0x00, 0x00, 0x06, 0xF1, 0x00, 0x00, 0x0C, 0xC0, 0x00, 0x00, 0xAF,
    0x30, 0x00, 0x08, 0xF4, 0x00, 0x00, 0x2F, 0x70, 0x00, 0x00, 0x4F, 0x30,
    0x00, 0x00, 0x00, 0x00, 0x00, 0x00, 0x02, 0x00, 0x00, 0x00, 0x3E, 0x10,
    0x00, 0x00, 0x00, 0x6B, 0xEE, 0xC8, 0x10, 0x00, 0x00, 0x1B, 0xE8, 0x54,
    0x7D, 0xD2, 0x00, 0x00, 0xBD, 0x20, 0x00, 0x00, 0xBD, 0x00, 0x05, 0xF3,
    0x04, 0xDF, 0x91, 0x2F, 0x60, 0x0C, 0xA0, 0x2E, 0x84, 0xD4, 0x0B, 0xB0,
    0x1F, 0x60, 0xAA, 0x00, 0xD2, 0x07, 0xE0, 0x3F, 0x30, 0xE4, 0x00, 0xE1,
    0x06, 0xF1, 0x4F, 0x22, 0xF1, 0x01, 0xF0, 0x05, 0xF1, 0x4F, 0x33, 0xF0,
    0x02, 0xE0, 0x07, 0xF0, 0x2F, 0x53, 0xF1, 0x06, 0xD0, 0x0A, 0xC0, 0x0E,
    0x80, 0xE9, 0x5B, 0xE6, 0x7F, 0x50, 0x0A, 0xE1, 0x6E, 0xC2, 0x5E, 0xE6,
    0x00, 0x02, 0xF9, 0x00, 0x00, 0x00, 0x00, 0x00, 0x00, 0x5F, 0xC6, 0x45,
    0x81, 0x00, 0x00, 0x00, 0x03, 0xAD, 0xFD, 0x81, 0x00, 0x00, 0x00, 0x00,
    0x9F, 0x10, 0x00, 0x00, 0x00, 0x0E, 0xF6, 0x00, 0x00, 0x00, 0x05, 0xFB,
    0xC0, 0x00, 0x00, 0x00, 0xBB, 0x4F, 0x20, 0x00, 0x00, 0x1F, 0x60, 0xE8,
    0x00, 0x00, 0x06, 0xF2, 0x0A, 0xD0, 0x00, 0x00, 0xCC, 0x00, 0x5F, 0x40,
    0x00, 0x2F, 0x71, 0x11, 0xE9, 0x00, 0x08, 0xFF, 0xFF, 0xFF, 0xE0, 0x00,
    0xDB, 0x44, 0x44, 0x6F, 0x50, 0x3F, 0x50, 0x00, 0x00, 0xDA, 0x09, 0xE0,
    0x00, 0x00, 0x08, 0xF1, 0x05, 0xFF, 0xFF, 0xD8, 0x10, 0x05, 0xF5, 0x44,
    0x6E, 0xA0, 0x05, 0xF2, 0x00, 0x06, 0xF0, 0x05, 0xF2, 0x00, 0x06, 0xF1,
    0x05, 0xF2, 0x00, 0x3D, 0xA0, 0x05, 0xFF, 0xFF, 0xFD, 0x10, 0x05, 0xF5,
    0x33, 0x6E, 0x90, 0x05, 0xF2, 0x00, 0x08, 0xF0, 0x05, 0xF2, 0x00, 0x05,
    0xF1, 0x05, 0xF2, 0x00, 0x08, 0xE0, 0x05, 0xF5, 0x44, 0x7F, 0x80, 0x05,
    0xFF, 0xFF, 0xD7, 0x00, 0x00, 0x2A, 0xEE, 0xC6, 0x00, 0x02, 0xEC, 0x54,
    0x8F, 0x70, 0x0A, 0xD1, 0x00, 0x09, 0xF1, 0x1F, 0x70, 0x00, 0x03, 0xD4,
    0x3F, 0x40, 0x00, 0x00, 0x00, 0x5F, 0x20, 0x00, 0x00, 0x00, 0x5F, 0x20,
    0x00, 0x00, 0x00, 0x3F, 0x30, 0x00, 0x00, 0x00, 0x1F, 0x60, 0x00, 0x03,
    0xD4, 0x0A, 0xD0, 0x00, 0x08, 0xF1, 0x02, 0xEC, 0x54, 0x8F, 0x70, 0x00,
    0x2A, 0xEE, 0xC6, 0x00, 0x05, 0xFF, 0xFE, 0xB5, 0x00, 0x00, 0x5F, 0x54,
    0x48, 0xE9, 0x00, 0x05, 0xF2, 0x00, 0x04, 0xF5, 0x00, 0x5F, 0x20, 0x00,
    0x0B, 0xC0, 0x05, 0xF2, 0x00, 0x00, 0x7F, 0x00, 0x5F, 0x20, 0x00, 0x05,
    0xF2, 0x05, 0xF2, 0x00, 0x00, 0x5F, 0x20, 0x5F, 0x20, 0x00, 0x07, 0xF0,
    0x05, 0xF2, 0x00, 0x00, 0xBC, 0x00, 0x5F, 0x20, 0x00, 0x5F, 0x50, 0x05,
    0xF5, 0x44, 0x9F, 0x90, 0x00, 0x5F, 0xFF, 0xEB, 0x50, 0x00, 0x05, 0xFF,
    0xFF, 0xFF, 0xC0, 0x5F, 0x54, 0x44, 0x43, 0x05, 0xF2, 0x00, 0x00, 0x00,
    0x5F, 0x20, 0x00, 0x00, 0x05, 0xF2, 0x00, 0x00, 0x00, 0x5F, 0xFF, 0xFF,
    0xF1, 0x05, 0xF5, 0x33, 0x33, 0x00, 0x5F, 0x20, 0x00, 0x00, 0x05, 0xF2,
    0x00, 0x00, 0x00, 0x5F, 0x20, 0x00, 0x00, 0x05, 0xF5, 0x44, 0x44, 0x30,
    0x5F, 0xFF, 0xFF, 0xFD, 0x05, 0xFF, 0xFF, 0xFF, 0xA0, 0x5F, 0x54, 0x44,
    0x42, 0x05, 0xF2, 0x00, 0x00, 0x00, 0x5F, 0x20, 0x00, 0x00, 0x05, 0xF2,
    0x00, 0x00, 0x00, 0x5F, 0x20, 0x00, 0x00, 0x05, 0xFF, 0xFF, 0xFE, 0x00,
    0x5F, 0x53, 0x33, 0x30, 0x05, 0xF2, 0x00, 0x00, 0x00, 0x5F, 0x20, 0x00,
    0x00, 0x05, 0xF2, 0x00, 0x00, 0x00, 0x5F, 0x20, 0x00, 0x00, 0x00, 0x3B,
    0xEE, 0xC5, 0x00, 0x03, 0xEB, 0x54, 0x9F, 0x50, 0x0B, 0xC0, 0x00, 0x0A,
    0xD0, 0x1F, 0x60, 0x00, 0x03, 0x80, 0x4F, 0x40, 0x00, 0x00, 0x00, 0x5F,
    0x20, 0x00, 0x00, 0x00, 0x4F, 0x20, 0x0D, 0xFF, 0xF2, 0x3F, 0x40, 0x03,
    0x37, 0xF2, 0x1F, 0x70, 0x00, 0x05, 0xF2, 0x0A, 0xE1, 0x00, 0x05, 0xF2,
    0x02, 0xDC, 0x54, 0x6D, 0xD1, 0x00, 0x29, 0xEF, 0xD9, 0x10, 0x05, 0xF2,
    0x00, 0x00, 0x5F, 0x20, 0x5F, 0x20, 0x00, 0x05, 0xF2, 0x05, 0xF2, 0x00,
    0x00, 0x5F, 0x20, 0x5F, 0x20, 0x00, 0x05, 0xF2, 0x05, 0xF2, 0x00, 0x00,
    0x5F, 0x20, 0x5F, 0xFF, 0xFF, 0xFF, 0xF2, 0x05, 0xF5, 0x33, 0x33, 0x7F,
    0x20, 0x5F, 0x20, 0x00, 0x05, 0xF2, 0x05, 0xF2, 0x00, 0x00, 0x5F, 0x20,
    0x5F, 0x20, 0x00, 0x05, 0xF2, 0x05, 0xF2, 0x00, 0x00, 0x5F, 0x20, 0x5F,
    0x20, 0x00, 0x05, 0xF2, 0x05, 0xF2, 0x00, 0x5F, 0x20, 0x05, 0xF2, 0x00,
    0x5F, 0x20, 0x05, 0xF2, 0x00, 0x5F, 0x20, 0x05, 0xF2, 0x00, 0x5F, 0x20,
    0x05, 0xF2, 0x00, 0x5F, 0x20, 0x05, 0xF2, 0x00, 0x5F, 0x20, 0x00, 0x00,
    0x00, 0x5F, 0x20, 0x00, 0x00, 0x05, 0xF2, 0x00, 0x00, 0x00, 0x5F, 0x20,
    0x00, 0x00, 0x05, 0xF2, 0x00, 0x00, 0x00, 0x5F, 0x20, 0x00, 0x00, 0x05,
    0xF2, 0x00, 0x00, 0x00, 0x5F, 0x20, 0x00, 0x00, 0x05, 0xF2, 0x26, 0x10,
    0x00, 0x5F, 0x23, 0xF5, 0x00, 0x09, 0xE0, 0x0C, 0xE6, 0x48, 0xF8, 0x00,
    0x19, 0xEF, 0xD7, 0x00, 0x05, 0xF2, 0x00, 0x04, 0xF9, 0x00, 0x5F, 0x20,
    0x02, 0xEB, 0x00, 0x05, 0xF2, 0x01, 0xDD, 0x10, 0x00, 0x5F, 0x20, 0xBE,
    0x20, 0x00, 0x05, 0xF2, 0xAF, 0x40, 0x00, 0x00, 0x5F, 0xAF, 0xB0, 0x00,
    0x00, 0x05, 0xFF, 0xBF, 0x60, 0x00, 0x00, 0x5F, 0x80, 0xAE, 0x20, 0x00,
    0x05, 0xF2, 0x01, 0xDC, 0x00, 0x00, 0x5F, 0x20, 0x04, 0xF8, 0x00, 0x05,
    0xF2, 0x00, 0x08, 0xF4, 0x00, 0x5F, 0x20, 0x00, 0x0C, 0xE1, 0x05, 0xF2,
    0x00, 0x00, 0x00, 0x5F, 0x20, 0x00, 0x00, 0x05, 0xF2, 0x00, 0x00, 0x00,
    0x5F, 0x20, 0x00, 0x00, 0x05, 0xF2, 0x00, 0x00, 0x00, 0x5F, 0x20, 0x00,
    0x00, 0x05, 0xF2, 0x00, 0x00, 0x00, 0x5F, 0x20, 0x00, 0x00, 0x05, 0xF2,
    0x00, 0x00, 0x00, 0x5F, 0x20, 0x00, 0x00, 0x05, 0xF6, 0x44, 0x44, 0x20,
    0x5F, 0xFF, 0xFF, 0xF8, 0x05, 0xFD, 0x00, 0x00, 0x00, 0x1E, 0xF2, 0x05,
    0xFF, 0x30, 0x00, 0x00, 0x6F, 0xF2, 0x05, 0xFE, 0x90, 0x00, 0x00, 0xCE,
    0xF2, 0x05, 0xF8, 0xE1, 0x00, 0x03, 0xF8, 0xF2, 0x05, 0xF3, 0xE6, 0x00,
    0x08, 0xD5, 0xF2, 0x05, 0xF2, 0xAC, 0x00, 0x0E, 0x75, 0xF2, 0x05, 0xF2,
    0x4F, 0x20, 0x5F, 0x15, 0xF2, 0x05, 0xF2, 0x0D, 0x80, 0xBB, 0x05, 0xF2,
    0x05, 0xF2, 0x07, 0xE2, 0xF5, 0x05, 0xF2, 0x05, 0xF2, 0x02, 0xFC, 0xE0,
    0x05, 0xF2, 0x05, 0xF2, 0x00, 0xBF, 0x80, 0x05, 0xF2, 0x05, 0xF2, 0x00,
    0x5F, 0x30, 0x05, 0xF2, 0x05, 0xF7, 0x00, 0x00, 0x5F, 0x20, 0x5F, 0xE1,
    0x00, 0x05, 0xF2, 0x05, 0xFF, 0x90, 0x00, 0x5F, 0x20, 0x5F, 0x8F, 0x30,
    0x05, 0xF2, 0x05, 0xF2, 0xCC, 0x00, 0x5F, 0x20, 0x5F, 0x23, 0xF6, 0x05,
    0xF2, 0x05, 0xF2, 0x09, 0xE1, 0x5F, 0x20, 0x5F, 0x20, 0x1E, 0x95, 0xF2,
    0x05, 0xF2, 0x00, 0x6F, 0x8F, 0x20, 0x5F, 0x20, 0x00, 0xCF, 0xF2, 0x05,
    0xF2, 0x00, 0x03, 0xFF, 0x20, 0x5F, 0x20, 0x00, 0x09, 0xF2, 0x00, 0x18,
    0xDF, 0xD7, 0x00, 0x00, 0x1D, 0xD6, 0x46, 0xEB, 0x00, 0x09, 0xE1, 0x00,
    0x02, 0xF7, 0x01, 0xE7, 0x00, 0x00, 0x0A, 0xC0, 0x3F, 0x40, 0x00, 0x00,
    0x7F, 0x04, 0xF2, 0x00, 0x00, 0x05, 0xF2, 0x4F, 0x20, 0x00, 0x00, 0x5F,
    0x23, 0xF4, 0x00, 0x00, 0x07, 0xF0, 0x1E, 0x70, 0x00, 0x00, 0xAC, 0x00,
    0x9E, 0x10, 0x00, 0x2F, 0x70, 0x01, 0xDD, 0x64, 0x6E, 0xB0, 0x00, 0x01,
    0x9D, 0xFD, 0x80, 0x00, 0x05, 0xFF, 0xFF, 0xEC, 0x50, 0x00, 0x5F, 0x54,
    0x44, 0x9F, 0x60, 0x05, 0xF2, 0x00, 0x00, 0x9E, 0x00, 0x5F, 0x20, 0x00,
    0x05, 0xF1, 0x05, 0xF2, 0x00, 0x00, 0x7F, 0x10, 0x5F, 0x20, 0x01, 0x5E,
    0xA0, 0x05, 0xFF, 0xFF, 0xFF, 0x81, 0x00, 0x5F, 0x53, 0x32, 0x00, 0x00,
    0x05, 0xF2, 0x00, 0x00, 0x00, 0x00, 0x5F, 0x20, 0x00, 0x00, 0x00, 0x05,
    0xF2, 0x00, 0x00, 0x00, 0x00, 0x5F, 0x20, 0x00, 0x00, 0x00, 0x00, 0x18,
    0xDF, 0xD7, 0x00, 0x00, 0x1D, 0xD6, 0x46, 0xEB, 0x00, 0x09, 0xE1, 0x00,
    0x02, 0xF6, 0x01, 0xE7, 0x00, 0x00, 0x0A, 0xC0, 0x3F, 0x40, 0x00, 0x00,
    0x7F, 0x04, 0xF2, 0x00, 0x00, 0x05, 0xF2, 0x4F, 0x20, 0x00, 0x00, 0x5F,
    0x23, 0xF4, 0x00, 0x00, 0x07, 0xF0, 0x1E, 0x70, 0x00, 0x00, 0xAD, 0x00,
    0x9E, 0x10, 0x00, 0x2F, 0x70, 0x01, 0xDD, 0x64, 0x6D, 0xC1, 0x00, 0x01,
    0x8D, 0xFE, 0xF8, 0x00, 0x00, 0x00, 0x00, 0x08, 0xFA, 0x00, 0x00, 0x00,
    0x00, 0x05, 0x80, 0x05, 0xFF, 0xFE, 0xC6, 0x00, 0x05, 0xF5, 0x44, 0x8F,
    0x70, 0x05, 0xF2, 0x00, 0x09, 0xE0, 0x05, 0xF2, 0x00, 0x05, 0xF1, 0x05,
    0xF2, 0x00, 0x08, 0xF0, 0x05, 0xF2, 0x01, 0x5E, 0x90, 0x05, 0xFF, 0xFF,
    0xF9, 0x00, 0x05, 0xF5, 0x34, 0xF5, 0x00, 0x05, 0xF2, 0x00, 0xAD, 0x00,
    0x05, 0xF2, 0x00, 0x3F, 0x50, 0x05, 0xF2, 0x00, 0x0A, 0xD0, 0x05, 0xF2,
    0x00, 0x03, 0xF6, 0x00, 0x7C, 0xFE, 0xB4, 0x00, 0x0B, 0xE7, 0x45, 0x9F,
    0x50, 0x3F, 0x50, 0x00, 0x09, 0xE0, 0x4F, 0x30, 0x00, 0x03, 0x81, 0x1E,
    0xD4, 0x00, 0x00, 0x00, 0x02, 0xBF, 0xE9, 0x40, 0x00, 0x00, 0x03, 0x8D,
    0xFB, 0x10, 0x00, 0x00, 0x00, 0x4D, 0xB0, 0x28, 0x10, 0x00, 0x06, 0xF1,
    0x2F, 0x60, 0x00, 0x07, 0xF1, 0x08, 0xF9, 0x54, 0x8F, 0x90, 0x00, 0x5B,
    0xEF, 0xC7, 0x00, 0x0F, 0xFF, 0xFF, 0xFF, 0xFF, 0x00, 0x44, 0x47, 0xF5,
    0x44, 0x40, 0x00, 0x00, 0x5F, 0x20, 0x00, 0x00, 0x00, 0x05, 0xF2, 0x00,
    0x00, 0x00, 0x00, 0x5F, 0x20, 0x00, 0x00, 0x00, 0x05, 0xF2, 0x00, 0x00,
    0x00, 0x00, 0x5F, 0x20, 0x00, 0x00, 0x00, 0x05, 0xF2, 0x00, 0x00, 0x00,
    0x00, 0x5F, 0x20, 0x00, 0x00, 0x00, 0x05, 0xF2, 0x00, 0x00, 0x00, 0x00,
    0x5F, 0x20, 0x00, 0x00, 0x00, 0x05, 0xF2, 0x00, 0x00, 0x5F, 0x20, 0x00,
    0x05, 0xF2, 0x5F, 0x20, 0x00, 0x05, 0xF2, 0x5F, 0x20, 0x00, 0x05, 0xF2,
    0x5F, 0x20, 0x00, 0x05, 0xF2, 0x5F, 0x20, 0x00, 0x05, 0xF2, 0x5F, 0x20,
    0x00, 0x05, 0xF2, 0x5F, 0x20, 0x00, 0x05, 0xF2, 0x5F, 0x20, 0x00, 0x05,
    0xF2, 0x4F, 0x30, 0x00, 0x06, 0xF1, 0x1F, 0x80, 0x00, 0x0A, 0xD0, 0x08,
    0xF8, 0x45, 0xAF, 0x40, 0x00, 0x6C, 0xEE, 0xB4, 0x00, 0x9F, 0x10, 0x00,
    0x00, 0xCC, 0x4F, 0x50, 0x00, 0x02, 0xF7, 0x0D, 0xA0, 0x00, 0x07, 0xF2,
    0x08, 0xE1, 0x00, 0x0C, 0xB0, 0x03, 0xF5, 0x00, 0x2F, 0x60, 0x00, 0xDA,
    0x00, 0x7F, 0x10, 0x00, 0x7E, 0x00, 0xCA, 0x00, 0x00, 0x2F, 0x52, 0xF5,
    0x00, 0x00, 0x0C, 0xA7, 0xE1, 0x00, 0x00, 0x07, 0xEC, 0xA0, 0x00, 0x00,
    0x01, 0xFF, 0x40, 0x00, 0x00, 0x00, 0xBE, 0x00, 0x00, 0x6F, 0x10, 0x00,
    0x8E, 0x00, 0x00, 0xCB, 0x3F, 0x50, 0x00, 0xCF, 0x30, 0x00, 0xE8, 0x0E,
    0x80, 0x01, 0xFE, 0x70, 0x03, 0xF4, 0x0B, 0xB0, 0x06, 0xE8, 0xB0, 0x06,
    0xF1, 0x07, 0xE0, 0x0A, 0xA4, 0xF1, 0x09, 0xC0, 0x04, 0xF3, 0x0E, 0x61,
    0xF4, 0x0D, 0x90, 0x01, 0xF6, 0x3F, 0x20, 0xB8, 0x1F, 0x60, 0x00, 0xC9,
    0x7D, 0x00, 0x7C, 0x4F, 0x20, 0x00, 0x9C, 0xB9, 0x00, 0x3F, 0x8E, 0x00,
    0x00, 0x5E, 0xE4, 0x00, 0x0E, 0xDA, 0x00, 0x00, 0x2F, 0xF1, 0x00, 0x0A,
    0xF7, 0x00, 0x00, 0x0D, 0xB0, 0x00, 0x06, 0xF3, 0x00, 0x3F, 0x90, 0x00,
    0x08, 0xF3, 0x08, 0xF3, 0x00, 0x2F, 0x90, 0x01, 0xDC, 0x00, 0xBE, 0x10,
    0x00, 0x5F, 0x65, 0xF6, 0x00, 0x00, 0x0B, 0xED, 0xC0, 0x00, 0x00, 0x02,
    0xFF, 0x30, 0x00, 0x00, 0x03, 0xFF, 0x40, 0x00, 0x00, 0x0C, 0xDD, 0xD0,
    0x00, 0x00, 0x6F, 0x54, 0xF7, 0x00, 0x01, 0xEB, 0x00, 0xAE, 0x20, 0x0A,
    0xF2, 0x00, 0x2E, 0xA0, 0x4F, 0x80, 0x00, 0x07, 0xF5, 0x1E, 0xB0, 0x00,
    0x00, 0xDC, 0x00, 0x7F, 0x30, 0x00, 0x6F, 0x40, 0x00, 0xDB, 0x00, 0x0D,
    0xB0, 0x00, 0x06, 0xF3, 0x05, 0xF4, 0x00, 0x00, 0x0D, 0xA0, 0xCB, 0x00,
    0x00, 0x00, 0x6F, 0x7F, 0x30, 0x00, 0x00, 0x00, 0xDF, 0xA0, 0x00, 0x00,
    0x00, 0x06, 0xF3, 0x00, 0x00, 0x00, 0x00, 0x5F, 0x20, 0x00, 0x00, 0x00,
    0x05, 0xF2, 0x00, 0x00, 0x00, 0x00, 0x5F, 0x20, 0x00, 0x00, 0x00, 0x05,
    0xF2, 0x00, 0x00, 0x0F, 0xFF, 0xFF, 0xFF, 0xF0, 0x04, 0x44, 0x44, 0x4E,
    0xB0, 0x00, 0x00, 0x00, 0x9E, 0x20, 0x00, 0x00, 0x04, 0xF7, 0x00, 0x00,
    0x00, 0x0D, 0xC0, 0x00, 0x00, 0x00, 0x8F, 0x30, 0x00, 0x00, 0x03, 0xF8,
    0x00, 0x00, 0x00, 0x0C, 0xD0, 0x00, 0x00, 0x00, 0x7F, 0x30, 0x00, 0x00,
    0x02, 0xF9, 0x00, 0x00, 0x00, 0x0B, 0xE4, 0x44, 0x44, 0x40, 0x0F, 0xFF,
    0xFF, 0xFF, 0xF0, 0x00, 0x00, 0x00, 0x5F, 0xFA, 0x05, 0xF5, 0x20, 0x5F,
    0x20, 0x05, 0xF2, 0x00, 0x5F, 0x20, 0x05, 0xF2, 0x00, 0x5F, 0x20, 0x05,
    0xF2, 0x00, 0x5F, 0x20, 0x05, 0xF2, 0x00, 0x5F, 0x20, 0x05, 0xF2, 0x00,
    0x5F, 0x20, 0x05, 0xF2, 0x00, 0x5F, 0x20, 0x05, 0xFF, 0xA0, 0x13, 0x32,
    0x7D, 0x00, 0x00, 0x02, 0xF4, 0x00, 0x00, 0x0B, 0x90, 0x00, 0x00, 0x6E,
    0x10, 0x00, 0x01, 0xF5, 0x00, 0x00, 0x0A, 0xB0, 0x00, 0x00, 0x4F, 0x10,
    0x00, 0x00, 0xE7, 0x00, 0x00, 0x09, 0xC0, 0x00, 0x00, 0x3F, 0x30, 0x00,
    0x00, 0xD8, 0x00, 0x00, 0x07, 0xD0, 0x00, 0x00, 0x2F, 0x40, 0x00, 0x00,
    0xCF, 0xF2, 0x27, 0xF2, 0x05, 0xF2, 0x05, 0xF2, 0x05, 0xF2, 0x05, 0xF2,
    0x05, 0xF2, 0x05, 0xF2, 0x05, 0xF2, 0x05, 0xF2, 0x05, 0xF2, 0x05, 0xF2,
    0x05, 0xF2, 0x05, 0xF2, 0x05, 0xF2, 0xCF, 0xF2, 0x23, 0x30, 0x00, 0x5F,
    0x10, 0x00, 0x0B, 0xF6, 0x00, 0x02, 0xFA, 0xC0, 0x00, 0x8C, 0x2F, 0x30,
    0x0E, 0x60, 0xB9, 0x05, 0xF1, 0x05, 0xE1, 0x00, 0x00, 0x00, 0x00, 0x00,
    0x00, 0x00, 0x00, 0x00, 0x00, 0x00, 0x00, 0x00, 0x00, 0x00, 0x00, 0x00,
    0x00, 0x00, 0x00, 0x00, 0x00, 0x00, 0x00, 0x00, 0x00, 0xFF, 0xFF, 0xFF,
    0xF0, 0x03, 0x33, 0x33, 0x33, 0x00, 0x38, 0x30, 0x00, 0xBC, 0x00, 0x01,
    0xD6, 0x00, 0x00, 0x00, 0x00, 0x00, 0x00, 0x00, 0x00, 0x00, 0x00, 0x00,
    0x00, 0x00, 0x00, 0x00, 0x00, 0x00, 0x00, 0x00, 0x00, 0x00, 0x00, 0x00,
    0x00, 0x00, 0x00, 0x03, 0xBE, 0xEA, 0x20, 0x2E, 0xC5, 0x5C, 0xC0, 0x14,
    0x10, 0x05, 0xF1, 0x02, 0xAE, 0xFF, 0xF2, 0x0C, 0xD6, 0x37, 0xF2, 0x3F,
    0x40, 0x05, 0xF2, 0x4F, 0x30, 0x07, 0xF2, 0x1E, 0xB4, 0x7F, 0xF3, 0x04,
    0xCF, 0xC5, 0xD4, 0x5F, 0x20, 0x00, 0x00, 0x05, 0xF2, 0x00, 0x00, 0x00,
    0x5F, 0x20, 0x00, 0x00, 0x05, 0xF6, 0xCF, 0xD6, 0x00, 0x5F, 0xE6, 0x49,
    0xF6, 0x05, 0xF4, 0x00, 0x0B, 0xC0, 0x5F, 0x20, 0x00, 0x7F, 0x15, 0xF2,
    0x00, 0x05, 0xF2, 0x5F, 0x20, 0x00, 0x7F, 0x15, 0xF4, 0x00, 0x0B, 0xC0,
    0x5F, 0xE6, 0x49, 0xF5, 0x05, 0xF4, 0xCF, 0xD6, 0x00, 0x00, 0x6C, 0xFD,
    0x80, 0x00, 0x7F, 0x84, 0x7E, 0x90, 0x0E, 0x80, 0x00, 0x7F, 0x13, 0xF4,
    0x00, 0x01, 0x20, 0x5F, 0x20, 0x00, 0x00, 0x03, 0xF4, 0x00, 0x00, 0x00,
    0x0E, 0x80, 0x00, 0x6E, 0x10, 0x7F, 0x74, 0x7E, 0x90, 0x00, 0x6D, 0xFD,
    0x70, 0x00, 0x00, 0x00, 0x00, 0x5F, 0x20, 0x00, 0x00, 0x05, 0xF2, 0x00,
    0x00, 0x00, 0x5F, 0x20, 0x07, 0xDF, 0xB7, 0xF2, 0x08, 0xF8, 0x47, 0xFF,
    0x21, 0xE8, 0x00, 0x06, 0xF2, 0x3F, 0x40, 0x00, 0x5F, 0x24, 0xF2, 0x00,
    0x05, 0xF2, 0x3F, 0x40, 0x00, 0x5F, 0x20, 0xE8, 0x00, 0x06, 0xF2, 0x07,
    0xF8, 0x47, 0xFF, 0x20, 0x07, 0xDF, 0xB6, 0xF2, 0x00, 0x5C, 0xED, 0x60,
    0x00, 0x6F, 0x94, 0x7F, 0x50, 0x0E, 0xA0, 0x00, 0x9C, 0x03, 0xF5, 0x00,
    0x06, 0xF1, 0x4F, 0xFF, 0xFF, 0xFF, 0x24, 0xF5, 0x33, 0x33, 0x30, 0x1E,
    0x80, 0x00, 0x01, 0x00, 0x7F, 0x84, 0x5C, 0xB0, 0x00, 0x6C, 0xFE, 0x91,
    0x00, 0x00, 0x00, 0x00, 0x00, 0x00, 0x5D, 0xE0, 0x00, 0x1E, 0xA4, 0x00,
    0x04, 0xF3, 0x00, 0x00, 0x5F, 0x20, 0x00, 0xFF, 0xFF, 0xF0, 0x04, 0x7F,
    0x54, 0x00, 0x05, 0xF2, 0x00, 0x00, 0x5F, 0x20, 0x00, 0x05, 0xF2, 0x00,
    0x00, 0x5F, 0x20, 0x00, 0x05, 0xF2, 0x00, 0x00, 0x5F, 0x20, 0x00, 0x05,
    0xF2, 0x00, 0x00, 0x7D, 0xFB, 0x5F, 0x20, 0x8F, 0x84, 0x7E, 0xF2, 0x1E,
    0x80, 0x00, 0x6F, 0x23, 0xF4, 0x00, 0x05, 0xF2, 0x4F, 0x20, 0x00, 0x5F,
    0x23, 0xF4, 0x00, 0x05, 0xF2, 0x1E, 0x80, 0x00, 0x7F, 0x20, 0x8F, 0x74,
    0x7F, 0xF2, 0x00, 0x7E, 0xFB, 0x7F, 0x20, 0x10, 0x00, 0x08, 0xE0, 0x09,
    0xB6, 0x47, 0xF8, 0x00, 0x18, 0xDF, 0xD7, 0x00, 0x5F, 0x20, 0x00, 0x00,
    0x5F, 0x20, 0x00, 0x00, 0x5F, 0x20, 0x00, 0x00, 0x5F, 0x5C, 0xFC, 0x30,
    0x5F, 0xE6, 0x5D, 0xC0, 0x5F, 0x50, 0x06, 0xF1, 0x5F, 0x20, 0x05, 0xF2,
    0x5F, 0x20, 0x05, 0xF2, 0x5F, 0x20, 0x05, 0xF2, 0x5F, 0x20, 0x05, 0xF2,
    0x5F, 0x20, 0x05, 0xF2, 0x5F, 0x20, 0x05, 0xF2, 0x3E, 0x10, 0x20, 0x00,
    0x05, 0xF2, 0x5F, 0x25, 0xF2, 0x5F, 0x25, 0xF2, 0x5F, 0x25, 0xF2, 0x5F,
    0x25, 0xF2, 0x03, 0xE1, 0x00, 0x20, 0x00, 0x00, 0x05, 0xF2, 0x05, 0xF2,
    0x05, 0xF2, 0x05, 0xF2, 0x05, 0xF2, 0x05, 0xF2, 0x05, 0xF2, 0x05, 0xF2,
    0x05, 0xF2, 0x05, 0xF2, 0x4A, 0xF0, 0xBE, 0x60, 0x5F, 0x20, 0x00, 0x00,
    0x5F, 0x20, 0x00, 0x00, 0x5F, 0x20, 0x00, 0x00, 0x5F, 0x20, 0x1D, 0xC1,
    0x5F, 0x20, 0xBD, 0x10, 0x5F, 0x2A, 0xE2, 0x00, 0x5F, 0xAF, 0x40, 0x00,
    0x5F, 0xFF, 0x80, 0x00, 0x5F, 0x77, 0xF4, 0x00, 0x5F, 0x20, 0xBD, 0x10,
    0x5F, 0x20, 0x2E, 0xA0, 0x5F, 0x20, 0x06, 0xF5, 0x05, 0xF2, 0x05, 0xF2,
    0x05, 0xF2, 0x05, 0xF2, 0x05, 0xF2, 0x05, 0xF2, 0x05, 0xF2, 0x05, 0xF2,
    0x05, 0xF2, 0x05, 0xF2, 0x05, 0xF2, 0x05, 0xF2, 0x5F, 0x5C, 0xFC, 0x34,
    0xDE, 0xB2, 0x05, 0xFD, 0x55, 0xDE, 0xD5, 0x5D, 0xC0, 0x5F, 0x30, 0x06,
    0xF4, 0x00, 0x6F, 0x15, 0xF2, 0x00, 0x5F, 0x20, 0x05, 0xF2, 0x5F, 0x20,
    0x05, 0xF2, 0x00, 0x5F, 0x25, 0xF2, 0x00, 0x5F, 0x20, 0x05, 0xF2, 0x5F,
    0x20, 0x05, 0xF2, 0x00, 0x5F, 0x25, 0xF2, 0x00, 0x5F, 0x20, 0x05, 0xF2,
    0x5F, 0x20, 0x05, 0xF2, 0x00, 0x5F, 0x20, 0x5F, 0x4C, 0xEC, 0x30, 0x5F,
    0xE6, 0x5D, 0xC0, 0x5F, 0x50, 0x06, 0xF1, 0x5F, 0x20, 0x05, 0xF2, 0x5F,
    0x20, 0x05, 0xF2, 0x5F, 0x20, 0x05, 0xF2, 0x5F, 0x20, 0x05, 0xF2, 0x5F,
    0x20, 0x05, 0xF2, 0x5F, 0x20, 0x05, 0xF2, 0x00, 0x6D, 0xEC, 0x40, 0x00,
    0x7F, 0x74, 0x9F, 0x40, 0x0E, 0x90, 0x00, 0xBC, 0x03, 0xF4, 0x00, 0x06,
    0xF1, 0x4F, 0x20, 0x00, 0x5F, 0x23, 0xF4, 0x00, 0x07, 0xF1, 0x0E, 0x80,
    0x00, 0xBC, 0x00, 0x7F, 0x74, 0x9F, 0x40, 0x00, 0x6D, 0xFC, 0x40, 0x00,
    0x5F, 0x4C, 0xFD, 0x60, 0x05, 0xFD, 0x64, 0xAF, 0x60, 0x5F, 0x30, 0x00,
    0xBC, 0x05, 0xF2, 0x00, 0x06, 0xF1, 0x5F, 0x20, 0x00, 0x5F, 0x25, 0xF2,
    0x00, 0x06, 0xF1, 0x5F, 0x30, 0x00, 0xBC, 0x05, 0xFD, 0x54, 0xAF, 0x50,
    0x5F, 0x6C, 0xFD, 0x60, 0x05, 0xF2, 0x00, 0x00, 0x00, 0x5F, 0x20, 0x00,
    0x00, 0x05, 0xF2, 0x00, 0x00, 0x00, 0x00, 0x7D, 0xFB, 0x6F, 0x20, 0x8F,
    0x84, 0x6E, 0xF2, 0x1E, 0x90, 0x00, 0x6F, 0x23, 0xF4, 0x00, 0x05, 0xF2,
    0x4F, 0x20, 0x00, 0x5F, 0x23, 0xF4, 0x00, 0x05, 0xF2, 0x1E, 0x80, 0x00,
    0x6F, 0x20, 0x8F, 0x84, 0x6E, 0xF2, 0x00, 0x7D, 0xEB, 0x7F, 0x20, 0x00,
    0x00, 0x05, 0xF2, 0x00, 0x00, 0x00, 0x5F, 0x20, 0x00, 0x00, 0x05, 0xF2,
    0x5F, 0x7E, 0xB5, 0xFD, 0x53, 0x5F, 0x30, 0x05, 0xF2, 0x00, 0x5F, 0x20,
    0x05, 0xF2, 0x00, 0x5F, 0x20, 0x05, 0xF2, 0x00, 0x5F, 0x20, 0x00, 0x00,
    0x3B, 0xEE, 0xA1, 0x00, 0x1E, 0xB4, 0x5D, 0xC0, 0x04, 0xF3, 0x00, 0x5B,
    0x10, 0x1E, 0xB5, 0x10, 0x00, 0x00, 0x2A, 0xEF, 0xA2, 0x00, 0x00, 0x00,
    0x4C, 0xD0, 0x0A, 0xC0, 0x00, 0x6F, 0x10, 0x6F, 0xA4, 0x5C, 0xC0, 0x00,
    0x6C, 0xFE, 0xA2, 0x00, 0x00, 0x5F, 0x20, 0x00, 0x05, 0xF2, 0x00, 0x0F,
    0xFF, 0xFF, 0x00, 0x47, 0xF5, 0x40, 0x00, 0x5F, 0x20, 0x00, 0x05, 0xF2,
    0x00, 0x00, 0x5F, 0x20, 0x00, 0x05, 0xF2, 0x00, 0x00, 0x5F, 0x20, 0x00,
    0x03, 0xF8, 0x40, 0x00, 0x09, 0xEE, 0x00, 0x5F, 0x20, 0x05, 0xF2, 0x5F,
    0x20, 0x05, 0xF2, 0x5F, 0x20, 0x05, 0xF2, 0x5F, 0x20, 0x05, 0xF2, 0x5F,
    0x20, 0x05, 0xF2, 0x5F, 0x20, 0x05, 0xF2, 0x3F, 0x30, 0x06, 0xF2, 0x1E,
    0xB4, 0x6E, 0xF2, 0x04, 0xDF, 0xC7, 0xF2, 0x9D, 0x00, 0x03, 0xF4, 0x3F,
    0x30, 0x07, 0xE0, 0x0D, 0x80, 0x0C, 0x90, 0x08, 0xD0, 0x1F, 0x40, 0x03,
    0xF2, 0x6E, 0x00, 0x00, 0xD7, 0xA9, 0x00, 0x00, 0x8C, 0xE4, 0x00, 0x00,
    0x3F, 0xE0, 0x00, 0x00, 0x0D, 0x90, 0x00, 0x8E, 0x00, 0x0B, 0xB0, 0x00,
    0xE8, 0x4F, 0x20, 0x1F, 0xF1, 0x02, 0xF4, 0x0E, 0x60, 0x5D, 0xE5, 0x06,
    0xE0, 0x0B, 0xA0, 0x99, 0xA9, 0x09, 0xB0, 0x06, 0xD0, 0xD4, 0x5D, 0x0D,
    0x60, 0x02, 0xF5, 0xE0, 0x1F, 0x4F, 0x20, 0x00, 0xDD, 0xB0, 0x0B, 0xCD,
    0x00, 0x00, 0x9F, 0x60, 0x06, 0xF9, 0x00, 0x00, 0x5F, 0x20, 0x02, 0xF5,
    0x00, 0x4F, 0x50, 0x07, 0xF3, 0x0A, 0xD1, 0x1E, 0x80, 0x01, 0xE7, 0x9D,
    0x10, 0x00, 0x6E, 0xF5, 0x00, 0x00, 0x0E, 0xD0, 0x00, 0x00, 0x7E, 0xF6,
    0x00, 0x02, 0xF7, 0x8E, 0x10, 0x0B, 0xD0, 0x1E, 0xA0, 0x5F, 0x50, 0x06,
    0xF4, 0xAE, 0x00, 0x05, 0xF3, 0x4F, 0x40, 0x0A, 0xD0, 0x0E, 0x90, 0x0E,
    0x80, 0x09, 0xE0, 0x4F, 0x30, 0x03, 0xF4, 0x8C, 0x00, 0x00, 0xD9, 0xD7,
    0x00, 0x00, 0x8E, 0xF2, 0x00, 0x00, 0x2F, 0xC0, 0x00, 0x00, 0x0E, 0x70,
    0x00, 0x00, 0x3F, 0x20, 0x00, 0x26, 0xDA, 0x00, 0x00, 0x5F, 0xB1, 0x00,
    0x00, 0x0F, 0xFF, 0xFF, 0xFF, 0x00, 0x44, 0x44, 0x8F, 0xA0, 0x00, 0x00,
    0x2E, 0xD1, 0x00, 0x00, 0x0C, 0xE3, 0x00, 0x00, 0x08, 0xF5, 0x00, 0x00,
    0x04, 0xF9, 0x00, 0x00, 0x01, 0xEC, 0x00, 0x00, 0x00, 0xBF, 0x54, 0x44,
    0x40, 0x0F, 0xFF, 0xFF, 0xFF, 0x00, 0x00, 0x01, 0x30, 0x04, 0xE8, 0x00,
    0xE9, 0x00, 0x3F, 0x30, 0x05, 0xF2, 0x00, 0x5F, 0x20, 0x05, 0xF1, 0x01,
    0xBC, 0x00, 0xCF, 0x30, 0x03, 0xDB, 0x00, 0x06, 0xF1, 0x00, 0x5F, 0x20,
    0x05, 0xF2, 0x00, 0x3F, 0x30, 0x01, 0xE7, 0x00, 0x06, 0xE6, 0x00, 0x03,
    0x50, 0x05, 0xF2, 0x00, 0x5F, 0x20, 0x05, 0xF2, 0x00, 0x5F, 0x20, 0x05,
    0xF2, 0x00, 0x5F, 0x20, 0x05, 0xF2, 0x00, 0x5F, 0x20, 0x05, 0xF2, 0x00,
    0x5F, 0x20, 0x05, 0xF2, 0x00, 0x5F, 0x20, 0x05, 0xF2, 0x00, 0x5F, 0x20,
    0x41, 0x00, 0x0A, 0xD2, 0x00, 0x0B, 0xB0, 0x00, 0x6F, 0x00, 0x05, 0xF2,
    0x00, 0x5F, 0x20, 0x04, 0xF3, 0x00, 0x1E, 0x91, 0x00, 0x4F, 0xA0, 0x0D,
    0xB3, 0x04, 0xF3, 0x00, 0x5F, 0x20, 0x05, 0xF2, 0x00, 0x6F, 0x10, 0x0A,
    0xC0, 0x08, 0xE4, 0x00, 0x62, 0x00, 0x00, 0x00, 0x00, 0x00, 0x00, 0x00,
    0x00, 0x4D, 0xFB, 0x20, 0x06, 0xF1, 0x1E, 0xA4, 0xAE, 0x52, 0xCC, 0x04,
    0xE3, 0x00, 0x7F, 0xFD, 0x30, 0x00, 0x00, 0x00, 0x13, 0x00, 0x00, 0x00,
    0x00, 0x00, 0x00, 0x00, 0x00, 0x00, 0x00, 0x00, 0x00, 0x00, 0x00, 0x00,
    0x00, 0x00, 0x00, 0x00, 0x00, 0x02, 0xB1, 0x0C, 0x60, 0x3F, 0x60, 0x1D,
    0xD0, 0x00, 0x00, 0x24, 0x00, 0x00, 0x08, 0xB0, 0x00, 0x00, 0xD6, 0x00,
    0x00, 0x3F, 0x10, 0x00, 0x08, 0xA0, 0x00, 0x00, 0xD5, 0x00, 0x00, 0x3E,
    0x10, 0x00, 0x09, 0xA0, 0x00, 0x00, 0xE5, 0x00, 0x00, 0x4E, 0x00, 0x00,
    0x09, 0x90, 0x00, 0x00, 0xE4, 0x00, 0x00, 0x4E, 0x00, 0x00, 0x03, 0x60,
    0x00, 0x00, 0x00, 0x00, 0x01, 0x00, 0x00, 0x00, 0x8F, 0xB0, 0x04, 0x78,
    0x9A, 0xF0, 0x05, 0xFF, 0xFF, 0xA0, 0x06, 0xE2, 0x43, 0x00, 0x00, 0x20,
    0x00, 0x00, 0x00, 0x00, 0x00, 0x00, 0x00, 0x00, 0x00, 0x00, 0x00, 0x00,
    0x00, 0x00, 0x00, 0x00, 0x00, 0x00, 0x00, 0x00, 0x00, 0x00, 0x00, 0x00,
    0x00, 0x00, 0x00, 0x00, 0x00, 0x00, 0x00, 0x00, 0x00, 0x00, 0x00, 0x00,
    0x10, 0x00, 0x2D, 0xF6, 0x00, 0x7A, 0x55, 0x3A, 0x68, 0x36, 0x1F, 0xFF,
    0xC5, 0x1C, 0x42, 0x00, 0x02, 0x00, 0x00, 0x00, 0x00, 0x00, 0x00, 0x00,
    0x00, 0x00, 0x00, 0x00, 0x00, 0x00, 0x00, 0x00, 0x00, 0x00, 0x00, 0x00,
    0x00, 0x00, 0x00, 0x00, 0x00, 0x00, 0x00, 0x00, 0x10, 0x00, 0x00, 0x00,
    0x9F, 0xA1, 0x00, 0x00, 0x1C, 0x78, 0xD7, 0x00, 0x00, 0x18, 0xB7, 0x34,
    0x70, 0x0B, 0x80, 0x00, 0x5E, 0x02, 0xF2, 0x00, 0x06, 0xF0, 0x2F, 0xA3,
    0x16, 0xE9, 0x00, 0x7E, 0xFD, 0xA7, 0x00, 0x00, 0x03, 0x40, 0x00, 0x00,
    0x00, 0x00, 0x00, 0x00, 0x00, 0x00, 0x00, 0x00, 0x00, 0x00, 0x00, 0x00,
    0x00, 0x00, 0x00, 0x00, 0x00, 0x00, 0x00, 0x00, 0x00, 0x00, 0x00, 0x00,
    0x00, 0x00, 0x00, 0x00, 0x00, 0x00, 0x00, 0x01, 0x20, 0x00, 0x00, 0x4F,
    0x11, 0x00, 0x04, 0xF6, 0xFA, 0x00, 0x4F, 0x89, 0xF0, 0x3B, 0xD9, 0xDD,
    0x05, 0xDD, 0xC9, 0x20, 0x00, 0x00, 0x00, 0x00, 0x00, 0x00, 0x00, 0x00,
    0x00, 0x00, 0x00, 0x00, 0x00, 0x00, 0x00, 0x00, 0x00, 0x00, 0x00, 0x00,
    0x00, 0x00, 0x00, 0x00, 0x00, 0x00, 0x00, 0x00, 0x00, 0x00, 0x00, 0x00,
    0x00, 0x00, 0x00, 0x00, 0x70, 0x0A, 0x70, 0x2F, 0x30, 0x2F, 0xE0, 0x03,
    0x30, 0x01, 0x00, 0x2E, 0xB0, 0x1D, 0xA0, 0x02, 0xBE, 0xD8, 0x10, 0xDD,
    0x78, 0xC0, 0x3F, 0x20, 0x00, 0x01, 0xF6, 0x00, 0x00, 0x07, 0xE2, 0x00,
    0x00, 0x09, 0xA0, 0x00, 0x00, 0x2E, 0x00, 0x00, 0x01, 0x80, 0x00, 0x00,
    0x00, 0x00, 0x00, 0x00, 0xDC, 0x00, 0x00, 0x0C, 0xB0, 0x00, 0x00, 0x01,
    0x00, 0x05, 0xEF, 0xB0, 0x1F, 0xA5, 0x70, 0x3F, 0x20, 0x00, 0x0D, 0xA4,
    0x93, 0x19, 0xFF, 0xC2, 0x9D, 0x71, 0x00, 0x20, 0x00, 0x00, 0x00, 0x10,
    0x01, 0x00, 0xAF, 0x94, 0xD2, 0x7D, 0x6D, 0xF9, 0x03, 0x20, 0x03, 0x00,
    0x00, 0x4F, 0x10, 0x00, 0x04, 0xF1, 0x00, 0x00, 0x4F, 0x10, 0x00, 0x04,
    0xF1, 0x00, 0x00, 0x4F, 0x10, 0x00, 0x04, 0xF1, 0x00, 0x00, 0x4F, 0x10,
    0x00, 0x04, 0xF1, 0x00, 0x00, 0x4F, 0x10, 0x00, 0x04, 0xF1, 0x00, 0x00,
    0x10, 0x0C, 0xF6, 0x3F, 0x73, 0x1D, 0xA7, 0x46, 0x20, 0x04, 0xF1, 0x04,
    0xF1, 0x04, 0xF1, 0x04, 0xF1, 0x04, 0xF1, 0x04, 0xF1, 0x04, 0xF1, 0x04,
    0xF1, 0x04, 0xF1, 0x04, 0xF1, 0x00, 0x6E, 0x50, 0x00, 0x0D, 0x93, 0x00,
    0x00, 0xA6, 0x50, 0x00, 0x1B, 0x82, 0x00, 0x00, 0x01, 0x00, 0x00, 0x2D,
    0xFA, 0x00, 0x0C, 0xB6, 0xE6, 0x02, 0xF3, 0x08, 0xC0, 0x3F, 0x20, 0x5E,
    0x01, 0xFB, 0x7A, 0xF1, 0x05, 0xDF, 0xEF, 0x00, 0x00, 0x08, 0xB0, 0x00,
    0x04, 0xE5, 0x00, 0x49, 0xF9, 0x00, 0x0E, 0xC5, 0x00, 0x00, 0x10, 0x00,
    0x00, 0x00, 0xE1, 0x00, 0xE1, 0x00, 0xE1, 0x00, 0xE1, 0x00, 0xE1, 0x00,
    0xE1, 0x00, 0xE1, 0x00, 0xE1, 0x00, 0xE1, 0x00, 0xE1, 0x00, 0xE1, 0x00,
    0x10, 0x0B, 0xF5, 0x3F, 0x83, 0x1E, 0x66, 0x4D, 0x93, 0x11, 0x00, 0x00,
    0x01, 0x00, 0x00, 0x00, 0x00, 0x08, 0xF7, 0x00, 0x00, 0x00, 0x00, 0xD7,
    0x30, 0x00, 0x00, 0x00, 0x09, 0xA7, 0x00, 0x01, 0x00, 0x00, 0x83, 0x00,
    0x9F, 0xFB, 0x00, 0x00, 0x00, 0x9E, 0x75, 0x50, 0x0A, 0x20, 0x1F, 0x60,
    0x00, 0x00, 0xF3, 0x03, 0xF2, 0x00, 0x00, 0x2F, 0x20, 0x2F, 0x86, 0x51,
    0x03, 0xF1, 0x00, 0x9E, 0xFF, 0xC0, 0x2F, 0x30, 0x00, 0x00, 0x6F, 0x00,
    0xE7, 0x00, 0x00, 0x08, 0xE0, 0x07, 0xF7, 0x32, 0x4A, 0xF6, 0x00, 0x08,
    0xFF, 0xFF, 0xD6, 0x00, 0x00, 0x01, 0x34, 0x20, 0x00, 0x00, 0x4F, 0x14,
    0xF1, 0x4F, 0x14, 0xF1, 0x4F, 0x14, 0xF1, 0x4F, 0x14, 0xF1, 0x4F, 0x14,
    0xF1, 0x4F, 0x10, 0x06, 0x10, 0x00, 0x00, 0x00, 0x02, 0x60, 0x2F, 0x30,
    0x00, 0x00, 0x00, 0x06, 0xE0, 0x3F, 0x20, 0x00, 0x00, 0x00, 0x04, 0xF1,
    0x2F, 0x70, 0x00, 0x00, 0x00, 0x05, 0xF0, 0x09, 0xFB, 0x87, 0x66, 0x66,
    0x9E, 0xA0, 0x00, 0x5A, 0xDE, 0xFF, 0xFE, 0xC7, 0x10, 0x00, 0x00, 0x00,
    0x00, 0x00, 0x00, 0x00, 0x00, 0x00, 0x00, 0x37, 0x00, 0x00, 0x00, 0x00,
    0x00, 0x00, 0xAE, 0x10, 0x00, 0x00, 0x00, 0x00, 0x00, 0x13, 0x00, 0x00,
    0x00, 0x00, 0x10, 0x01, 0x00, 0x08, 0xE2, 0xAC, 0x10, 0x04, 0x90, 0x58,
    0x00, 0x00, 0x00, 0x00, 0x00, 0x00, 0x4D, 0x30, 0x00, 0x00, 0x9F, 0xE5,
    0x00, 0x06, 0xF6, 0xAF, 0x40, 0x1E, 0x70, 0x0A, 0xD0, 0x3F, 0x20, 0x05,
    0xF0, 0x1E, 0xC7, 0x7D, 0xB0, 0x03, 0xBE, 0xEA, 0x10, 0x00, 0x00, 0x05,
    0x11, 0x50, 0x00, 0x00, 0x00, 0x00, 0x2F, 0x88, 0xF2, 0x00, 0x00, 0x06,
    0x10, 0x04, 0x01, 0x40, 0x02, 0x60, 0x2F, 0x30, 0x00, 0x00, 0x00, 0x06,
    0xE0, 0x3F, 0x20, 0x00, 0x00, 0x00, 0x04, 0xF1, 0x2F, 0x70, 0x00, 0x00,
    0x00, 0x05, 0xF0, 0x09, 0xFB, 0x87, 0x66, 0x66, 0x9E, 0xA0, 0x00, 0x5A,
    0xDE, 0xFF, 0xFE, 0xC7, 0x10, 0x00, 0x00, 0x00, 0x76, 0x00, 0x00, 0x00,
    0x00, 0x00, 0x00, 0xA9, 0x00, 0x00, 0x00, 0x00, 0x00, 0x1A, 0x33, 0xA0,
    0x00, 0x00, 0x06, 0x10, 0x2D, 0x45, 0xC1, 0x02, 0x60, 0x2F, 0x30, 0x00,
    0x00, 0x00, 0x06, 0xE0, 0x3F, 0x20, 0x00, 0x00, 0x00, 0x04, 0xF1, 0x2F,
    0x70, 0x00, 0x00, 0x00, 0x05, 0xF0, 0x09, 0xFB, 0x87, 0x66, 0x66, 0x9E,
    0xA0, 0x00, 0x5A, 0xDE, 0xFF, 0xFE, 0xC7, 0x10, 0x00, 0x01, 0x00, 0x00,
    0x00, 0x00, 0x3C, 0xFE, 0x81, 0x00, 0x00, 0x1E, 0xC5, 0x8E, 0xFA, 0x41,
    0x00, 0x51, 0x00, 0x4D, 0xFF, 0xB0, 0x00, 0x05, 0xCF, 0xEA, 0x74, 0x00,
    0x08, 0xFB, 0x40, 0x00, 0x00, 0x06, 0xF7, 0x00, 0x00, 0x00, 0x00, 0xD9,
    0x00, 0x16, 0x00, 0x00, 0x2F, 0x30, 0x08, 0xF4, 0x00, 0x03, 0xF2, 0x00,
    0x05, 0x00, 0x00, 0x1F, 0x80, 0x00, 0x00, 0x00, 0x00, 0x8F, 0xA4, 0x22,
    0x47, 0x80, 0x00, 0x7E, 0xFF, 0xFF, 0xE9, 0x00, 0x00, 0x02, 0x44, 0x20,
    0x00, 0x00, 0x01, 0x00, 0x00, 0x00, 0x00, 0x3C, 0xFE, 0x81, 0x00, 0x00,
    0x1E, 0xC5, 0x8E, 0xFA, 0x41, 0x00, 0x51, 0x00, 0x4D, 0xFF, 0xB0, 0x00,
    0x05, 0xCF, 0xEA, 0x74, 0x00, 0x08, 0xFB, 0x40, 0x00, 0x00, 0x06, 0xF7,
    0x00, 0x00, 0x00, 0x00, 0xD9, 0x00, 0x00, 0x00, 0x00, 0x2F, 0x30, 0x00,
    0x00, 0x00, 0x03, 0xF2, 0x00, 0x00, 0x00, 0x00, 0x1F, 0x80, 0x00, 0x00,
    0x00, 0x00, 0x8F, 0xA4, 0x22, 0x47, 0x80, 0x00, 0x7E, 0xFF, 0xFF, 0xE9,
    0x00, 0x00, 0x02, 0x44, 0x20, 0x00, 0x00, 0x00, 0x50, 0x00, 0x00, 0x00,
    0x00, 0x6F, 0x60, 0x00, 0x00, 0x00, 0x00, 0x60, 0x00, 0x00, 0x00, 0x00,
    0x10, 0x00, 0x00, 0x00, 0x03, 0xCF, 0xE8, 0x10, 0x00, 0x01, 0xEC, 0x58,
    0xEF, 0xA4, 0x10, 0x05, 0x10, 0x04, 0xDF, 0xFB, 0x00, 0x00, 0x5C, 0xFE,
    0xA7, 0x40, 0x00, 0x8F, 0xB4, 0x00, 0x00, 0x00, 0x6F, 0x70, 0x00, 0x00,
    0x00, 0x0D, 0x90, 0x00, 0x00, 0x00, 0x02, 0xF3, 0x00, 0x00, 0x00, 0x00,
    0x3F, 0x20, 0x00, 0x00, 0x00, 0x01, 0xF8, 0x00, 0x00, 0x00, 0x00, 0x08,
    0xFA, 0x42, 0x24, 0x78, 0x00, 0x07, 0xEF, 0xFF, 0xFE, 0x90, 0x00, 0x00,
    0x24, 0x42, 0x00, 0x00, 0x00, 0x14, 0x00, 0x00, 0x00, 0x6F, 0xA1, 0x00,
    0x00, 0x06, 0xED, 0x10, 0x00, 0x00, 0x2E, 0x90, 0x00, 0x00, 0x06, 0xE0,
    0x00, 0x00, 0x06, 0xF0, 0x28, 0x67, 0xAF, 0xA0, 0x3D, 0xFE, 0xC8, 0x10,
    0x00, 0x97, 0x00, 0x00, 0x01, 0xCB, 0x00, 0x00, 0x00, 0x10, 0x00, 0x00,
    0x00, 0x14, 0x00, 0x00, 0x00, 0x6F, 0xA1, 0x00, 0x00, 0x06, 0xED, 0x10,
    0x00, 0x00, 0x2E, 0x90, 0x00, 0x00, 0x06, 0xE0, 0x00, 0x00, 0x06, 0xF0,
    0x28, 0x67, 0xAF, 0xA0, 0x3D, 0xFE, 0xC8, 0x10, 0x00, 0x00, 0x10, 0x00,
    0x0A, 0xB0, 0x00, 0x07, 0xE0, 0x00, 0x05, 0xF1, 0x00, 0x05, 0xF0, 0x00,
    0x08, 0xD0, 0x00, 0x2E, 0x70, 0x16, 0xEC, 0x00, 0x8E, 0x81, 0x00, 0x10,
    0x00, 0x00, 0x00, 0x00, 0x00, 0x00, 0x1C, 0x30, 0x00, 0x3E, 0x50, 0x00,
    0x01, 0x00, 0x00, 0x00, 0x10, 0x00, 0x0A, 0xB0, 0x00, 0x07, 0xE0, 0x00,
    0x05, 0xF1, 0x00, 0x05, 0xF0, 0x00, 0x08, 0xD0, 0x00, 0x2E, 0x70, 0x16,
    0xEC, 0x00, 0x8E, 0x81, 0x00, 0x10, 0x00, 0x00, 0x00, 0x00, 0x00, 0x00,
    0x00, 0x00, 0x00, 0x00, 0x25, 0x00, 0x00, 0x00, 0x00, 0x00, 0x10, 0x02,
    0x70, 0x07, 0xE0, 0x08, 0x40, 0x00, 0x00, 0xC9, 0x00, 0x4F, 0x00, 0x5F,
    0x00, 0xE6, 0x00, 0x00, 0x09, 0xD0, 0x05, 0xF2, 0x05, 0xE0, 0x2F, 0x30,
    0x00, 0x00, 0x6F, 0xB7, 0xCF, 0xC7, 0xDB, 0x03, 0xF2, 0x00, 0x00, 0x04,
    0xFC, 0xFA, 0x3C, 0xFC, 0x20, 0x3F, 0x30, 0x00, 0x00, 0x5F, 0x00, 0x00,
    0x00, 0x00, 0x00, 0xE8, 0x00, 0x00, 0x0A, 0xB0, 0x00, 0x00, 0x00, 0x00,
    0x07, 0xF8, 0x32, 0x4A, 0xF4, 0x00, 0x00, 0x00, 0x00, 0x00, 0x08, 0xEF,
    0xFF, 0xD5, 0x00, 0x00, 0x00, 0x00, 0x00, 0x00, 0x01, 0x34, 0x30, 0x00,
    0x00, 0x00, 0x00, 0x00, 0x00, 0x00, 0x00, 0x00, 0x00, 0x00, 0x00, 0x00,
    0x00, 0x00, 0x00, 0x00, 0x00, 0x00, 0x00, 0x00, 0x0A, 0xA0, 0x00, 0x00,
    0x00, 0x00, 0x00, 0x00, 0x00, 0x01, 0x55, 0x10, 0x00, 0x00, 0x00, 0x00,
    0x00, 0x00, 0x01, 0xD7, 0x6E, 0x30, 0x00, 0x00, 0x00, 0x00, 0x00, 0x00,
    0x07, 0x22, 0x80, 0x00, 0x00, 0x00, 0x00, 0x00, 0x00, 0x00, 0x00, 0x00,
    0x02, 0x50, 0x00, 0x00, 0x00, 0x00, 0x01, 0x00, 0x27, 0x00, 0x7E, 0x00,
    0x84, 0x00, 0x00, 0x0C, 0x90, 0x04, 0xF0, 0x05, 0xF0, 0x0E, 0x60, 0x00,
    0x00, 0x9D, 0x00, 0x5F, 0x20, 0x5E, 0x02, 0xF3, 0x00, 0x00, 0x06, 0xFB,
    0x7C, 0xFC, 0x7D, 0xB0, 0x3F, 0x20, 0x00, 0x00, 0x4F, 0xCF, 0xA3, 0xCF,
    0xC2, 0x03, 0xF3, 0x00, 0x00, 0x05, 0xF0, 0x00, 0x00, 0x00, 0x00, 0x0E,
    0x80, 0x00, 0x00, 0xAB, 0x00, 0x00, 0x00, 0x00, 0x00, 0x7F, 0x83, 0x24,
    0xAF, 0x40, 0x00, 0x00, 0x00, 0x00, 0x00, 0x8E, 0xFF, 0xFD, 0x50, 0x00,
    0x00, 0x00, 0x00, 0x00, 0x00, 0x13, 0x43, 0x00, 0x00, 0x00, 0x00, 0x00,
    0x00, 0x00, 0x00, 0x00, 0x00, 0x00, 0x00, 0x00, 0x01, 0x10, 0x00, 0x00,
    0x00, 0x00, 0x00, 0x00, 0x00, 0x02, 0xAF, 0xFB, 0x20, 0x00, 0x00, 0x00,
    0x00, 0x00, 0x00, 0x2E, 0xD7, 0x6D, 0xB0, 0x06, 0x30, 0x00, 0x00, 0xA8,
    0x01, 0xDC, 0x10, 0x05, 0xF0, 0x0E, 0x70, 0x00, 0x00, 0xAD, 0x09, 0xD1,
    0x00, 0x08, 0xE0, 0x2F, 0x30, 0x00, 0x00, 0x6F, 0x9F, 0x96, 0x78, 0xCF,
    0x70, 0x3F, 0x20, 0x00, 0x00, 0x4F, 0xBE, 0xFF, 0xED, 0xA4, 0x00, 0x3F,
    0x20, 0x00, 0x00, 0x5F, 0x00, 0x00, 0x00, 0x00, 0x00, 0x0E, 0x70, 0x00,
    0x00, 0xAB, 0x00, 0x00, 0x00, 0x00, 0x00, 0x08, 0xF8, 0x32, 0x4A, 0xF4,
    0x00, 0x00, 0x00, 0x00, 0x00, 0x00, 0x8E, 0xFF, 0xFD, 0x50, 0x00, 0x00,
    0x00, 0x00, 0x00, 0x00, 0x01, 0x34, 0x30, 0x00, 0x00, 0x00, 0x00, 0x00,
    0x00, 0x00, 0x00, 0x00, 0x00, 0x00, 0x00, 0x00, 0x08, 0x40, 0x00, 0x00,
    0x00, 0x00, 0x00, 0x00, 0x00, 0x00, 0x1D, 0xA0, 0x00, 0x00, 0x00, 0x00,
    0x00, 0x00, 0x00, 0x00, 0x01, 0x00, 0x00, 0x00, 0x00, 0x00, 0x00, 0x00,
    0x00, 0x00, 0x01, 0x10, 0x00, 0x00, 0x00, 0x00, 0x00, 0x00, 0x00, 0x02,
    0xAF, 0xFB, 0x20, 0x00, 0x00, 0x00, 0x00, 0x00, 0x00, 0x2E, 0xD7, 0x6D,
    0xB0, 0x06, 0x30, 0x00, 0x00, 0xA8, 0x01, 0xDC, 0x10, 0x05, 0xF0, 0x0E,
    0x70, 0x00, 0x00, 0xAD, 0x09, 0xD1, 0x00, 0x08, 0xE0, 0x2F, 0x30, 0x00,
    0x00, 0x6F, 0x9F, 0x96, 0x78, 0xCF, 0x70, 0x3F, 0x20, 0x00, 0x00, 0x4F,
    0xBE, 0xFF, 0xED, 0xA4, 0x00, 0x3F, 0x20, 0x00, 0x00, 0x5F, 0x00, 0x00,
    0x00, 0x00, 0x00, 0x0E, 0x70, 0x00, 0x00, 0xAB, 0x00, 0x00, 0x00, 0x00,
    0x00, 0x08, 0xF8, 0x32, 0x4A, 0xF4, 0x00, 0x00, 0x00, 0x00, 0x00, 0x00,
    0x8E, 0xFF, 0xFD, 0x50, 0x00, 0x00, 0x00, 0x00, 0x00, 0x00, 0x01, 0x34,
    0x30, 0x00, 0x00, 0x00, 0x00, 0x00, 0x00, 0x00, 0x04, 0xF1, 0x00, 0x00,
    0x00, 0x00, 0x00, 0x4F, 0x10, 0x00, 0x00, 0x00, 0x00, 0x04, 0xF1, 0x00,
    0x00, 0x00, 0x00, 0x00, 0x4F, 0x10, 0x00, 0x00, 0x00, 0x00, 0x04, 0xF1,
    0x00, 0x10, 0x00, 0x00, 0x00, 0x4F, 0x15, 0xDF, 0xFA, 0x10, 0x00, 0x04,
    0xF9, 0xFB, 0x66, 0xDB, 0x00, 0x00, 0x4F, 0xF7, 0x00, 0x05, 0xF0, 0x00,
    0x04, 0xF7, 0x00, 0x00, 0x8E, 0x00, 0x56, 0xCD, 0x66, 0x79, 0xDF, 0x60,
    0x0B, 0xFF, 0xFF, 0xFE, 0xC9, 0x30, 0x00, 0x00, 0x04, 0xF1, 0x00, 0x10,
    0x00, 0x00, 0x00, 0x4F, 0x10, 0x2D, 0x80, 0x00, 0x00, 0x04, 0xF1, 0x01,
    0xD7, 0x00, 0x00, 0x00, 0x4F, 0x10, 0x01, 0x00, 0x00, 0x00, 0x04, 0xF1,
    0x00, 0x10, 0x00, 0x00, 0x00, 0x4F, 0x15, 0xDF, 0xFA, 0x10, 0x00, 0x04,
    0xF9, 0xFB, 0x66, 0xDB, 0x00, 0x00, 0x4F, 0xF7, 0x00, 0x05, 0xF0, 0x00,
    0x04, 0xF7, 0x00, 0x00, 0x8E, 0x00, 0x56, 0xCD, 0x66, 0x79, 0xDF, 0x60,
    0x0B, 0xFF, 0xFF, 0xFE, 0xC9, 0x30, 0x00, 0x00, 0x00, 0x01, 0x00, 0x00,
    0x00, 0x02, 0xBF, 0xE8, 0x10, 0x00, 0x0C, 0xD6, 0x7D, 0x00, 0x00, 0x2F,
    0x30, 0x00, 0x00, 0x00, 0x3F, 0x20, 0x00, 0x00, 0x00, 0x0E, 0x80, 0x12,
    0x00, 0x00, 0x09, 0xFE, 0xFF, 0x40, 0x01, 0xBF, 0xA7, 0x55, 0x10, 0x0A,
    0xC2, 0x00, 0x00, 0x00, 0x2F, 0x40, 0x00, 0x00, 0x00, 0x3F, 0x20, 0x00,
    0x00, 0x00, 0x1F, 0x60, 0x00, 0x00, 0x00, 0x09, 0xE7, 0x42, 0x36, 0x80,
    0x00, 0x8E, 0xFF, 0xFF, 0xB0, 0x00, 0x00, 0x34, 0x31, 0x00, 0x00, 0x00,
    0x05, 0x00, 0x00, 0x00, 0x00, 0x6F, 0x40, 0x00, 0x00, 0x00, 0x06, 0x00,
    0x00, 0x00, 0x00, 0x01, 0x00, 0x00, 0x00, 0x02, 0xBF, 0xE8, 0x10, 0x00,
    0x0C, 0xD6, 0x7D, 0x00, 0x00, 0x2F, 0x30, 0x00, 0x00, 0x00, 0x3F, 0x20,
    0x00, 0x00, 0x00, 0x0E, 0x80, 0x12, 0x00, 0x00, 0x09, 0xFE, 0xFF, 0x40,
    0x01, 0xBF, 0xA7, 0x55, 0x10, 0x0A, 0xC2, 0x00, 0x00, 0x00, 0x2F, 0x40,
    0x00, 0x00, 0x00, 0x3F, 0x20, 0x00, 0x00, 0x00, 0x1F, 0x60, 0x00, 0x00,
    0x00, 0x09, 0xE7, 0x42, 0x36, 0x80, 0x00, 0x8E, 0xFF, 0xFF, 0xB0, 0x00,
    0x00, 0x34, 0x31, 0x00, 0x00, 0x7B, 0x00, 0x00, 0x00, 0x00, 0x0A, 0x74,
    0x00, 0x01, 0x00, 0x01, 0x31, 0x30, 0x9F, 0xFB, 0x00, 0x00, 0x00, 0x9E,
    0x75, 0x50, 0x0A, 0x50, 0x1F, 0x60, 0x00, 0x00, 0xF5, 0x03, 0xF2, 0x00,
    0x00, 0x2F, 0x30, 0x2F, 0x86, 0x51, 0x03, 0xF1, 0x00, 0x9E, 0xFF, 0xC0,
    0x2F, 0x30, 0x00, 0x00, 0x6F, 0x00, 0xE7, 0x00, 0x00, 0x08, 0xE0, 0x07,
    0xF7, 0x32, 0x4A, 0xF6, 0x00, 0x08, 0xFF, 0xFF, 0xD6, 0x00, 0x00, 0x01,
    0x34, 0x20, 0x00, 0x00, 0x66, 0x66, 0x6F, 0xFF, 0xFF, 0x00, 0x00, 0x00,
    0x00, 0x02, 0x40, 0x00, 0x00, 0x00, 0x00, 0x00, 0x0A, 0xD0, 0x00, 0x00,
    0x00, 0x00, 0x00, 0x01, 0x30, 0x00, 0x00, 0x00, 0x00, 0x00, 0x00, 0x10,
    0x00, 0x00, 0x00, 0x00, 0x00, 0x3E, 0xFA, 0x00, 0x00, 0x00, 0x00, 0x00,
    0xDB, 0x6F, 0x70, 0x05, 0x10, 0x00, 0x02, 0xF2, 0x09, 0xC0, 0x2F, 0x30,
    0x00, 0x03, 0xF5, 0x28, 0xE0, 0x3F, 0x20, 0x00, 0x00, 0xBF, 0xFF, 0xF1,
    0x2F, 0x70, 0x00, 0x00, 0x03, 0x46, 0xF0, 0x09, 0xFC, 0x87, 0x66, 0x66,
    0x7D, 0xC0, 0x00, 0x5A, 0xDE, 0xFF, 0xFF, 0xEB, 0x20, 0x00, 0x00, 0x02,
    0x10, 0x30, 0x00, 0x00, 0x00, 0xDB, 0x6F, 0x20, 0x00, 0x00, 0x04, 0x31,
    0x60, 0x00, 0x00, 0x00, 0x00, 0x10, 0x00, 0x00, 0x00, 0x04, 0xEF, 0xA0,
    0x00, 0x41, 0x00, 0xDB, 0x6F, 0x60, 0x0D, 0x70, 0x3F, 0x20, 0x9C, 0x02,
    0xF4, 0x03, 0xF5, 0x28, 0xE0, 0x3F, 0x20, 0x0B, 0xFF, 0xFF, 0x13, 0xF2,
    0x00, 0x03, 0x46, 0xF0, 0x1E, 0x70, 0x00, 0x00, 0xAC, 0x00, 0x8F, 0x73,
    0x23, 0x9F, 0x50, 0x00, 0x9F, 0xFF, 0xFE, 0x60, 0x00, 0x00, 0x13, 0x43,
    0x00, 0x00, 0x00, 0x00, 0x00, 0x00, 0x00, 0x04, 0xF1, 0x00, 0x00, 0x00,
    0x00, 0x10, 0x04, 0xF1, 0x00, 0x00, 0x00, 0x5D, 0x90, 0x04, 0xF1, 0x00,
    0x00, 0x01, 0xE8, 0x30, 0x04, 0xF1, 0x00, 0x00, 0x00, 0xB8, 0x10, 0x04,
    0xF1, 0x0C, 0x30, 0x01, 0x26, 0xB0, 0x04, 0xF1, 0x3F, 0x20, 0x07, 0xFF,
    0x90, 0x04, 0xF1, 0x3F, 0x20, 0x01, 0x43, 0x00, 0x04, 0xF0, 0x1F, 0x80,
    0x00, 0x00, 0x00, 0x07, 0xE0, 0x07, 0xFC, 0x87, 0x66, 0x67, 0xAF, 0x90,
    0x00, 0x49, 0xDE, 0xFF, 0xFE, 0xC7, 0x00, 0x00, 0x00, 0x00, 0x04, 0xF1,
    0x00, 0x00, 0x00, 0x04, 0xF1, 0x00, 0x00, 0x00, 0x04, 0xF1, 0x00, 0x00,
    0x00, 0x04, 0xF1, 0x00, 0x00, 0x00, 0x04, 0xF1, 0x00, 0x00, 0x00, 0x04,
    0xF1, 0x00, 0x00, 0x00, 0x04, 0xF1, 0x0B, 0x60, 0x00, 0x04, 0xF1, 0x1F,
    0x50, 0x00, 0x04, 0xF1, 0x3F, 0x20, 0x00, 0x04, 0xF1, 0x3F, 0x20, 0x00,
    0x05, 0xF0, 0x1F, 0x50, 0x00, 0x09, 0xC0, 0x0B, 0xE6, 0x23, 0x8F, 0x70,
    0x01, 0xBF, 0xFF, 0xF8, 0x00, 0x00, 0x02, 0x44, 0x10, 0x00, 0x00, 0x00,
    0x00, 0x10, 0x00, 0x00, 0x00, 0x9F, 0xFA, 0x10, 0x00, 0x07, 0xF8, 0x6E,
    0x90, 0x00, 0x0E, 0xA0, 0x07, 0xE0, 0x02, 0xAF, 0x60, 0x04, 0xF0, 0x0B,
    0xFF, 0xFB, 0x7C, 0xC0, 0x2F, 0x72, 0x7C, 0xEC, 0x30, 0x3F, 0x20, 0x00,
    0x00, 0x00, 0x4F, 0x10, 0x00, 0x00, 0x00, 0x4F, 0x10, 0x00, 0x00, 0x00,
    0x4F, 0x10, 0x00, 0x00, 0x00, 0x4F, 0x10, 0x00, 0x00, 0x00, 0x00, 0x00,
    0x28, 0x00, 0x00, 0x00, 0x00, 0x08, 0xF3, 0x00, 0x00, 0x05, 0x20, 0x03,
    0x00, 0x97, 0x00, 0xE7, 0x00, 0x00, 0x0A, 0xB0, 0x2F, 0x30, 0x00, 0x00,
    0x6E, 0x03, 0xF2, 0x00, 0x00, 0x04, 0xF0, 0x3F, 0x20, 0x00, 0x00, 0x5F,
    0x00, 0xE7, 0x00, 0x00, 0x0A, 0xC0, 0x08, 0xF8, 0x32, 0x39, 0xF5, 0x00,
    0x08, 0xEF, 0xFF, 0xE5, 0x00, 0x00, 0x01, 0x34, 0x30, 0x00, 0x00, 0x00,
    0x00, 0x00, 0x00, 0x00, 0x4D, 0x30, 0x00, 0x00, 0x9F, 0xE5, 0x00, 0x06,
    0xF6, 0xAF, 0x40, 0x1E, 0x70, 0x0A, 0xD0, 0x3F, 0x20, 0x05, 0xF0, 0x1E,
    0xC7, 0x7D, 0xB0, 0x03, 0xBE, 0xEA, 0x10, 0x00, 0x01, 0x00, 0x00, 0x2D,
    0xFA, 0x00, 0x0C, 0xB6, 0xE6, 0x02, 0xF3, 0x08, 0xC0, 0x3F, 0x20, 0x5E,
    0x01, 0xFB, 0x7A, 0xF1, 0x05, 0xDF, 0xEF, 0x00, 0x00, 0x08, 0xB0, 0x00,
    0x04, 0xE5, 0x00, 0x49, 0xF9, 0x00, 0x0E, 0xC5, 0x00, 0x00, 0x10, 0x00,
    0x00, 0x00, 0x00, 0x00, 0x00, 0x10, 0x00, 0x00, 0x00, 0x09, 0xFF, 0xB0,
    0x00, 0x00, 0x09, 0xE7, 0x55, 0x00, 0xA5, 0x01, 0xF6, 0x00, 0x00, 0x0F,
    0x50, 0x3F, 0x20, 0x00, 0x02, 0xF3, 0x02, 0xF8, 0x65, 0x10, 0x3F, 0x10,
    0x09, 0xEF, 0xFC, 0x02, 0xF3, 0x00, 0x00, 0x06, 0xF0, 0x0E, 0x70, 0x00,
    0x00, 0x8E, 0x00, 0x7F, 0x73, 0x24, 0xAF, 0x60, 0x00, 0x8F, 0xFF, 0xFD,
    0x60, 0x00, 0x00, 0x13, 0x42, 0x00, 0x00, 0x00, 0x00, 0x00, 0x00, 0x10,
    0x00, 0x00, 0x00, 0x09, 0xFF, 0xB0, 0x00, 0x00, 0x09, 0xE7, 0x55, 0x00,
    0xA5, 0x01, 0xF6, 0x00, 0x00, 0x0F, 0x50, 0x3F, 0x20, 0x00, 0x02, 0xF3,
    0x02, 0xF8, 0x65, 0x10, 0x3F, 0x10, 0x09, 0xEF, 0xFC, 0x02, 0xF3, 0x00,
    0x00, 0x06, 0xF0, 0x0E, 0x70, 0x00, 0x00, 0x8E, 0x00, 0x7F, 0x73, 0x24,
    0xAF, 0x60, 0x00, 0x8F, 0xFF, 0xFD, 0x60, 0x00, 0x00, 0x13, 0x42, 0x00,
    0x00, 0x00, 0x03, 0x30, 0x60, 0x00, 0x00, 0x00, 0xBB, 0x7F, 0x30, 0x00,
    0x00, 0x02, 0x20, 0x40, 0x00, 0x00, 0x00, 0x17, 0x08, 0xA4, 0x03, 0x6B,
    0x0B, 0x50, 0x00, 0x00, 0x00, 0x00, 0x00, 0x00, 0x00, 0x00, 0x00, 0x00,
    0x00, 0x00, 0x00, 0x00, 0x00, 0x00, 0x00, 0x00, 0x10, 0x01, 0x0A, 0xD1,
    0x3F, 0xDD, 0x21, 0x18, 0xF7, 0xC2, 0x06, 0xE7, 0x40, 0x01, 0x30, 0x00,
    0x00, 0x00, 0x00, 0x00, 0x00, 0x00, 0x00, 0x00, 0x00, 0x00, 0x00, 0x00,
    0x00, 0x00, 0x00, 0x00, 0x00, 0x00, 0x00, 0x00, 0x00, 0x17, 0x09, 0xA4,
    0x03, 0x7B, 0x0B, 0x50, 0x00, 0x00, 0x00, 0x04, 0x95, 0x0B, 0x72, 0x00,
    0x00, 0x00, 0x00, 0x00, 0x00, 0x00, 0x00, 0x00, 0x00, 0x00, 0x00, 0x00,
    0x00, 0x00, 0x00, 0x00, 0x00, 0x00, 0x00, 0x00, 0x00, 0x00, 0x00, 0x00,
    0x00, 0x0D, 0xD0, 0x03, 0xF8, 0x10, 0x1E, 0x81, 0x00, 0x2B, 0x30, 0xA9,
    0x20, 0x00, 0x00, 0x00, 0x00, 0x00, 0x00, 0x00, 0x00, 0x00, 0x00, 0x00,
    0x00, 0x00, 0x00, 0x00, 0x00, 0x00, 0x00, 0x00, 0x00, 0x01, 0x6B, 0x50,
    0xB6, 0x10, 0x20, 0x54, 0xD0, 0xA3, 0xD7, 0xF1, 0x8F, 0x9F, 0xC0, 0x13,
    0x03, 0x10, 0x00, 0x00, 0x00, 0x00, 0x00, 0x00, 0x00, 0x00, 0x00, 0x00,
    0x00, 0x00, 0x00, 0x00, 0x00, 0x00, 0x00, 0x00, 0x00, 0x00, 0x00, 0x00,
    0x10, 0x00, 0xBF, 0x90, 0x3F, 0xBF, 0x01, 0xDF, 0xB0, 0x01, 0x40, 0x00,
    0x00, 0x00, 0x00, 0x00, 0x00, 0x00, 0x00, 0x00, 0x00, 0x00, 0x00, 0x00,
    0x00, 0x00, 0x00, 0x00, 0x00, 0x00, 0x12, 0x22, 0x00, 0x5E, 0xFF, 0x90,
    0x07, 0x54, 0x40, 0x00, 0x00, 0x00, 0x00, 0x00, 0x00, 0x00, 0x00, 0x00,
    0x00, 0x00, 0x00, 0x00, 0x00, 0x00, 0x00, 0x00, 0x00, 0x00, 0x00, 0x00,
    0x00, 0x00, 0x00, 0x00, 0x00, 0x00, 0x00, 0x00, 0x00, 0x10, 0x00, 0xAF,
    0xB0, 0x3F, 0x85, 0x01, 0xE7, 0x72, 0x4D, 0xA5, 0x01, 0x10, 0x00, 0x00,
    0x00, 0x00, 0x00, 0x00, 0x00, 0x00, 0x00, 0x00, 0x00, 0x00, 0x00, 0x00,
    0x00, 0x00, 0x00, 0x10, 0x00, 0xAF, 0xB0, 0x3F, 0x85, 0x01, 0xE7, 0x61,
    0x4D, 0xA5, 0x01, 0x10, 0x00, 0x3D, 0x14, 0xF1, 0x4F, 0x10, 0x00, 0x01,
    0x21, 0x58, 0x74, 0x27, 0x68, 0x03, 0xDC, 0xF0, 0x08, 0xC6, 0x00, 0x00,
    0x00, 0x00, 0x00, 0x00, 0x00, 0x00, 0x00, 0x00, 0x00, 0x00, 0x00, 0x00,
    0x00, 0x00, 0x00, 0x00, 0x00, 0x00, 0x00, 0x47, 0x28, 0x32, 0xEF, 0xD1,
    0x01, 0x41, 0x00, 0x00, 0x00, 0x00, 0x00, 0x00, 0x00, 0x00, 0x00, 0x00,
    0x00, 0x00, 0x00, 0x00, 0x00, 0x00, 0x00, 0x00, 0x00, 0x07, 0x07, 0x00,
    0x00, 0x95, 0xA0, 0x00, 0x02, 0xE3, 0x00, 0x00, 0x00, 0x00, 0x00, 0x00,
    0x00, 0x00, 0x00, 0x00, 0x00, 0x00, 0x00, 0x00, 0x00, 0x00, 0x00, 0x00,
    0x00, 0x00, 0x00, 0x00, 0x00, 0x00, 0x00, 0x00, 0x00, 0x00, 0x00, 0x00,
    0x00, 0x00, 0x00, 0x00, 0x00, 0x00, 0x00, 0x00, 0x00, 0x00, 0x00, 0x00,
    0x00, 0x00, 0x02, 0xE3, 0x00, 0x00, 0x95, 0xA0, 0x00, 0x07, 0x07, 0x00,
    0x00, 0x00, 0x00, 0x00, 0x00, 0x00, 0x00, 0x00, 0x00, 0x00, 0x00, 0x00,
    0x00, 0x00, 0x00, 0x00, 0x00, 0x00, 0x00, 0x00, 0x00, 0x00, 0x00, 0x00,
    0x00, 0x00, 0x00, 0x00, 0x00, 0x00, 0x00, 0x00, 0x00, 0x00, 0x00, 0x00,
    0x00, 0x00, 0x00, 0x11, 0x00, 0x01, 0xDD, 0x20, 0x04, 0xFF, 0x50, 0x00,
    0x55, 0x00, 0x00, 0x00, 0x00, 0x00, 0x00, 0x00, 0x14, 0x00, 0x6E, 0x10,
    0x1E, 0x50, 0x0B, 0x90, 0x08, 0xB0, 0x07, 0xD0, 0x05, 0xF0, 0x05, 0xF0,
    0x04, 0xF1, 0x04, 0xF1, 0x04, 0xF1, 0x13, 0x00, 0x01, 0x40, 0x6E, 0x10,
    0x04, 0xF1, 0x1E, 0x60, 0x05, 0xE0, 0x0B, 0xD4, 0x2B, 0xC0, 0x08, 0xFF,
    0xFF, 0x50, 0x07, 0xE3, 0x41, 0x00, 0x05, 0xF0, 0x00, 0x00, 0x05, 0xF1,
    0x00, 0x00, 0x04, 0xF1, 0x00, 0x00, 0x04, 0xF1, 0x00, 0x00, 0x04, 0xF1,
    0x00, 0x00, 0x15, 0x00, 0x00, 0x02, 0x60, 0x5F, 0x10, 0x4F, 0x14, 0xF1,
    0x0E, 0x60, 0x4F, 0x14, 0xF0, 0x0B, 0xD3, 0x9F, 0x69, 0xD0, 0x08, 0xFF,
    0xFA, 0xFF, 0x60, 0x07, 0xF4, 0x20, 0x33, 0x00, 0x05, 0xF1, 0x00, 0x00,
    0x00, 0x05, 0xF1, 0x00, 0x00, 0x00, 0x04, 0xF1, 0x00, 0x00, 0x00, 0x04,
    0xF1, 0x00, 0x00, 0x00, 0x04, 0xF1, 0x00, 0x00, 0x00, 0x00, 0x00, 0x11,
    0x00, 0x04, 0xDF, 0xB0, 0x01, 0xEB, 0x63, 0x00, 0x3F, 0x20, 0x00, 0x01,
    0xEB, 0x62, 0x00, 0x02, 0xDF, 0x60, 0x02, 0xCB, 0x40, 0x00, 0xD8, 0x00,
    0x00, 0x3F, 0x20, 0x00, 0x01, 0xEC, 0x76, 0x76, 0x03, 0xAE, 0xFE, 0x90,
    0x00, 0x00, 0x10, 0x00, 0x00, 0x04, 0xEF, 0xC2, 0x00, 0x02, 0xEA, 0x5C,
    0xD0, 0x00, 0x9C, 0x00, 0x1E, 0x60, 0x0E, 0x60, 0x00, 0x9B, 0x02, 0xF3,
    0x00, 0x06, 0xE0, 0x3F, 0x20, 0x00, 0x4F, 0x01, 0xF5, 0x00, 0x07, 0xE0,
    0x0A, 0xE8, 0x79, 0xF7, 0x00, 0x1A, 0xEF, 0xD8, 0x00, 0x35, 0x32, 0x36,
    0x20, 0x6F, 0xFF, 0xFF, 0x30, 0x02, 0x44, 0x6F, 0x20, 0x00, 0x00, 0x4F,
    0x10, 0x00, 0x00, 0x4F, 0x10, 0x00, 0x00, 0x4F, 0x10, 0x00, 0x00, 0x4F,
    0x20, 0x00, 0x00, 0x4F, 0x20, 0x00, 0x00, 0x4F, 0x30, 0x00, 0x00, 0x3F,
    0x40, 0x00, 0x00, 0x1F, 0x60, 0x03, 0x00, 0x00, 0x03, 0x12, 0xF5, 0x00,
    0x00, 0xD9, 0x0A, 0xC0, 0x00, 0x6F, 0x20, 0x3F, 0x30, 0x0C, 0x90, 0x00,
    0xC9, 0x03, 0xF3, 0x00, 0x06, 0xE0, 0x8C, 0x00, 0x00, 0x1F, 0x4D, 0x70,
    0x00, 0x00, 0xB9, 0xF2, 0x00, 0x00, 0x07, 0xFD, 0x00, 0x00, 0x00, 0x3F,
    0xA0, 0x00, 0x00, 0x01, 0xF7, 0x00, 0x00, 0x00, 0x01, 0xF7, 0x00, 0x00,
    0x00, 0x3F, 0xA0, 0x00, 0x00, 0x07, 0xFD, 0x00, 0x00, 0x00, 0xB9, 0xF2,
    0x00, 0x00, 0x1F, 0x4D, 0x70, 0x00, 0x06, 0xE0, 0x8C, 0x00, 0x00, 0xC9,
    0x03, 0xF3, 0x00, 0x3F, 0x30, 0x0C, 0x90, 0x0A, 0xC0, 0x00, 0x6F, 0x22,
    0xF5, 0x00, 0x00, 0xD9, 0x03, 0x00, 0x00, 0x03, 0x10, 0x01, 0xCE, 0xA0,
    0x00, 0xBC, 0x8F, 0x70, 0x1F, 0x40, 0xAC, 0x03, 0xF2, 0x07, 0xE0, 0x2F,
    0x72, 0x8F, 0x00, 0xAF, 0xFF, 0xF1, 0x00, 0x24, 0x6F, 0x10, 0x00, 0x04,
    0xF1, 0x00, 0x00, 0x4F, 0x10, 0x00, 0x04, 0xF1, 0x00, 0x00, 0x4F, 0x10,
    0x00, 0x00, 0x01, 0x20, 0x0B, 0xC0, 0x08, 0xC0, 0x0C, 0xE0, 0x1E, 0x50,
    0x00, 0x10, 0x7C, 0x00, 0x00, 0x01, 0xE5, 0x00, 0x00, 0x07, 0xD0, 0x00,
    0x00, 0x0D, 0x60, 0x00, 0x00, 0x6D, 0x00, 0x00, 0x00, 0xD6, 0x00, 0x00,
    0x05, 0xE1, 0x0E, 0xC0, 0x0C, 0x70, 0x0D, 0xB0, 0x05, 0x10, 0x00, 0x00,
    0x00, 0x00, 0x23, 0x00, 0x00, 0x0B, 0x80, 0x00, 0x03, 0xE1, 0x00, 0x00,
    0xB8, 0x00, 0x00, 0x3E, 0x10, 0x00, 0x0A, 0x80, 0x00, 0x03, 0xE1, 0x00,
    0x00, 0xA8, 0x00, 0x00, 0x3E, 0x10, 0x00, 0x01, 0x40, 0x00, 0x00, 0x04,
    0xF1, 0x00, 0x4F, 0x00, 0x08, 0xB0, 0x00, 0xD3, 0x00, 0x00, 0x00, 0x00,
    0x00, 0x00, 0x03, 0x00, 0x00, 0x00, 0x00, 0x48, 0x00, 0x00, 0x00, 0x00,
    0x9D, 0x00, 0x00, 0x02, 0xCF, 0xFF, 0xFE, 0x50, 0x00, 0x0A, 0xFF, 0xD2,
    0x00, 0x00, 0x09, 0xFE, 0xD0, 0x00, 0x00, 0x0C, 0x42, 0xB3, 0x00, 0x00,
    0x11, 0x00, 0x02, 0x00, 0x00, 0x00, 0x00, 0x00, 0x00, 0x00, 0x00, 0x00,
    0x00, 0x00, 0x06, 0x10, 0x00, 0x00, 0x00, 0x02, 0x60, 0x2F, 0x30, 0x00,
    0x00, 0x00, 0x06, 0xE0, 0x3F, 0x20, 0x00, 0x00, 0x00, 0x04, 0xF1, 0x2F,
    0x70, 0x00, 0x00, 0x00, 0x05, 0xF0, 0x09, 0xFB, 0x87, 0x66, 0x66, 0x9E,
    0xA0, 0x00, 0x5A, 0xDE, 0xFF, 0xFE, 0xC7, 0x10, 0x00, 0x00, 0x00, 0x01,
    0x00, 0x00, 0x00, 0x00, 0x4E, 0xFA, 0x00, 0x04, 0x10, 0x0D, 0xB6, 0xF6,
    0x00, 0xD7, 0x03, 0xF2, 0x09, 0xC0, 0x2F, 0x40, 0x3F, 0x52, 0x8E, 0x03,
    0xF2, 0x00, 0xBF, 0xFF, 0xF1, 0x3F, 0x20, 0x00, 0x34, 0x6F, 0x01, 0xE7,
    0x00, 0x00, 0x0A, 0xC0, 0x08, 0xF7, 0x32, 0x39, 0xF5, 0x00, 0x09, 0xFF,
    0xFF, 0xE6, 0x00, 0x00, 0x01, 0x34, 0x30, 0x00, 0x00, 0x3D, 0x14, 0xF1,
    0x4F, 0x10, 0x00, 0x00, 0x00, 0x00, 0x00, 0x00, 0x00, 0x00, 0x00, 0x00,
    0x00, 0x00, 0x00, 0x00, 0x01, 0x00, 0x00, 0xAF, 0x80, 0x07, 0x99, 0xF0,
    0x5B, 0x28, 0xE0, 0x8E, 0xFD, 0x60, 0x04, 0xF1, 0x00, 0x04, 0xF1, 0x00,
    0x04, 0xF1, 0x00, 0x04, 0xF1, 0x00, 0x04, 0xF1, 0x00, 0x04, 0xF1, 0x00,
    0x04, 0xF1, 0x00, 0x04, 0xF1, 0x00, 0x04, 0xF1, 0x00, 0x04, 0xF1, 0x00,
    0x00, 0x10, 0x00, 0xAF, 0xB0, 0x3F, 0x85, 0x01, 0xE7, 0x61, 0x4D, 0xA5,
    0x01, 0x10, 0x00, 0x00, 0x00, 0x00, 0x00, 0x00, 0x00, 0x00, 0x00, 0x00,
    0x00, 0x00, 0x00, 0x00, 0x00, 0x00, 0x00, 0x00, 0x00, 0x00, 0x00, 0x00,
    0x00, 0x04, 0xF1, 0x10, 0x00, 0x00, 0x00, 0x00, 0x04, 0xF8, 0xF4, 0x00,
    0x00, 0x00, 0x00, 0x04, 0xFD, 0x69, 0x00, 0x00, 0x00, 0x00, 0x04, 0xF3,
    0x27, 0x00, 0x00, 0x01, 0x00, 0x3C, 0xDB, 0x80, 0x00, 0x20, 0x1F, 0x30,
    0x00, 0x00, 0x00, 0x06, 0xE0, 0x3F, 0x20, 0x00, 0x00, 0x00, 0x05, 0xF0,
    0x2F, 0x60, 0x00, 0x00, 0x00, 0x05, 0xF0, 0x0A, 0xFB, 0x87, 0x66, 0x66,
    0x8E, 0xB0, 0x00, 0x6A, 0xDF, 0xFF, 0xFE, 0xC8, 0x10, 0x00, 0x00, 0x03,
    0x40, 0x61, 0x00, 0x00, 0x00, 0x00, 0x1E, 0xE5, 0xF8, 0x00, 0x00, 0x06,
    0x10, 0x03, 0x30, 0x41, 0x02, 0x60, 0x2F, 0x30, 0x00, 0x00, 0x00, 0x06,
    0xE0, 0x3F, 0x20, 0x00, 0x00, 0x00, 0x04, 0xF1, 0x2F, 0x70, 0x00, 0x00,
    0x00, 0x05, 0xF0, 0x09, 0xFB, 0x87, 0x66, 0x66, 0x9E, 0xA0, 0x00, 0x5A,
    0xDE, 0xFF, 0xFE, 0xC7, 0x10, 0x00, 0x00, 0x02, 0xF9, 0xE0, 0x00, 0x00,
    0x00, 0x00, 0x01, 0xEF, 0xC0, 0x00, 0x00, 0x00, 0x00, 0x00, 0x14, 0x10,
    0x00, 0x00, 0x06, 0x10, 0x00, 0x00, 0x00, 0x02, 0x60, 0x2F, 0x30, 0x00,
    0x00, 0x00, 0x06, 0xE0, 0x3F, 0x20, 0x00, 0x00, 0x00, 0x04, 0xF1, 0x2F,
    0x70, 0x00, 0x00, 0x00, 0x05, 0xF0, 0x09, 0xFB, 0x87, 0x66, 0x66, 0x9E,
    0xA0, 0x00, 0x5A, 0xDE, 0xFF, 0xFE, 0xC7, 0x10, 0x00, 0x00, 0x00, 0x00,
    0x00, 0x00, 0x00, 0x00, 0x00, 0x0A, 0x52, 0xB2, 0x00, 0x00, 0x00, 0x00,
    0x0B, 0x73, 0xD3, 0x00, 0x00, 0x00, 0x00, 0x00, 0x6A, 0x00, 0x00, 0x00,
    0x00, 0x00, 0x00, 0x6B, 0x00, 0x00, 0x00, 0x00, 0x00, 0x00, 0x00, 0x00,
    0x00, 0x00, 0x00, 0x00, 0x10, 0x00, 0x00, 0x00, 0x00, 0xBF, 0xA0, 0x00,
    0x00, 0x00, 0x3F, 0x74, 0x00, 0x00, 0x00, 0x01, 0xE8, 0x81, 0x00, 0x00,
    0x00, 0x4B, 0x72, 0x00, 0x00, 0x00, 0x00, 0x10, 0x00, 0x00, 0x00, 0x03,
    0xCF, 0xE8, 0x10, 0x00, 0x01, 0xEC, 0x58, 0xEF, 0xA4, 0x10, 0x05, 0x10,
    0x03, 0xCF, 0xFB, 0x00, 0x00, 0x4C, 0xFE, 0xA7, 0x40, 0x00, 0x8F, 0xB4,
    0x00, 0x00, 0x00, 0x6F, 0x70, 0x00, 0x00, 0x00, 0x0D, 0x90, 0x00, 0x00,
    0x00, 0x02, 0xF3, 0x00, 0x00, 0x00, 0x00, 0x3F, 0x20, 0x00, 0x00, 0x00,
    0x01, 0xF8, 0x00, 0x00, 0x00, 0x00, 0x08, 0xFA, 0x42, 0x24, 0x78, 0x00,
    0x07, 0xEF, 0xFF, 0xFE, 0x90, 0x00, 0x00, 0x24, 0x42, 0x00, 0x00, 0x00,
    0x00, 0x00, 0x00, 0x00, 0x00, 0x00, 0x3D, 0x30, 0x00, 0x00, 0x00, 0x02,
    0xB2, 0x00, 0x00, 0x00, 0x07, 0xC1, 0xC8, 0x00, 0x00, 0x00, 0x49, 0x08,
    0x50, 0x00, 0x00, 0x00, 0x10, 0x00, 0x00, 0x00, 0x03, 0xCF, 0xE8, 0x10,
    0x00, 0x01, 0xEC, 0x58, 0xEF, 0xA4, 0x10, 0x05, 0x10, 0x04, 0xDF, 0xFB,
    0x00, 0x00, 0x5C, 0xFE, 0xA7, 0x40, 0x00, 0x8F, 0xB4, 0x00, 0x00, 0x00,
    0x6F, 0x70, 0x00, 0x00, 0x00, 0x0D, 0x90, 0x00, 0x00, 0x00, 0x02, 0xF3,
    0x00, 0x00, 0x00, 0x00, 0x3F, 0x20, 0x00, 0x00, 0x00, 0x01, 0xF8, 0x00,
    0x00, 0x00, 0x00, 0x08, 0xFA, 0x42, 0x24, 0x78, 0x00, 0x07, 0xEF, 0xFF,
    0xFE, 0x90, 0x00, 0x00, 0x24, 0x42, 0x00, 0x00, 0x00, 0x01, 0x00, 0x00,
    0x00, 0x00, 0x3C, 0xFE, 0x81, 0x00, 0x00, 0x1E, 0xC5, 0x8E, 0xFA, 0x41,
    0x00, 0x51, 0x00, 0x4D, 0xFF, 0xB0, 0x00, 0x05, 0xCF, 0xEA, 0x74, 0x00,
    0x08, 0xFB, 0x40, 0x00, 0x00, 0x06, 0xF7, 0x11, 0x02, 0x00, 0x00, 0xD9,
    0x0B, 0xC2, 0xE7, 0x00, 0x2F, 0x30, 0x45, 0x27, 0x20, 0x03, 0xF2, 0x00,
    0x6E, 0x20, 0x00, 0x1F, 0x80, 0x01, 0x80, 0x00, 0x00, 0x8F, 0xA4, 0x22,
    0x47, 0x80, 0x00, 0x7E, 0xFF, 0xFF, 0xE9, 0x00, 0x00, 0x02, 0x44, 0x20,
    0x00, 0x00, 0x4F, 0x11, 0x00, 0x00, 0x04, 0xF7, 0xF9, 0x00, 0x00, 0x4F,
    0xA6, 0xD0, 0x00, 0x5C, 0xDB, 0xA3, 0x00, 0x00, 0x00, 0x00, 0x00, 0x00,
    0x00, 0x2A, 0x20, 0x00, 0x00, 0x07, 0xFE, 0x40, 0x00, 0x00, 0x03, 0xDF,
    0x30, 0x00, 0x00, 0x01, 0xDB, 0x00, 0x00, 0x00, 0x06, 0xF0, 0x00, 0x00,
    0x00, 0x7F, 0x00, 0x67, 0x67, 0xBF, 0x90, 0x0A, 0xEF, 0xEC, 0x70, 0x00,
    0x00, 0x00, 0x40, 0x00, 0x00, 0x00, 0x7F, 0xA1, 0x00, 0x00, 0x00, 0x6E,
    0xC1, 0x00, 0x00, 0x00, 0x2E, 0x90, 0x00, 0x00, 0x00, 0x6E, 0x00, 0x00,
    0x00, 0x07, 0xF0, 0x06, 0x76, 0x7A, 0xF9, 0x00, 0xAE, 0xFF, 0xF7, 0x00,
    0x00, 0x3F, 0x9E, 0x00, 0x00, 0x01, 0xEF, 0xC0, 0x00, 0x00, 0x01, 0x41,
    0x00, 0x00, 0x00, 0x29, 0x10, 0x00, 0x04, 0xF1, 0x10, 0x00, 0x4F, 0x9E,
    0x10, 0x2A, 0xFD, 0xD3, 0x04, 0xDD, 0xC7, 0x00, 0x00, 0x00, 0x00, 0x00,
    0x00, 0x46, 0x00, 0x00, 0x08, 0xC0, 0x00, 0x00, 0x5F, 0x00, 0x00, 0x04,
    0xF1, 0x00, 0x00, 0x6E, 0x00, 0x00, 0x0C, 0xA0, 0x00, 0x19, 0xF2, 0x00,
    0x9E, 0xE4, 0x00, 0x07, 0x71, 0x00, 0x00, 0x00, 0x05, 0x90, 0x00, 0x06,
    0xE0, 0x00, 0x05, 0xF0, 0x00, 0x04, 0xF1, 0x00, 0x06, 0xE0, 0x00, 0x0B,
    0xB0, 0x00, 0x6F, 0x40, 0x4B, 0xFF, 0x90, 0x7E, 0xFB, 0xF0, 0x01, 0xDF,
    0xB0, 0x00, 0x14, 0x00, 0x00, 0x05, 0x60, 0x00, 0x09, 0xD0, 0x00, 0x05,
    0xF0, 0x00, 0x04, 0xF1, 0x00, 0x06, 0xE0, 0x00, 0x0B, 0xA0, 0x00, 0x8F,
    0x30, 0x6E, 0xE5, 0x00, 0x47, 0x20, 0x00, 0x07, 0x07, 0x00, 0x09, 0x5A,
    0x00, 0x02, 0xE3, 0x00, 0x00, 0x00, 0x10, 0x00, 0x0A, 0xB0, 0x00, 0x07,
    0xE0, 0x02, 0x05, 0xF1, 0x3E, 0x75, 0xF0, 0x1A, 0x28, 0xD0, 0x00, 0x2E,
    0x70, 0x16, 0xEC, 0x00, 0x8E, 0x81, 0x00, 0x10, 0x1A, 0x20, 0x00, 0x3E,
    0x70, 0x00, 0x02, 0x00, 0x00, 0x04, 0x00, 0x00, 0x6F, 0x40, 0x02, 0x35,
    0x41, 0x0B, 0xD2, 0xE9, 0x02, 0x30, 0x41, 0x00, 0x00, 0x10, 0x00, 0x0A,
    0xB0, 0x00, 0x07, 0xE0, 0x00, 0x05, 0xF1, 0x00, 0x05, 0xF0, 0x00, 0x08,
    0xD0, 0x00, 0x2E, 0x70, 0x16, 0xEC, 0x00, 0x8E, 0x81, 0x00, 0x10, 0x00,
    0x00, 0x00, 0x00, 0x00, 0x00, 0x00, 0x00, 0x35, 0x00, 0x00, 0x00, 0x00,
    0x00, 0x00, 0x00, 0x00, 0x0B, 0xD0, 0x00, 0x00, 0x00, 0x00, 0x00, 0x00,
    0x00, 0x00, 0x13, 0x00, 0x00, 0x00, 0x00, 0x00, 0x00, 0x00, 0x00, 0x00,
    0x00, 0x02, 0x50, 0x00, 0x00, 0x00, 0x00, 0x01, 0x00, 0x27, 0x00, 0x7E,
    0x00, 0x84, 0x00, 0x00, 0x0C, 0x90, 0x04, 0xF0, 0x05, 0xF0, 0x0E, 0x60,
    0x00, 0x00, 0x9D, 0x00, 0x5F, 0x20, 0x5E, 0x02, 0xF3, 0x00, 0x00, 0x06,
    0xFB, 0x7C, 0xFC, 0x7D, 0xB0, 0x3F, 0x20, 0x00, 0x00, 0x4F, 0xCF, 0xA3,
    0xCF, 0xC2, 0x03, 0xF3, 0x00, 0x00, 0x05, 0xF0, 0x00, 0x00, 0x00, 0x00,
    0x0E, 0x80, 0x00, 0x00, 0xAB, 0x00, 0x04, 0x00, 0x00, 0x00, 0x7F, 0x83,
    0x24, 0xAF, 0x40, 0x04, 0xF7, 0x00, 0x00, 0x00, 0x8E, 0xFF, 0xFD, 0x50,
    0x00, 0x08, 0x10, 0x00, 0x00, 0x00, 0x13, 0x43, 0x00, 0x00, 0x00, 0x00,
    0x00, 0x00, 0x00, 0x00, 0x01, 0x00, 0x00, 0x00, 0x00, 0x2E, 0x50, 0x00,
    0x00, 0x00, 0x18, 0x20, 0x00, 0x00, 0x05, 0xE2, 0xC9, 0x00, 0x00, 0x01,
    0x80, 0x54, 0x00, 0x00, 0x00, 0x01, 0x00, 0x00, 0x00, 0x02, 0xBF, 0xE8,
    0x10, 0x00, 0x0C, 0xD6, 0x7D, 0x00, 0x00, 0x2F, 0x30, 0x00, 0x00, 0x00,
    0x3F, 0x20, 0x00, 0x00, 0x00, 0x0E, 0x80, 0x12, 0x00, 0x00, 0x09, 0xFE,
    0xFF, 0x40, 0x01, 0xBF, 0xA7, 0x55, 0x10, 0x0A, 0xC2, 0x00, 0x00, 0x00,
    0x2F, 0x40, 0x00, 0x00, 0x00, 0x3F, 0x20, 0x00, 0x00, 0x00, 0x1F, 0x60,
    0x00, 0x00, 0x00, 0x09, 0xE7, 0x42, 0x36, 0x80, 0x00, 0x8E, 0xFF, 0xFF,
    0xB0, 0x00, 0x00, 0x34, 0x31, 0x00, 0x00, 0x00, 0x00, 0x00, 0x00, 0x10,
    0x00, 0x00, 0x00, 0x00, 0x00, 0x3E, 0xFA, 0x00, 0x00, 0x00, 0x00, 0x00,
    0xDB, 0x6F, 0x70, 0x05, 0x10, 0x00, 0x02, 0xF2, 0x09, 0xC0, 0x2F, 0x30,
    0x00, 0x03, 0xF5, 0x28, 0xE0, 0x3F, 0x20, 0x00, 0x00, 0xBF, 0xFF, 0xF1,
    0x2F, 0x70, 0x00, 0x00, 0x03, 0x46, 0xF0, 0x09, 0xFC, 0x87, 0x66, 0x66,
    0x7D, 0xC0, 0x00, 0x5A, 0xDE, 0xFF, 0xFF, 0xEB, 0x20, 0x00, 0x00, 0x00,
    0x00, 0x00, 0x00, 0x00, 0x00, 0x00, 0x00, 0x00, 0x08, 0xA0, 0x00, 0x00,
    0x00, 0x00, 0x00, 0x14, 0x71, 0x00, 0x00, 0x00, 0x00, 0x01, 0xC7, 0x5D,
    0x10, 0x00, 0x00, 0x00, 0x00, 0x84, 0x29, 0x00, 0x00, 0x00, 0x00, 0x00,
    0x00, 0x10, 0x00, 0x00, 0x00, 0x00, 0x00, 0x3E, 0xFA, 0x00, 0x00, 0x00,
    0x00, 0x00, 0xDB, 0x6F, 0x70, 0x05, 0x10, 0x00, 0x02, 0xF2, 0x09, 0xC0,
    0x2F, 0x30, 0x00, 0x03, 0xF5, 0x28, 0xE0, 0x3F, 0x20, 0x00, 0x00, 0xBF,
    0xFF, 0xF1, 0x2F, 0x70, 0x00, 0x00, 0x03, 0x46, 0xF0, 0x09, 0xFC, 0x87,
    0x66, 0x66, 0x7D, 0xC0, 0x00, 0x5A, 0xDE, 0xFF, 0xFF, 0xEB, 0x20, 0x00,
    0x00, 0x00, 0x00, 0x00, 0x01, 0x79, 0x00, 0x00, 0x00, 0x00, 0x04, 0xAF,
    0xE7, 0x00, 0x00, 0x00, 0x03, 0xDF, 0xB5, 0x00, 0x00, 0x00, 0x00, 0x09,
    0xF4, 0x00, 0x00, 0x00, 0x00, 0x00, 0x02, 0xDE, 0x50, 0x00, 0x06, 0x10,
    0x00, 0x00, 0x19, 0xF7, 0x00, 0x2F, 0x30, 0x00, 0x00, 0x00, 0x6F, 0x60,
    0x3F, 0x20, 0x00, 0x00, 0x00, 0x08, 0xE0, 0x1F, 0x70, 0x00, 0x00, 0x00,
    0x05, 0xF0, 0x08, 0xFC, 0x87, 0x66, 0x67, 0x8E, 0xC0, 0x00, 0x4A, 0xDE,
    0xFF, 0xFF, 0xD9, 0x10, 0x00, 0x00, 0x00, 0x00, 0x00, 0x12, 0x00, 0x00,
    0x00, 0x00, 0x00, 0x00, 0x5B, 0xF6, 0x00, 0x00, 0x00, 0x00, 0x00, 0x7E,
    0xFA, 0x50, 0x00, 0x00, 0x00, 0x00, 0x3D, 0xE8, 0x10, 0x00, 0x00, 0x00,
    0x00, 0x01, 0xEB, 0x32, 0x22, 0x10, 0x00, 0x00, 0x00, 0x02, 0xFF, 0xFF,
    0xFF, 0xFF, 0xDA, 0x20, 0x00, 0x00, 0x24, 0x44, 0x44, 0x55, 0x7D, 0xD0,
    0x00, 0x00, 0x00, 0x00, 0x00, 0x00, 0x05, 0xF0, 0x09, 0x87, 0x66, 0x66,
    0x66, 0x67, 0x9E, 0xA0, 0x09, 0xCE, 0xFF, 0xFF, 0xFF, 0xED, 0xA6, 0x00,
    0x00, 0x00, 0x00, 0x00, 0x00, 0x00, 0x04, 0x00, 0x00, 0x00, 0x00, 0x00,
    0x01, 0x8D, 0xF1, 0x00, 0x00, 0x00, 0x00, 0x3A, 0xFF, 0xF8, 0x00, 0x00,
    0x00, 0x00, 0x5A, 0x8F, 0x9B, 0xF0, 0x00, 0x00, 0x00, 0x06, 0xD4, 0xCF,
    0xFA, 0x00, 0x00, 0x00, 0x00, 0x08, 0xF8, 0x43, 0x00, 0x07, 0x10, 0x00,
    0x00, 0x05, 0xEB, 0x00, 0x02, 0xF3, 0x00, 0x00, 0x00, 0x03, 0xE8, 0x00,
    0x3F, 0x20, 0x00, 0x00, 0x00, 0x07, 0xE0, 0x01, 0xF7, 0x00, 0x00, 0x00,
    0x00, 0x5F, 0x00, 0x08, 0xFC, 0x87, 0x66, 0x67, 0x8E, 0xB0, 0x00, 0x04,
    0xAD, 0xEF, 0xFF, 0xFD, 0x91, 0x00, 0x00, 0x00, 0x00, 0x00, 0x00, 0x00,
    0x00, 0x00, 0x00, 0x00, 0x89, 0x00, 0x00, 0x00, 0x00, 0x00, 0x00, 0x8A,
    0x00, 0x04, 0xF1, 0x00, 0x00, 0x00, 0x00, 0x10, 0x04, 0xF1, 0x00, 0x00,
    0x00, 0x5D, 0x90, 0x04, 0xF1, 0x00, 0x00, 0x01, 0xE8, 0x30, 0x04, 0xF1,
    0x00, 0x00, 0x00, 0xB8, 0x10, 0x04, 0xF1, 0x0C, 0x30, 0x01, 0x26, 0xB0,
    0x04, 0xF1, 0x3F, 0x20, 0x07, 0xFF, 0x90, 0x04, 0xF1, 0x3F, 0x20, 0x01,
    0x43, 0x00, 0x04, 0xF0, 0x1F, 0x80, 0x00, 0x00, 0x00, 0x07, 0xE0, 0x07,
    0xFC, 0x87, 0x66, 0x67, 0xAF, 0x90, 0x00, 0x49, 0xDE, 0xFF, 0xFE, 0xC7,
    0x00, 0x00, 0x00, 0x00, 0x13, 0x00, 0x00, 0x00, 0x00, 0x00, 0x00, 0x9E,
    0x20, 0x00, 0x00, 0x00, 0x00, 0x04, 0x34, 0x60, 0x00, 0x00, 0x00, 0x00,
    0x1D, 0xA3, 0xF6, 0x04, 0xF1, 0x00, 0x00, 0x01, 0x00, 0x20, 0x04, 0xF1,
    0x00, 0x00, 0x00, 0x5D, 0x90, 0x04, 0xF1, 0x00, 0x00, 0x01, 0xE8, 0x30,
    0x04, 0xF1, 0x00, 0x00, 0x00, 0xB8, 0x10, 0x04, 0xF1, 0x0C, 0x30, 0x01,
    0x26, 0xB0, 0x04, 0xF1, 0x3F, 0x20, 0x07, 0xFF, 0x90, 0x04, 0xF1, 0x3F,
    0x20, 0x01, 0x43, 0x00, 0x04, 0xF0, 0x1F, 0x80, 0x00, 0x00, 0x00, 0x07,
    0xE0, 0x07, 0xFC, 0x87, 0x66, 0x67, 0xAF, 0x90, 0x00, 0x49, 0xDE, 0xFF,
    0xFE, 0xC7, 0x00, 0x00, 0x00, 0x00, 0x00, 0x00, 0x02, 0x80, 0x00, 0x00,
    0x00, 0x00, 0x04, 0xAB, 0x50, 0x00, 0x00, 0x00, 0x06, 0xC9, 0x35, 0xB0,
    0x00, 0x00, 0x00, 0x05, 0x27, 0xDF, 0xA0, 0x00, 0x00, 0x00, 0x09, 0xFE,
    0x82, 0x00, 0x00, 0x00, 0x00, 0x1F, 0xD1, 0x00, 0x00, 0x00, 0x00, 0x00,
    0x06, 0xED, 0x30, 0x00, 0x06, 0x10, 0x00, 0x00, 0x2B, 0xF6, 0x00, 0x2F,
    0x30, 0x00, 0x00, 0x00, 0x8F, 0x50, 0x3F, 0x20, 0x00, 0x00, 0x00, 0x08,
    0xE0, 0x1F, 0x70, 0x00, 0x00, 0x00, 0x05, 0xF0, 0x08, 0xFC, 0x87, 0x66,
    0x67, 0x8E, 0xC0, 0x00, 0x4A, 0xDE, 0xFF, 0xFF, 0xD9, 0x10, 0x00, 0x00,
    0x00, 0x00, 0x00, 0x00, 0x0B, 0x1A, 0x14, 0xF1, 0x00, 0x05, 0xA8, 0x04,
    0xF1, 0x00, 0x00, 0x81, 0x04, 0xF1, 0x00, 0x00, 0x00, 0x04, 0xF1, 0x00,
    0x00, 0x00, 0x04, 0xF1, 0x00, 0x00, 0x00, 0x04, 0xF1, 0x00, 0x00, 0x00,
    0x04, 0xF1, 0x0B, 0x60, 0x00, 0x04, 0xF1, 0x1F, 0x50, 0x00, 0x04, 0xF1,
    0x3F, 0x20, 0x00, 0x04, 0xF1, 0x3F, 0x20, 0x00, 0x05, 0xF0, 0x1F, 0x50,
    0x00, 0x09, 0xC0, 0x0B, 0xE6, 0x23, 0x8F, 0x70, 0x01, 0xBF, 0xFF, 0xF8,
    0x00, 0x00, 0x02, 0x44, 0x10, 0x00, 0x05, 0x20, 0x00, 0x00, 0x97, 0x00,
    0xE7, 0x00, 0x00, 0x0A, 0xB0, 0x2F, 0x30, 0x00, 0x00, 0x6E, 0x03, 0xF2,
    0x00, 0x00, 0x04, 0xF0, 0x3F, 0x20, 0x00, 0x00, 0x5F, 0x00, 0xE7, 0x00,
    0x00, 0x0A, 0xC0, 0x08, 0xF8, 0x32, 0x39, 0xF5, 0x00, 0x08, 0xEF, 0xFF,
    0xE5, 0x00, 0x00, 0x01, 0x34, 0x30, 0x00, 0x00, 0x00, 0x00, 0x54, 0x00,
    0x00, 0x00, 0x00, 0x0C, 0xD0, 0x00, 0x00, 0x05, 0x20, 0x03, 0x00, 0x97,
    0x00, 0xE6, 0x00, 0x00, 0x0A, 0xB0, 0x2F, 0x30, 0x00, 0x00, 0x7E, 0x03,
    0xF2, 0x00, 0x00, 0x05, 0xF0, 0x3F, 0x20, 0x00, 0x00, 0x5F, 0x00, 0xE7,
    0x00, 0x00, 0x0A, 0xC0, 0x08, 0xF8, 0x32, 0x39, 0xF5, 0x00, 0x08, 0xEF,
    0xFF, 0xE5, 0x00, 0x00, 0x02, 0xFF, 0xF0, 0x00, 0x00, 0x00, 0x1E, 0xFD,
    0x00, 0x00, 0x00, 0x00, 0x14, 0x10, 0x00, 0x00, 0x00, 0x00, 0x13, 0x00,
    0x00, 0x00, 0x00, 0x09, 0xE1, 0x00, 0x00, 0x00, 0x03, 0x25, 0x40, 0x00,
    0x00, 0x01, 0xEA, 0x4F, 0x60, 0x00, 0x00, 0x04, 0x20, 0x60, 0x00, 0x00,
    0x52, 0x00, 0x00, 0x09, 0x70, 0x0E, 0x70, 0x00, 0x00, 0xAB, 0x02, 0xF3,
    0x00, 0x00, 0x06, 0xE0, 0x3F, 0x20, 0x00, 0x00, 0x4F, 0x03, 0xF2, 0x00,
    0x00, 0x05, 0xF0, 0x0E, 0x70, 0x00, 0x00, 0xAC, 0x00, 0x8F, 0x83, 0x23,
    0x9F, 0x50, 0x00, 0x8E, 0xFF, 0xFE, 0x50, 0x00, 0x00, 0x13, 0x43, 0x00,
    0x00, 0x00, 0x00, 0x00, 0x30, 0x00, 0x00, 0x00, 0x00, 0x00, 0x5F, 0xC4,
    0x00, 0x00, 0x00, 0x05, 0xEF, 0xFE, 0xFA, 0x20, 0x00, 0x01, 0xFA, 0x5C,
    0xC5, 0xDE, 0x30, 0x00, 0x3F, 0x20, 0x4F, 0x01, 0xAD, 0x00, 0x01, 0xE8,
    0x0A, 0xB0, 0x05, 0xF0, 0x06, 0x6B, 0xFE, 0xF8, 0x68, 0xEB, 0x00, 0xDE,
    0xDA, 0x7B, 0xEF, 0xE9, 0x10, 0x00, 0x00, 0x10, 0x00, 0x00, 0x09, 0xF8,
    0x00, 0x00, 0x4D, 0x62, 0x00, 0x00, 0x5F, 0xF7, 0x00, 0x01, 0x27, 0xB8,
    0x00, 0x0B, 0xFF, 0xC1, 0x00, 0x01, 0x43, 0x00, 0x00, 0x00, 0x18, 0x10,
    0x00, 0x00, 0x8F, 0xC2, 0x00, 0x04, 0xF9, 0xCE, 0x20, 0x0E, 0x80, 0x1B,
    0xC0, 0x3F, 0x20, 0x05, 0xF0, 0x1E, 0xC7, 0x7D, 0xC0, 0x04, 0xBE, 0xEA,
    0x20, 0x00, 0x00, 0x00, 0x00, 0x00, 0x4D, 0x30, 0x00, 0x00, 0x9F, 0xE5,
    0x00, 0x06, 0xF6, 0xAF, 0x40, 0x1E, 0x70, 0x0A, 0xD0, 0x3F, 0x20, 0x05,
    0xF0, 0x1E, 0xC7, 0x7D, 0xB0, 0x03, 0xBE, 0xEA, 0x10, 0x00, 0x01, 0x00,
    0x00, 0x00, 0x6F, 0xD0, 0x00, 0x00, 0xD8, 0x50, 0x00, 0x00, 0xA7, 0x63,
    0x00, 0x00, 0xCB, 0x61, 0x00, 0x00, 0x10, 0x00, 0x00, 0x00, 0x3C, 0x30,
    0x00, 0x00, 0x9F, 0xE4, 0x00, 0x06, 0xF7, 0xAF, 0x40, 0x1E, 0x70, 0x0A,
    0xD0, 0x3F, 0x20, 0x05, 0xF0, 0x1E, 0xC7, 0x7D, 0xB0, 0x03, 0xBE, 0xEA,
    0x20, 0x00, 0x10, 0x01, 0x00, 0x08, 0xE2, 0xAC, 0x10, 0x04, 0x90, 0x58,
    0x00, 0x00, 0x00, 0x00, 0x00, 0x00, 0x4D, 0x30, 0x00, 0x00, 0x9F, 0xE5,
    0x00, 0x06, 0xF6, 0xAF, 0x40, 0x1E, 0x70, 0x0A, 0xD0, 0x3F, 0x20, 0x05,
    0xF0, 0x1E, 0xC7, 0x7D, 0xB0, 0x03, 0xBE, 0xEA, 0x10, 0x01, 0x60, 0x60,
    0x00, 0x0B, 0x65, 0x00, 0x00, 0x4D, 0x00, 0x00, 0x00, 0x10, 0x00, 0x02,
    0xDF, 0xA0, 0x00, 0xCB, 0x6E, 0x60, 0x2F, 0x30, 0x8C, 0x03, 0xF2, 0x05,
    0xE0, 0x1F, 0xB7, 0xAF, 0x10, 0x5D, 0xFE, 0xF0, 0x00, 0x00, 0x8B, 0x00,
    0x00, 0x4E, 0x50, 0x04, 0x9F, 0x90, 0x00, 0xEC, 0x50, 0x00, 0x01, 0x00,
    0x00, 0x00, 0x00, 0x7E, 0x80, 0x00, 0x0D, 0x9D, 0x00, 0x00, 0x65, 0x90,
    0x00, 0x28, 0x84, 0x00, 0x00, 0x01, 0x00, 0x00, 0x2D, 0xFA, 0x00, 0x0C,
    0xC5, 0xD6, 0x02, 0xF4, 0x04, 0xC0, 0x3F, 0x20, 0x1E, 0x01, 0xEB, 0x78,
    0xF1, 0x05, 0xDF, 0xDF, 0x00, 0x00, 0x04, 0xB0, 0x00, 0x02, 0xD5, 0x00,
    0x49, 0xF9, 0x00, 0x0E, 0xC5, 0x00, 0x00, 0x10, 0x00, 0x00, 0x00, 0x4F,
    0x10, 0x00, 0x04, 0xF1, 0x00, 0x00, 0x3D, 0x10, 0x00, 0x00, 0x10, 0x00,
    0x02, 0xDF, 0xA0, 0x00, 0xCB, 0x6E, 0x60, 0x2F, 0x30, 0x8C, 0x03, 0xF2,
    0x05, 0xE0, 0x1F, 0xB7, 0xAF, 0x10, 0x5D, 0xFE, 0xF0, 0x00, 0x00, 0x8B,
    0x00, 0x00, 0x4E, 0x50, 0x04, 0x9F, 0x90, 0x00, 0xEC, 0x50, 0x00, 0x01,
    0x00, 0x00, 0x00, 0x00, 0x16, 0x00, 0x00, 0x09, 0xA4, 0x00, 0x00, 0x81,
    0x80, 0x00, 0x00, 0x10, 0x00, 0x02, 0xDF, 0xA0, 0x00, 0xCB, 0x6E, 0x60,
    0x2F, 0x30, 0x8C, 0x03, 0xF2, 0x05, 0xE0, 0x1F, 0xB7, 0xAF, 0x10, 0x5D,
    0xFE, 0xF0, 0x00, 0x00, 0x8B, 0x00, 0x00, 0x4E, 0x50, 0x04, 0x9F, 0x90,
    0x00, 0xEC, 0x50, 0x00, 0x01, 0x00, 0x00, 0x00, 0x02, 0x20, 0x40, 0x00,
    0xCC, 0x5F, 0x40, 0x03, 0x30, 0x60, 0x00, 0x00, 0x10, 0x00, 0x02, 0xDF,
    0xA0, 0x00, 0xCB, 0x6E, 0x60, 0x2F, 0x30, 0x8C, 0x03, 0xF2, 0x05, 0xE0,
    0x1F, 0xB7, 0xAF, 0x10, 0x5D, 0xFE, 0xF0, 0x00, 0x00, 0x8B, 0x00, 0x00,
    0x4E, 0x50, 0x04, 0x9F, 0x90, 0x00, 0xEC, 0x50, 0x00, 0x01, 0x00, 0x00,
    0x00, 0x00, 0x01, 0x00, 0x00, 0x07, 0xD1, 0x00, 0x01, 0x37, 0x20, 0x00,
    0xCA, 0x4F, 0x30, 0x04, 0x40, 0x80, 0x00, 0x00, 0x10, 0x00, 0x02, 0xDF,
    0xA0, 0x00, 0xCB, 0x6E, 0x60, 0x2F, 0x30, 0x8C, 0x03, 0xF2, 0x05, 0xE0,
    0x1F, 0xB7, 0xAF, 0x10, 0x5D, 0xFE, 0xF0, 0x00, 0x00, 0x8B, 0x00, 0x00,
    0x4E, 0x50, 0x04, 0x9F, 0x90, 0x00, 0xEC, 0x50, 0x00, 0x01, 0x00, 0x00,
    0x00, 0x00, 0x00, 0x00, 0x00, 0x10, 0x00, 0x00, 0x00, 0x09, 0xFF, 0xB0,
    0x00, 0x00, 0x09, 0xE7, 0x55, 0x00, 0xA5, 0x01, 0xF6, 0x00, 0x00, 0x0F,
    0x50, 0x3F, 0x20, 0x00, 0x02, 0xF3, 0x02, 0xF8, 0x65, 0x10, 0x3F, 0x10,
    0x09, 0xEF, 0xFC, 0x02, 0xF3, 0x00, 0x00, 0x06, 0xF0, 0x0E, 0x70, 0x00,
    0x00, 0x8E, 0x00, 0x7F, 0x73, 0x24, 0xAF, 0x60, 0x00, 0x8F, 0xFF, 0xFD,
    0x60, 0x00, 0x00, 0x13, 0x42, 0x00, 0x00, 0x00, 0x00, 0x00, 0x00, 0x01,
    0x00, 0x00, 0x00, 0x00, 0x09, 0xFF, 0xB0, 0x00, 0x00, 0x00, 0x9E, 0x75,
    0x50, 0x19, 0xE5, 0x01, 0xF6, 0x00, 0x00, 0xBC, 0xF5, 0x03, 0xF2, 0x00,
    0x00, 0x32, 0xF3, 0x02, 0xF8, 0x65, 0x10, 0x03, 0xF1, 0x00, 0x9E, 0xFF,
    0xC0, 0x02, 0xF3, 0x00, 0x00, 0x06, 0xF0, 0x00, 0xE7, 0x00, 0x00, 0x08,
    0xE0, 0x00, 0x7F, 0x73, 0x24, 0xAF, 0x60, 0x00, 0x08, 0xFF, 0xFF, 0xD6,
    0x00, 0x00, 0x00, 0x13, 0x42, 0x00, 0x00, 0x01, 0x01, 0x00, 0x00, 0x00,
    0x00, 0x65, 0x91, 0x00, 0x00, 0x00, 0x01, 0xB9, 0x00, 0x00, 0x10, 0x00,
    0x05, 0x20, 0x09, 0xFF, 0xB0, 0x00, 0x00, 0x09, 0xE7, 0x55, 0x00, 0xA5,
    0x01, 0xF6, 0x00, 0x00, 0x0F, 0x50, 0x3F, 0x20, 0x00, 0x02, 0xF3, 0x02,
    0xF8, 0x65, 0x10, 0x3F, 0x10, 0x09, 0xEF, 0xFC, 0x02, 0xF3, 0x00, 0x00,
    0x06, 0xF0, 0x0E, 0x70, 0x00, 0x00, 0x8E, 0x00, 0x7F, 0x73, 0x24, 0xAF,
    0x60, 0x00, 0x8F, 0xFF, 0xFD, 0x60, 0x00, 0x00, 0x13, 0x42, 0x00, 0x00,
    0x00, 0x27, 0x00, 0x00, 0x08, 0xE1, 0x00, 0x00, 0x03, 0x00, 0x00, 0x00,
    0x10, 0x00, 0x02, 0xDF, 0xA0, 0x00, 0xCB, 0x6E, 0x60, 0x2F, 0x30, 0x8C,
    0x03, 0xF2, 0x05, 0xE0, 0x1F, 0xB7, 0xAF, 0x10, 0x5D, 0xFE, 0xF0, 0x00,
    0x00, 0x8B, 0x00, 0x00, 0x4E, 0x50, 0x04, 0x9F, 0x90, 0x00, 0xEC, 0x50,
    0x00, 0x01, 0x00, 0x00, 0x00, 0x00, 0x00, 0x00, 0x00, 0x10, 0x00, 0x00,
    0x00, 0x09, 0xFF, 0xB0, 0x00, 0x00, 0x09, 0xE7, 0x55, 0x00, 0xA5, 0x01,
    0xF6, 0x00, 0x00, 0x0F, 0x50, 0x3F, 0x20, 0x00, 0x02, 0xF3, 0x02, 0xF8,
    0x65, 0x10, 0x3F, 0x10, 0x09, 0xEF, 0xFC, 0x02, 0xF3, 0x00, 0x00, 0x06,
    0xF0, 0x0E, 0x70, 0x00, 0x00, 0x8E, 0x00, 0x7F, 0x73, 0x24, 0xAF, 0x60,
    0x00, 0x8F, 0xFF, 0xFD, 0x60, 0x00, 0x00, 0x14, 0x52, 0x00, 0x00, 0x00,
    0x00, 0x8D, 0x10, 0x00, 0x00, 0x00, 0x04, 0x80, 0x00, 0x00, 0x00, 0x00,
    0x6A, 0x00, 0x00, 0x00, 0x00, 0x07, 0xB0, 0x00, 0x00, 0x00, 0x00, 0x00,
    0x00, 0x00, 0x00, 0x00, 0x01, 0xBC, 0x10, 0x00, 0x00, 0x00, 0x00, 0x09,
    0xDC, 0xC1, 0x00, 0x00, 0x00, 0x00, 0x6F, 0x41, 0xD5, 0x00, 0x00, 0x00,
    0x06, 0xF6, 0x00, 0x10, 0x00, 0x00, 0x00, 0x0E, 0x80, 0x00, 0x00, 0x00,
    0x00, 0x00, 0x0B, 0xFA, 0x76, 0x66, 0x77, 0x9A, 0xC8, 0x01, 0x7B, 0xDE,
    0xFF, 0xFE, 0xDB, 0xA5, 0x00, 0x00, 0x01, 0x00, 0x00, 0x00, 0x00, 0x00,
    0x00, 0x0A, 0xFB, 0x00, 0x00, 0x00, 0x00, 0x00, 0x03, 0xF8, 0x50, 0x00,
    0x00, 0x00, 0x00, 0x00, 0x1E, 0x77, 0x20, 0x00, 0x00, 0x00, 0x00, 0x04,
    0xD9, 0x40, 0x00, 0x00, 0x00, 0x00, 0x00, 0x10, 0x00, 0x00, 0x00, 0x00,
    0x00, 0x00, 0x00, 0xAD, 0x30, 0x00, 0x00, 0x00, 0x00, 0x00, 0x9F, 0xAF,
    0x30, 0x00, 0x00, 0x00, 0x00, 0x7F, 0xA0, 0x8C, 0x00, 0x00, 0x00, 0x00,
    0x8F, 0xB1, 0x00, 0x10, 0x00, 0x00, 0x00, 0x2F, 0xE0, 0x00, 0x00, 0x00,
    0x00, 0x00, 0x01, 0xEF, 0xC8, 0x76, 0x66, 0x78, 0x9B, 0xD0, 0x02, 0x8B,
    0xDE, 0xFF, 0xFE, 0xDC, 0xA9, 0x00, 0x06, 0x66, 0x00, 0xFF, 0xF0, 0x00,
    0x00, 0x00, 0x00, 0x00, 0x4D, 0x30, 0x00, 0x00, 0x9F, 0xE5, 0x00, 0x06,
    0xF6, 0xAF, 0x40, 0x1E, 0x70, 0x0A, 0xD0, 0x3F, 0x20, 0x05, 0xF0, 0x1E,
    0xC7, 0x7D, 0xB0, 0x03, 0xBE, 0xEA, 0x10, 0x00, 0x00, 0x00, 0x00, 0x02,
    0x00, 0x30, 0x02, 0x40, 0x75, 0xE0, 0x1E, 0x30, 0x6D, 0x3D, 0x7F, 0x03,
    0xF2, 0x04, 0xFF, 0xCF, 0xC0, 0x2F, 0x72, 0xAF, 0x30, 0x31, 0x00, 0xAF,
    0xFF, 0x80, 0x00, 0x00, 0x00, 0x24, 0x20, 0x00, 0x00, 0x00, 0x00, 0x00,
    0x00, 0x00, 0x00, 0x00, 0x00, 0x00, 0x00, 0x00, 0x00, 0x00, 0x00, 0x00,
    0x00, 0x00, 0x00, 0x00, 0x00, 0x00, 0x00, 0x00, 0x00, 0x00, 0x00, 0x00,
    0x00, 0x00, 0x00, 0x00, 0x00, 0x00, 0x00, 0x00, 0x00, 0x00, 0x00, 0x00,
    0x00, 0x00, 0x00, 0x00, 0x11, 0x10, 0x00, 0x00, 0x00, 0x00, 0x00, 0x10,
    0x6A, 0xEE, 0xEE, 0xEB, 0x71, 0x10, 0x00, 0x00, 0x8F, 0xED, 0x73, 0x22,
    0x23, 0x8D, 0xFF, 0xA0, 0x00, 0x0D, 0x7F, 0xFF, 0xFF, 0xFF, 0xFF, 0xFF,
    0x7F, 0x00, 0x00, 0xD9, 0xF5, 0x44, 0x44, 0x44, 0x47, 0xF9, 0xE0, 0x00,
    0x5F, 0xFB, 0x00, 0x00, 0x00, 0x00, 0x1D, 0xFF, 0x60, 0x0B, 0xE3, 0x10,
    0x00, 0x00, 0x00, 0x00, 0x13, 0xEA, 0x00, 0xF8, 0x00, 0x00, 0x00, 0x00,
    0x00, 0x00, 0x07, 0xD0, 0x3F, 0x30, 0x00, 0x00, 0x00, 0x00, 0x00, 0x00,
    0x2F, 0x03, 0xF2, 0x00, 0x00, 0x00, 0x00, 0x00, 0x00, 0x00, 0xF1, 0x3F,
    0x20, 0x00, 0x00, 0x00, 0x00, 0x00, 0x00, 0x0F, 0x01, 0xF4, 0x00, 0x00,
    0x00, 0x00, 0x00, 0x00, 0x02, 0xE0, 0x0C, 0x80, 0x00, 0x00, 0x00, 0x00,
    0x00, 0x00, 0x8B, 0x00, 0x6E, 0x51, 0x00, 0x00, 0x00, 0x00, 0x02, 0x5E,
    0x70, 0x00, 0xDF, 0xB0, 0x00, 0x00, 0x00, 0x00, 0xEF, 0xE1, 0x00, 0x0D,
    0x9F, 0x22, 0x22, 0x22, 0x22, 0x4F, 0x9E, 0x00, 0x00, 0xAF, 0xFF, 0xFF,
    0xFF, 0xFF, 0xFF, 0xFF, 0xC0, 0x00, 0x00, 0x44, 0xBA, 0x87, 0x67, 0x8B,
    0xD5, 0x41, 0x00, 0x00, 0x00, 0x01, 0x8E, 0xFF, 0xFE, 0x91, 0x00, 0x00,
    0x00, 0x00, 0x00, 0x00, 0x03, 0x43, 0x00, 0x00, 0x00, 0x00, 0x00, 0x00,
    0x00, 0x00, 0x00, 0x00, 0x00, 0x00, 0x00, 0x00, 0x00, 0x4C, 0x30, 0x00,
    0x00, 0x00, 0x00, 0x02, 0x25, 0x82, 0xB4, 0x22, 0x20, 0x00, 0x00, 0x4F,
    0xFF, 0xFF, 0xFF, 0xFF, 0xF1, 0x00, 0x00, 0x4F, 0x87, 0x44, 0x47, 0xA7,
    0xF1, 0x00, 0x00, 0x4F, 0x80, 0x00, 0x00, 0x5A, 0xF1, 0x00, 0x00, 0x8F,
    0x20, 0x01, 0x00, 0x06, 0xF4, 0x00, 0x06, 0xAF, 0x10, 0xBF, 0x90, 0x04,
    0xFA, 0x30, 0x2B, 0x4F, 0x13, 0xFB, 0xF0, 0x04, 0xF1, 0xC0, 0x06, 0x9F,
    0x11, 0xDF, 0xB0, 0x04, 0xF8, 0x40, 0x00, 0x7F, 0x30, 0x14, 0x00, 0x06,
    0xF5, 0x00, 0x00, 0x4F, 0x62, 0x00, 0x01, 0x77, 0xF1, 0x00, 0x00, 0x4F,
    0xFF, 0xFF, 0xFF, 0xFF, 0xF1, 0x00, 0x00, 0x26, 0x69, 0xA6, 0xB9, 0x66,
    0x60, 0x00, 0x00, 0x00, 0x00, 0x89, 0x70, 0x00, 0x00, 0x00, 0x00, 0x00,
    0x00, 0x03, 0x00, 0x00, 0x00, 0x00, 0x00, 0x00, 0x00, 0x00, 0x00, 0x00,
    0x4C, 0x20, 0x00, 0x00, 0x5A, 0x2B, 0x20, 0x00, 0x5B, 0x29, 0x3C, 0x20,
    0x6C, 0x1C, 0x5B, 0x4D, 0x12, 0xC5, 0x8C, 0x69, 0xB0, 0x01, 0xE4, 0xF4,
    0xF2, 0x00, 0x0E, 0x5F, 0x5F, 0x10, 0x00, 0xE5, 0xF5, 0xF1, 0x00, 0x0E,
    0x5F, 0x5F, 0x10, 0x1B, 0xA5, 0xE3, 0xAB, 0x04, 0xFF, 0xFF, 0xFF, 0xF1,
    0x14, 0x44, 0x44, 0x44, 0x00, 0x00, 0x10, 0x00, 0x07, 0xFE, 0x50, 0x2F,
    0x8A, 0xE0, 0x3F, 0x68, 0xF0, 0x0A, 0xFF, 0x70, 0x00, 0x33, 0x00, 0x00,
    0x00, 0x00, 0x14, 0x00, 0x6E, 0x10, 0x1E, 0x50, 0x0B, 0x90, 0x08, 0xB0,
    0x07, 0xD0, 0x05, 0xF0, 0x05, 0xF0, 0x04, 0xF1, 0x04, 0xF1, 0x04, 0xF1,
    0x13, 0x00, 0x01, 0x40, 0x6E, 0x10, 0x04, 0xF1, 0x1E, 0x60, 0x05, 0xE0,
    0x0B, 0xD4, 0x2B, 0xC0, 0x08, 0xFF, 0xFF, 0x50, 0x07, 0xE3, 0x41, 0x00,
    0x05, 0xF0, 0x00, 0x00, 0x05, 0xF1, 0x00, 0x00, 0x04, 0xF1, 0x00, 0x00,
    0x04, 0xF1, 0x00, 0x00, 0x04, 0xF1, 0x00, 0x00, 0x15, 0x00, 0x00, 0x02,
    0x60, 0x5F, 0x10, 0x4F, 0x14, 0xF1, 0x0E, 0x60, 0x4F, 0x14, 0xF0, 0x0B,
    0xD3, 0x9F, 0x69, 0xD0, 0x08, 0xFF, 0xFA, 0xFF, 0x60, 0x07, 0xF4, 0x20,
    0x33, 0x00, 0x05, 0xF1, 0x00, 0x00, 0x00, 0x05, 0xF1, 0x00, 0x00, 0x00,
    0x04, 0xF1, 0x00, 0x00, 0x00, 0x04, 0xF1, 0x00, 0x00, 0x00, 0x04, 0xF1,
    0x00, 0x00, 0x00, 0x00, 0x00, 0x00, 0x00, 0x05, 0xC0, 0x08, 0xEE, 0x60,
    0x2F, 0x36, 0xE8, 0x97, 0x00, 0xD8, 0xC6, 0x00, 0x00, 0x0A, 0xEE, 0x20,
    0x00, 0x00, 0x8F, 0xF8, 0x22, 0x60, 0x06, 0xE8, 0xFF, 0xFF, 0x00, 0x5F,
    0x01, 0x44, 0x10, 0x04, 0xF1, 0x00, 0x00, 0x00, 0x4F, 0x10, 0x00, 0x00,
    0x04, 0xF1, 0x00, 0x00, 0x00, 0x4F, 0x10, 0x00, 0x00, 0x00, 0x02, 0x00,
    0x00, 0x00, 0x00, 0xB9, 0x00, 0x00, 0x00, 0x0C, 0xF7, 0x00, 0x00, 0x06,
    0xF8, 0xF4, 0x00, 0x01, 0xE8, 0x09, 0xD0, 0x00, 0x8E, 0x10, 0x1E, 0x60,
    0x0D, 0x70, 0x00, 0x9B, 0x02, 0xF3, 0x00, 0x05, 0xF0, 0x3F, 0x22, 0xE0,
    0x5F, 0x01, 0xFA, 0xBF, 0x9B, 0xD0, 0x07, 0xEC, 0x4D, 0xE5, 0x00, 0x01,
    0xAE, 0xD6, 0x00, 0x0B, 0xE8, 0x86, 0x00, 0x2F, 0x50, 0x00, 0x00, 0x3F,
    0x30, 0x00, 0x40, 0x0C, 0xEA, 0x8D, 0xD0, 0x01, 0x7D, 0xFB, 0x20, 0x00,
    0x2E, 0xA0, 0x00, 0x00, 0xCC, 0x00, 0x00, 0x06, 0xE2, 0x00, 0x00, 0x0E,
    0x80, 0x00, 0x00, 0x06, 0x10, 0x00, 0x00, 0x03, 0x00, 0x00, 0x03, 0x12,
    0xF5, 0x00, 0x00, 0xD9, 0x0A, 0xC0, 0x00, 0x6F, 0x20, 0x3F, 0x30, 0x0C,
    0x90, 0x00, 0xC9, 0x03, 0xF3, 0x00, 0x06, 0xE0, 0x8C, 0x00, 0x00, 0x1F,
    0x4D, 0x70, 0x00, 0x00, 0xB9, 0xF2, 0x00, 0x00, 0x07, 0xFD, 0x00, 0x00,
    0x00, 0x3F, 0xA0, 0x00, 0x00, 0x01, 0xF7, 0x00, 0x00, 0x00, 0x01, 0xF7,
    0x00, 0x00, 0x00, 0x3F, 0xA0, 0x00, 0x00, 0x07, 0xFD, 0x00, 0x00, 0x00,
    0xB9, 0xF2, 0x00, 0x00, 0x1F, 0x4D, 0x70, 0x00, 0x06, 0xE0, 0x8C, 0x00,
    0x00, 0xC9, 0x03, 0xF3, 0x00, 0x3F, 0x30, 0x0C, 0x90, 0x0A, 0xC0, 0x00,
    0x6F, 0x22, 0xF5, 0x00, 0x00, 0xD9, 0x03, 0x00, 0x00, 0x03, 0x10, 0x01,
    0xCE, 0xA0, 0x00, 0xBC, 0x8F, 0x70, 0x1F, 0x40, 0xAC, 0x03, 0xF2, 0x07,
    0xE0, 0x2F, 0x72, 0x8F, 0x00, 0xAF, 0xFF, 0xF1, 0x00, 0x24, 0x6F, 0x10,
    0x00, 0x04, 0xF1, 0x00, 0x00, 0x4F, 0x10, 0x00, 0x04, 0xF1, 0x00, 0x00,
    0x4F, 0x10, 0x00, 0x00, 0x00, 0x00, 0x0A, 0x50, 0x00, 0x00, 0x00, 0x00,
    0x00, 0x2D, 0x90, 0x00, 0x00, 0x00, 0x00, 0x00, 0x01, 0x01, 0x79, 0x00,
    0x00, 0x00, 0x00, 0x04, 0xAF, 0xE7, 0x00, 0x00, 0x00, 0x03, 0xDF, 0xB5,
    0x00, 0x00, 0x00, 0x00, 0x09, 0xF4, 0x00, 0x00, 0x00, 0x00, 0x00, 0x02,
    0xDE, 0x50, 0x00, 0x06, 0x10, 0x00, 0x00, 0x19, 0xF7, 0x00, 0x2F, 0x30,
    0x00, 0x00, 0x00, 0x6F, 0x60, 0x3F, 0x20, 0x00, 0x00, 0x00, 0x08, 0xE0,
    0x1F, 0x70, 0x00, 0x00, 0x00, 0x05, 0xF0, 0x08, 0xFC, 0x87, 0x66, 0x67,
    0x8E, 0xC0, 0x00, 0x4A, 0xDE, 0xFF, 0xFF, 0xD9, 0x10, 0x00, 0x00, 0x00,
    0x00, 0x04, 0xA1, 0x00, 0x00, 0x00, 0x00, 0x00, 0x06, 0xD1, 0x00, 0x00,
    0x00, 0x00, 0x00, 0x96, 0x1B, 0x30, 0x00, 0x00, 0x00, 0x00, 0xB8, 0x2D,
    0x50, 0x00, 0x00, 0x00, 0x00, 0x00, 0x01, 0x79, 0x00, 0x00, 0x00, 0x00,
    0x04, 0xAF, 0xE7, 0x00, 0x00, 0x00, 0x03, 0xDF, 0xB5, 0x00, 0x00, 0x00,
    0x00, 0x09, 0xF4, 0x00, 0x00, 0x00, 0x00, 0x00, 0x02, 0xDE, 0x50, 0x00,
    0x06, 0x10, 0x00, 0x00, 0x19, 0xF7, 0x00, 0x2F, 0x30, 0x00, 0x00, 0x00,
    0x6F, 0x60, 0x3F, 0x20, 0x00, 0x00, 0x00, 0x08, 0xE0, 0x1F, 0x70, 0x00,
    0x00, 0x00, 0x05, 0xF0, 0x08, 0xFC, 0x87, 0x66, 0x67, 0x8E, 0xC0, 0x00,
    0x4A, 0xDE, 0xFF, 0xFF, 0xD9, 0x10, 0x00, 0x01, 0x00, 0x00, 0xAF, 0x80,
    0x07, 0x99, 0xF0, 0x5B, 0x28, 0xE0, 0x8E, 0xFD, 0x60, 0x04, 0xF1, 0x00,
    0x04, 0xF1, 0x00, 0x04, 0xF1, 0x00, 0x04, 0xF1, 0x00, 0x04, 0xF1, 0x00,
    0x04, 0xF1, 0x00, 0x04, 0xF1, 0x00, 0x04, 0xF1, 0x00, 0x04, 0xF1, 0x00,
    0x04, 0xF1, 0x00, 0x00, 0x01, 0x00, 0x00, 0x8F, 0x80, 0x04, 0xA9, 0xF0,
    0x4B, 0x37, 0xF0, 0x7F, 0xFF, 0x90, 0x02, 0x42, 0x00, 0x04, 0xF1, 0x00,
    0x04, 0xF1, 0x00, 0x04, 0xF1, 0x00, 0x04, 0xF1, 0x00, 0x04, 0xF1, 0x00,
    0x04, 0xF1, 0x00, 0x03, 0xF3, 0x00, 0x00, 0xDC, 0x70, 0x00, 0x3C, 0xE1,
    0x06, 0x10, 0x00, 0x00, 0x00, 0x02, 0x60, 0x2F, 0x30, 0x00, 0x00, 0x00,
    0x06, 0xE0, 0x3F, 0x20, 0x00, 0x00, 0x00, 0x04, 0xF1, 0x2F, 0x70, 0x00,
    0x00, 0x00, 0x05, 0xF0, 0x09, 0xFB, 0x87, 0x66, 0x66, 0x9E, 0xA0, 0x00,
    0x5A, 0xDE, 0xFF, 0xFE, 0xC7, 0x10, 0x00, 0x00, 0x00, 0x00, 0x00, 0x00,
    0x00, 0x00, 0x00, 0x0A, 0x52, 0xB2, 0x00, 0x00, 0x00, 0x00, 0x0B, 0x73,
    0xD3, 0x00, 0x00, 0x00, 0x00, 0x00, 0x6A, 0x00, 0x00, 0x00, 0x00, 0x00,
    0x00, 0x6B, 0x00, 0x00, 0x00, 0x00, 0x00, 0x00, 0x00, 0x00, 0x00, 0x00,
    0x06, 0x10, 0x00, 0x00, 0x00, 0x00, 0x00, 0x00, 0x2F, 0x30, 0x00, 0x00,
    0x00, 0x03, 0xA0, 0x00, 0x3F, 0x20, 0x00, 0x00, 0x00, 0x04, 0xF0, 0x00,
    0x1F, 0x70, 0x00, 0x00, 0x00, 0x07, 0xF2, 0x00, 0x09, 0xFB, 0x87, 0x66,
    0x78, 0xBF, 0xDD, 0x72, 0x00, 0x5A, 0xDE, 0xFF, 0xFD, 0xA4, 0x1A, 0xE4,
    0x00, 0x00, 0x00, 0x00, 0x00, 0x00, 0x00, 0x00, 0x00, 0x00, 0x0A, 0x52,
    0xB2, 0x00, 0x00, 0x00, 0x00, 0x00, 0x0B, 0x63, 0xD2, 0x00, 0x00, 0x00,
    0x00, 0x00, 0x00, 0x6A, 0x00, 0x00, 0x00, 0x00, 0x00, 0x00, 0x00, 0x6A,
    0x00, 0x00, 0x00, 0x00, 0x00, 0x00, 0x00, 0x00, 0x00, 0x00, 0x00, 0x00,
    0x00, 0x00, 0x36, 0x00, 0x00, 0x06, 0xF0, 0x00, 0x00, 0x4F, 0x10, 0x00,
    0x05, 0xF0, 0x02, 0x67, 0xDB, 0x00, 0x4F, 0xFC, 0x20, 0x00, 0x00, 0x00,
    0x00, 0x96, 0x2B, 0x20, 0x0A, 0x72, 0xD3, 0x00, 0x05, 0xB1, 0x00, 0x00,
    0x5B, 0x10, 0x00, 0x00, 0x00, 0x00, 0x00, 0x03, 0xB1, 0x00, 0x00, 0x4F,
    0x10, 0x00, 0x06, 0xF2, 0x00, 0x67, 0xDF, 0xC7, 0x0F, 0xEA, 0x2B, 0xF0,
    0x00, 0x00, 0x00, 0x69, 0x1B, 0x20, 0x07, 0xA2, 0xC3, 0x00, 0x03, 0xB1,
    0x00, 0x00, 0x3C, 0x10, 0x00, 0x00, 0x00, 0x00, 0x00, 0x00, 0x00, 0x04,
    0xF1, 0x10, 0x00, 0x00, 0x00, 0x00, 0x04, 0xF8, 0xF4, 0x00, 0x00, 0x00,
    0x00, 0x04, 0xFD, 0x69, 0x00, 0x00, 0x00, 0x00, 0x04, 0xF3, 0x27, 0x00,
    0x00, 0x01, 0x00, 0x3C, 0xDB, 0x80, 0x00, 0x20, 0x1F, 0x30, 0x00, 0x00,
    0x00, 0x06, 0xE0, 0x3F, 0x20, 0x00, 0x00, 0x00, 0x05, 0xF0, 0x2F, 0x60,
    0x00, 0x00, 0x00, 0x05, 0xF0, 0x0A, 0xFB, 0x87, 0x66, 0x66, 0x8E, 0xB0,
    0x00, 0x6A, 0xDF, 0xFF, 0xFE, 0xC8, 0x10, 0x00, 0x00, 0x04, 0xF1, 0x10,
    0x00, 0x00, 0x00, 0x00, 0x00, 0x04, 0xF7, 0xF5, 0x00, 0x00, 0x00, 0x00,
    0x00, 0x04, 0xFD, 0x6A, 0x00, 0x00, 0x00, 0x00, 0x00, 0x04, 0xF3, 0x28,
    0x00, 0x00, 0x00, 0x01, 0x00, 0x3C, 0xDB, 0x91, 0x00, 0x00, 0x00, 0x1F,
    0x30, 0x00, 0x00, 0x00, 0x01, 0x50, 0x00, 0x3F, 0x20, 0x00, 0x00, 0x00,
    0x04, 0xF0, 0x00, 0x2F, 0x60, 0x00, 0x00, 0x00, 0x06, 0xF2, 0x00, 0x0A,
    0xFB, 0x87, 0x66, 0x78, 0xBF, 0xDC, 0x72, 0x00, 0x6A, 0xDF, 0xFF, 0xFD,
    0xA4, 0x1A, 0xE4, 0x02, 0x81, 0x00, 0x04, 0xF1, 0x10, 0x04, 0xF9, 0xE1,
    0x04, 0xFA, 0x63, 0x3C, 0xDB, 0x70, 0x00, 0x00, 0x00, 0x00, 0x04, 0x90,
    0x00, 0x05, 0xF0, 0x00, 0x04, 0xF1, 0x00, 0x05, 0xF0, 0x26, 0x7D, 0xB0,
    0x4F, 0xFB, 0x20, 0x4F, 0x10, 0x00, 0x4F, 0x11, 0x00, 0x4F, 0x7F, 0x70,
    0x4F, 0x96, 0xA0, 0xCD, 0xBA, 0x20, 0x00, 0x00, 0x00, 0x00, 0x2B, 0x10,
    0x00, 0x4F, 0x10, 0x00, 0x6F, 0x20, 0x67, 0xEF, 0xC7, 0xFE, 0x92, 0xBF,
    0x00, 0x00, 0x00, 0x00, 0x00, 0x00, 0x00, 0x00, 0x00, 0x00, 0x00, 0x08,
    0xA0, 0x00, 0x00, 0x00, 0x00, 0x00, 0x14, 0x71, 0x00, 0x00, 0x00, 0x00,
    0x01, 0xC7, 0x5D, 0x10, 0x00, 0x00, 0x00, 0x00, 0x84, 0x29, 0x00, 0x00,
    0x00, 0x00, 0x00, 0x00, 0x10, 0x00, 0x00, 0x00, 0x00, 0x00, 0x3E, 0xFA,
    0x00, 0x00, 0x00, 0x00, 0x00, 0xDB, 0x6F, 0x70, 0x05, 0x10, 0x00, 0x02,
    0xF2, 0x09, 0xC0, 0x2F, 0x30, 0x00, 0x03, 0xF5, 0x28, 0xE0, 0x3F, 0x20,
    0x00, 0x00, 0xBF, 0xFF, 0xF1, 0x2F, 0x70, 0x00, 0x00, 0x03, 0x46, 0xF0,
    0x09, 0xFC, 0x87, 0x66, 0x66, 0x7D, 0xC0, 0x00, 0x5A, 0xDE, 0xFF, 0xFF,
    0xEB, 0x20, 0x00, 0x00, 0x00, 0x00, 0x00, 0x00, 0x00, 0x00, 0x00, 0x00,
    0x00, 0x00, 0x00, 0x4D, 0x10, 0x00, 0x00, 0x00, 0x00, 0x00, 0x00, 0x3A,
    0x10, 0x00, 0x00, 0x00, 0x00, 0x00, 0x09, 0xB2, 0xD5, 0x00, 0x00, 0x00,
    0x00, 0x00, 0x05, 0x70, 0xA2, 0x00, 0x00, 0x00, 0x00, 0x00, 0x00, 0x01,
    0x00, 0x00, 0x01, 0x00, 0x00, 0x00, 0x03, 0xDF, 0xB2, 0x00, 0x1E, 0x30,
    0x00, 0x00, 0x0D, 0xB6, 0xDB, 0x00, 0x3F, 0x20, 0x00, 0x00, 0x3F, 0x20,
    0x5F, 0x00, 0x2F, 0x60, 0x00, 0x00, 0x1E, 0x70, 0x9C, 0x00, 0x0A, 0xFB,
    0x87, 0x66, 0x6A, 0xFD, 0xF8, 0x62, 0x00, 0x5A, 0xDE, 0xFF, 0xED, 0xA8,
    0xBE, 0xF4, 0x00, 0x00, 0x00, 0x00, 0x00, 0x07, 0xB0, 0x00, 0x00, 0x14,
    0x71, 0x00, 0x01, 0xC8, 0x5D, 0x10, 0x00, 0x74, 0x29, 0x00, 0x00, 0x00,
    0x10, 0x00, 0x00, 0x4E, 0xFA, 0x00, 0x00, 0xDB, 0x6E, 0x70, 0x03, 0xF3,
    0x09, 0xC0, 0x03, 0xF5, 0x28, 0xE0, 0x00, 0xBF, 0xFF, 0xF1, 0x00, 0x03,
    0x46, 0xF0, 0x26, 0x66, 0x7D, 0xC0, 0x4F, 0xFF, 0xEB, 0x20, 0x00, 0x00,
    0x00, 0x00, 0x00, 0x04, 0xD2, 0x00, 0x00, 0x03, 0xA1, 0x00, 0x00, 0x8B,
    0x2D, 0x50, 0x00, 0x57, 0x09, 0x20, 0x00, 0x00, 0x10, 0x00, 0x00, 0x3D,
    0xFB, 0x20, 0x00, 0xDB, 0x6D, 0xB0, 0x03, 0xF2, 0x05, 0xF0, 0x01, 0xE7,
    0x09, 0xC0, 0x66, 0xAF, 0xDF, 0x86, 0xFF, 0xDA, 0x8C, 0xEF, 0x00, 0x01,
    0x00, 0x00, 0x00, 0x00, 0x3C, 0xFE, 0x81, 0x00, 0x00, 0x1E, 0xC5, 0x8E,
    0xFA, 0x41, 0x00, 0x51, 0x00, 0x4D, 0xFF, 0xB0, 0x00, 0x05, 0xCF, 0xEA,
    0x74, 0x00, 0x08, 0xFB, 0x40, 0x00, 0x00, 0x06, 0xF7, 0x11, 0x02, 0x00,
    0x00, 0xD9, 0x0B, 0xC2, 0xE7, 0x00, 0x2F, 0x30, 0x45, 0x27, 0x20, 0x03,
    0xF2, 0x00, 0x6E, 0x20, 0x00, 0x1F, 0x80, 0x01, 0x80, 0x00, 0x00, 0x8F,
    0xA4, 0x22, 0x47, 0x80, 0x00, 0x7E, 0xFF, 0xFF, 0xE9, 0x00, 0x00, 0x02,
    0x44, 0x20, 0x00, 0x00, 0x01, 0x00, 0x00, 0x00, 0x00, 0x03, 0xCF, 0xE8,
    0x20, 0x00, 0x00, 0x1E, 0xC5, 0x9E, 0xFA, 0x52, 0x00, 0x05, 0x10, 0x05,
    0xDF, 0xFB, 0x00, 0x00, 0x05, 0xDF, 0xEF, 0x74, 0x00, 0x00, 0x9F, 0xB3,
    0x3F, 0x30, 0x00, 0x07, 0xF6, 0x00, 0x0D, 0xD7, 0x62, 0x0E, 0x92, 0x20,
    0x43, 0xBE, 0xF4, 0x3F, 0x3A, 0xB5, 0xF2, 0x00, 0x00, 0x3F, 0x21, 0x46,
    0x20, 0x00, 0x00, 0x1F, 0x80, 0x5B, 0x00, 0x00, 0x00, 0x08, 0xF9, 0x43,
    0x24, 0x78, 0x00, 0x00, 0x7E, 0xFF, 0xFF, 0xE9, 0x00, 0x00, 0x00, 0x24,
    0x42, 0x00, 0x00, 0x00, 0x01, 0x00, 0x00, 0x00, 0x00, 0x09, 0xFF, 0xA3,
    0x00, 0x00, 0x09, 0xE6, 0x7C, 0xFC, 0x63, 0x00, 0x13, 0x00, 0x02, 0xCF,
    0xF0, 0x00, 0x00, 0x17, 0xDE, 0x94, 0x06, 0x68, 0xBF, 0xE8, 0x10, 0x00,
    0xFF, 0xDB, 0x61, 0x00, 0x00, 0x00, 0x00, 0x00, 0x00, 0x00, 0x00, 0x00,
    0x08, 0x71, 0xB2, 0x00, 0x00, 0x00, 0x98, 0x2C, 0x30, 0x00, 0x00, 0x00,
    0x4B, 0x10, 0x00, 0x00, 0x00, 0x05, 0xB1, 0x00, 0x00, 0x00, 0x00, 0x00,
    0x00, 0x00, 0x00, 0x00, 0x01, 0x00, 0x00, 0x00, 0x00, 0x09, 0xFF, 0xA3,
    0x00, 0x00, 0x09, 0xE6, 0x7C, 0xFC, 0x63, 0x00, 0x13, 0x00, 0x03, 0xCF,
    0xF0, 0x00, 0x00, 0x17, 0xDF, 0xA3, 0x06, 0x78, 0xBF, 0xE7, 0x9C, 0x76,
    0xFF, 0xDA, 0x61, 0x01, 0xAE, 0xF0, 0x00, 0x00, 0x00, 0x00, 0x00, 0x00,
    0x08, 0x71, 0xB2, 0x00, 0x00, 0x00, 0xA8, 0x2C, 0x30, 0x00, 0x00, 0x00,
    0x4B, 0x10, 0x00, 0x00, 0x00, 0x05, 0xB1, 0x00, 0x00, 0x00, 0x00, 0x00,
    0x00, 0x00, 0x00, 0x00, 0x4F, 0x11, 0x00, 0x00, 0x04, 0xF7, 0xF9, 0x00,
    0x00, 0x4F, 0xA6, 0xD0, 0x00, 0x5C, 0xDB, 0xA3, 0x00, 0x00, 0x00, 0x00,
    0x00, 0x00, 0x00, 0x2A, 0x20, 0x00, 0x00, 0x07, 0xFE, 0x40, 0x00, 0x00,
    0x03, 0xDF, 0x30, 0x00, 0x00, 0x01, 0xDB, 0x00, 0x00, 0x00, 0x06, 0xF0,
    0x00, 0x00, 0x00, 0x7F, 0x00, 0x67, 0x67, 0xBF, 0x90, 0x0A, 0xEF, 0xEC,
    0x70, 0x00, 0x00, 0x28, 0x00, 0x00, 0x00, 0x04, 0xF1, 0x10, 0x00, 0x00,
    0x4F, 0x8F, 0x60, 0x00, 0x04, 0xF9, 0x69, 0x00, 0x04, 0xCD, 0xB9, 0x20,
    0x00, 0x00, 0x00, 0x00, 0x00, 0x00, 0x00, 0x37, 0x00, 0x00, 0x00, 0x05,
    0xE1, 0x00, 0x00, 0x00, 0x0E, 0x60, 0x00, 0x00, 0x00, 0x8B, 0x00, 0x00,
    0x00, 0x03, 0xF2, 0x00, 0x00, 0x00, 0x3F, 0x80, 0x08, 0x77, 0x9E, 0xEF,
    0x70, 0xDF, 0xFD, 0x81, 0x9E, 0x00, 0x04, 0x00, 0x00, 0x6F, 0x40, 0x02,
    0x35, 0x41, 0x0B, 0xD2, 0xE9, 0x02, 0x30, 0x41, 0x00, 0x00, 0x10, 0x00,
    0x0A, 0xB0, 0x00, 0x07, 0xE0, 0x00, 0x05, 0xF1, 0x00, 0x05, 0xF0, 0x00,
    0x08, 0xD0, 0x00, 0x2E, 0x70, 0x16, 0xEC, 0x00, 0x8E, 0x81, 0x00, 0x10,
    0x00, 0x00, 0x00, 0x04, 0x00, 0x00, 0x02, 0xF7, 0x00, 0x00, 0x45, 0x32,
    0x00, 0x7F, 0x2C, 0xC0, 0x00, 0x40, 0x22, 0x00, 0x00, 0x01, 0x00, 0x00,
    0x06, 0xE0, 0x00, 0x00, 0x3F, 0x30, 0x00, 0x01, 0xFD, 0x60, 0x00, 0x1F,
    0xCE, 0x00, 0x04, 0xF1, 0x00, 0x00, 0xCB, 0x00, 0x15, 0xCE, 0x20, 0x04,
    0xFA, 0x20, 0x00, 0x01, 0x00, 0x00, 0x00, 0x00, 0x29, 0x10, 0x00, 0x04,
    0xF1, 0x10, 0x00, 0x4F, 0x9E, 0x10, 0x2A, 0xFD, 0xD3, 0x04, 0xDD, 0xC7,
    0x00, 0x00, 0x00, 0x00, 0x00, 0x00, 0x46, 0x00, 0x00, 0x08, 0xC0, 0x00,
    0x00, 0x5F, 0x00, 0x00, 0x04, 0xF1, 0x00, 0x00, 0x6E, 0x00, 0x00, 0x0C,
    0xA0, 0x00, 0x19, 0xF2, 0x00, 0x9E, 0xE4, 0x00, 0x07, 0x71, 0x00, 0x00,
    0x00, 0x4F, 0x10, 0x00, 0x04, 0xF9, 0xC0, 0x00, 0x4F, 0xA5, 0x00, 0x3C,
    0xDA, 0x50, 0x00, 0x00, 0x00, 0x00, 0x00, 0x04, 0x00, 0x00, 0x00, 0xE1,
    0x00, 0x00, 0x0E, 0x50, 0x00, 0x00, 0xED, 0x70, 0x00, 0x0F, 0xCE, 0x00,
    0x03, 0xF2, 0x00, 0x00, 0xBC, 0x00, 0x04, 0xBF, 0x40, 0x00, 0xCD, 0x40,
    0x00, 0x01, 0x00, 0x00, 0x00, 0x00, 0x00, 0x00, 0x00, 0x00, 0x01, 0x79,
    0x00, 0x00, 0x00, 0x00, 0x04, 0xAF, 0xE7, 0x00, 0x00, 0x00, 0x03, 0xDF,
    0xB5, 0x00, 0x00, 0x00, 0x00, 0x09, 0xF4, 0x00, 0x00, 0x00, 0x00, 0x00,
    0x02, 0xDE, 0x50, 0x00, 0x06, 0x10, 0x00, 0x00, 0x19, 0xF7, 0x00, 0x2F,
    0x30, 0x00, 0x00, 0x00, 0x6F, 0x60, 0x3F, 0x20, 0x00, 0x00, 0x00, 0x08,
    0xE0, 0x1F, 0x70, 0x00, 0x00, 0x00, 0x05, 0xF0, 0x08, 0xFC, 0x87, 0x66,
    0x67, 0x8E, 0xC0, 0x00, 0x4A, 0xDE, 0xFF, 0xFF, 0xD9, 0x10, 0x00, 0x00,
    0x00, 0x00, 0x00, 0x02, 0x78, 0x00, 0x00, 0x00, 0x00, 0x00, 0x04, 0xAF,
    0xD5, 0x00, 0x00, 0x00, 0x00, 0x05, 0xDF, 0xA4, 0x00, 0x00, 0x00, 0x00,
    0x00, 0x0B, 0xE3, 0x00, 0x00, 0x00, 0x00, 0x00, 0x00, 0x03, 0xED, 0x30,
    0x00, 0x00, 0x06, 0x10, 0x00, 0x00, 0x1B, 0xE4, 0x00, 0x00, 0x2F, 0x30,
    0x00, 0x00, 0x00, 0x9F, 0x30, 0x00, 0x3F, 0x20, 0x00, 0x00, 0x00, 0x0B,
    0xC0, 0x00, 0x1F, 0x70, 0x00, 0x00, 0x00, 0x08, 0xF4, 0x00, 0x09, 0xFC,
    0x87, 0x66, 0x67, 0x9F, 0xDE, 0x82, 0x00, 0x5A, 0xDE, 0xFF, 0xFF, 0xD7,
    0x09, 0xE4, 0x00, 0x00, 0x01, 0x79, 0x00, 0x04, 0xAF, 0xE7, 0x04, 0xDF,
    0xC5, 0x00, 0x0A, 0xF5, 0x00, 0x00, 0x03, 0xDE, 0x60, 0x00, 0x00, 0x19,
    0xF8, 0x00, 0x00, 0x00, 0x6F, 0x60, 0x00, 0x00, 0x08, 0xE0, 0x00, 0x00,
    0x05, 0xF1, 0x16, 0x67, 0x8E, 0xC0, 0x3F, 0xFF, 0xD9, 0x10, 0x00, 0x00,
    0x28, 0x50, 0x00, 0x4A, 0xFC, 0x30, 0x3C, 0xE9, 0x30, 0x00, 0x8D, 0x10,
    0x00, 0x00, 0x2C, 0xC2, 0x00, 0x00, 0x01, 0xAE, 0x30, 0x00, 0x00, 0x08,
    0xE2, 0x00, 0x00, 0x00, 0xB9, 0x00, 0x00, 0x00, 0x9F, 0x20, 0x66, 0x79,
    0xFD, 0xD7, 0xFF, 0xFC, 0x61, 0xAF, 0x00, 0x00, 0x00, 0x00, 0x00, 0x02,
    0x80, 0x00, 0x00, 0x00, 0x00, 0x04, 0xAB, 0x50, 0x00, 0x00, 0x00, 0x06,
    0xC9, 0x35, 0xB0, 0x00, 0x00, 0x00, 0x05, 0x27, 0xDF, 0xA0, 0x00, 0x00,
    0x00, 0x09, 0xFE, 0x82, 0x00, 0x00, 0x00, 0x00, 0x1F, 0xD1, 0x00, 0x00,
    0x00, 0x00, 0x00, 0x06, 0xED, 0x30, 0x00, 0x06, 0x10, 0x00, 0x00, 0x2B,
    0xF6, 0x00, 0x2F, 0x30, 0x00, 0x00, 0x00, 0x8F, 0x50, 0x3F, 0x20, 0x00,
    0x00, 0x00, 0x08, 0xE0, 0x1F, 0x70, 0x00, 0x00, 0x00, 0x05, 0xF0, 0x08,
    0xFC, 0x87, 0x66, 0x67, 0x8E, 0xC0, 0x00, 0x4A, 0xDE, 0xFF, 0xFF, 0xD9,
    0x10, 0x00, 0x00, 0x00, 0x00, 0x00, 0x02, 0x80, 0x00, 0x00, 0x00, 0x00,
    0x00, 0x04, 0xAB, 0x50, 0x00, 0x00, 0x00, 0x00, 0x06, 0xC9, 0x35, 0xB0,
    0x00, 0x00, 0x00, 0x00, 0x05, 0x27, 0xDF, 0xA0, 0x00, 0x00, 0x00, 0x00,
    0x09, 0xFD, 0x71, 0x00, 0x00, 0x00, 0x00, 0x00, 0x1F, 0xA0, 0x00, 0x00,
    0x00, 0x00, 0x00, 0x00, 0x07, 0xFA, 0x10, 0x00, 0x00, 0x06, 0x10, 0x00,
    0x00, 0x4E, 0xD2, 0x00, 0x00, 0x2F, 0x30, 0x00, 0x00, 0x02, 0xDE, 0x20,
    0x00, 0x3F, 0x20, 0x00, 0x00, 0x00, 0x3F, 0xA0, 0x00, 0x2F, 0x70, 0x00,
    0x00, 0x00, 0x1F, 0xF3, 0x00, 0x09, 0xFB, 0x87, 0x66, 0x67, 0xCE, 0xEE,
    0x72, 0x00, 0x5A, 0xDF, 0xFF, 0xFE, 0xB3, 0x3B, 0xE4, 0x00, 0x00, 0x02,
    0x80, 0x00, 0x05, 0xBB, 0x50, 0x08, 0xC8, 0x35, 0xB0, 0x05, 0x38, 0xEE,
    0xA0, 0x2B, 0xFC, 0x61, 0x00, 0x7F, 0x50, 0x00, 0x00, 0x1B, 0xE5, 0x00,
    0x00, 0x00, 0x8F, 0x80, 0x00, 0x00, 0x05, 0xF6, 0x00, 0x00, 0x00, 0x8E,
    0x00, 0x00, 0x00, 0x5F, 0x00, 0x66, 0x68, 0xEB, 0x00, 0xEF, 0xFD, 0x91,
    0x00, 0x00, 0x00, 0x02, 0x80, 0x00, 0x05, 0xBB, 0x50, 0x08, 0xC8, 0x35,
    0xB0, 0x05, 0x38, 0xEF, 0xA0, 0x1B, 0xFD, 0x71, 0x00, 0x6F, 0x80, 0x00,
    0x00, 0x1A, 0xF8, 0x00, 0x00, 0x00, 0x7F, 0xA0, 0x00, 0x00, 0x03, 0xEA,
    0x00, 0x00, 0x00, 0x4F, 0x30, 0x00, 0x00, 0x1F, 0xA0, 0x66, 0x68, 0xCE,
    0xF8, 0xFF, 0xFE, 0xA2, 0x6E, 0x05, 0x20, 0x00, 0x00, 0x97, 0x00, 0xE7,
    0x00, 0x00, 0x0A, 0xB0, 0x2F, 0x30, 0x00, 0x00, 0x6E, 0x03, 0xF2, 0x00,
    0x00, 0x04, 0xF0, 0x3F, 0x20, 0x00, 0x00, 0x5F, 0x00, 0xE7, 0x00, 0x00,
    0x0A, 0xC0, 0x08, 0xF8, 0x32, 0x39, 0xF5, 0x00, 0x08, 0xEF, 0xFF, 0xE5,
    0x00, 0x00, 0x01, 0x34, 0x30, 0x00, 0x00, 0x00, 0x00, 0x00, 0x00, 0x01,
    0x00, 0x08, 0x40, 0x00, 0x00, 0xC9, 0x00, 0x0E, 0x60, 0x00, 0x00, 0x9D,
    0x00, 0x2F, 0x30, 0x00, 0x00, 0x6F, 0xA4, 0x3F, 0x20, 0x00, 0x00, 0x4F,
    0xCB, 0x3F, 0x30, 0x00, 0x00, 0x5F, 0x00, 0x0E, 0x80, 0x00, 0x00, 0xAB,
    0x00, 0x07, 0xF8, 0x32, 0x4A, 0xF4, 0x00, 0x00, 0x8E, 0xFF, 0xFD, 0x50,
    0x00, 0x00, 0x01, 0x34, 0x30, 0x00, 0x00, 0x00, 0x00, 0x01, 0x00, 0x00,
    0x00, 0x07, 0xF3, 0x00, 0x00, 0x01, 0xC5, 0x10, 0x00, 0x00, 0x37, 0x10,
    0x00, 0x00, 0x02, 0xFF, 0x20, 0x00, 0x01, 0x26, 0xC2, 0x00, 0x00, 0x9F,
    0xF9, 0x00, 0x00, 0x01, 0x42, 0x00, 0x00, 0x00, 0x00, 0x6D, 0x00, 0x00,
    0x07, 0xEE, 0xF2, 0x00, 0x09, 0xE6, 0x1D, 0x40, 0x02, 0xF4, 0x00, 0xC7,
    0x00, 0x3F, 0x72, 0x7F, 0xA0, 0x00, 0x9F, 0xFE, 0x8F, 0x82, 0x00, 0x24,
    0x10, 0x9E, 0x40, 0x00, 0x00, 0x10, 0x00, 0x00, 0x2D, 0xF5, 0x00, 0x00,
    0xBB, 0x8E, 0x10, 0x04, 0xE1, 0x0E, 0x60, 0x09, 0xA0, 0x07, 0xE7, 0x0B,
    0x60, 0x00, 0x9E, 0x00, 0x10, 0x00, 0x00, 0x00, 0x26, 0x00, 0x06, 0xE0,
    0x00, 0x4F, 0x10, 0x05, 0xE0, 0x56, 0xCB, 0x0B, 0xFC, 0x20, 0x00, 0x00,
    0x00, 0x05, 0x10, 0x01, 0x80, 0x00, 0x3F, 0x00, 0x00, 0x30, 0x00, 0x00,
    0x04, 0x80, 0x00, 0x00, 0x27, 0xAF, 0xC1, 0x01, 0x43, 0x6E, 0xCF, 0x30,
    0x4E, 0xF6, 0x00, 0x2F, 0x30, 0xDB, 0x20, 0x00, 0x0C, 0xA2, 0xF3, 0x00,
    0x00, 0x03, 0xED, 0xF1, 0x00, 0x00, 0x00, 0x3D, 0xB0, 0x00, 0x00, 0x00,
    0x00, 0x00, 0x00, 0x00, 0x00, 0x00, 0x30, 0x00, 0x00, 0x00, 0x00, 0x00,
    0x5F, 0xC4, 0x00, 0x00, 0x00, 0x05, 0xEF, 0xFE, 0xFA, 0x20, 0x00, 0x01,
    0xFA, 0x5C, 0xC5, 0xDE, 0x30, 0x00, 0x3F, 0x20, 0x4F, 0x01, 0xAD, 0x00,
    0x01, 0xE8, 0x0A, 0xB0, 0x05, 0xF0, 0x06, 0x6B, 0xFE, 0xF8, 0x68, 0xEB,
    0x00, 0xDE, 0xDA, 0x7B, 0xEF, 0xE9, 0x10, 0x00, 0x00, 0x01, 0x00, 0x00,
    0x00, 0x01, 0xBF, 0xE5, 0x00, 0x00, 0x09, 0xE6, 0xAE, 0x00, 0x00, 0x0E,
    0x60, 0x4F, 0x00, 0x00, 0x2F, 0x30, 0xBB, 0x00, 0x16, 0x8F, 0x8C, 0xE3,
    0x45, 0x1F, 0xFF, 0xEA, 0x5D, 0xFC, 0x00, 0x0E, 0x50, 0xDC, 0x30, 0x00,
    0x09, 0xC3, 0xF3, 0x00, 0x00, 0x01, 0xDD, 0xF1, 0x00, 0x00, 0x00, 0x2B,
    0xC0, 0x00, 0x00, 0x00, 0x00, 0x00, 0x00, 0x00, 0x00, 0x03, 0x00, 0x00,
    0x00, 0x00, 0x00, 0x6F, 0xC4, 0x00, 0x00, 0x00, 0x5E, 0xFF, 0xEF, 0xA2,
    0x00, 0x01, 0xFA, 0x5C, 0xC5, 0xDE, 0x30, 0x03, 0xF2, 0x04, 0xF0, 0x1A,
    0xD0, 0x01, 0xE8, 0x0A, 0xB0, 0x05, 0xF0, 0x56, 0xBF, 0xEF, 0x86, 0x8E,
    0xB0, 0xBE, 0xDA, 0x7B, 0xEF, 0xE9, 0x10, 0x00, 0x00, 0x10, 0x00, 0x00,
    0x01, 0xBF, 0xE5, 0x00, 0x00, 0x9E, 0x6A, 0xE0, 0x00, 0x0E, 0x60, 0x4F,
    0x00, 0x02, 0xF3, 0x0B, 0xB0, 0x05, 0x8F, 0x8C, 0xE3, 0x45, 0xDF, 0xFE,
    0xA5, 0xDF, 0xC0, 0x0E, 0x50, 0xDC, 0x30, 0x00, 0x9C, 0x3F, 0x30, 0x00,
    0x01, 0xDD, 0xF1, 0x00, 0x00, 0x02, 0xBC, 0x00, 0x00, 0x00, 0x00, 0x00,
    0x00, 0x00, 0x01, 0xBC, 0x10, 0x00, 0x00, 0x00, 0x00, 0x09, 0xDC, 0xC1,
    0x00, 0x00, 0x00, 0x00, 0x6F, 0x41, 0xD5, 0x00, 0x00, 0x00, 0x06, 0xF6,
    0x00, 0x10, 0x00, 0x00, 0x00, 0x0E, 0x80, 0x00, 0x00, 0x00, 0x00, 0x00,
    0x0B, 0xFA, 0x76, 0x66, 0x77, 0x9A, 0xC8, 0x01, 0x7B, 0xDE, 0xFF, 0xFE,
    0xDB, 0xA5, 0x00, 0x00, 0x46, 0x66, 0x66, 0x66, 0x63, 0x00, 0x4D, 0xFF,
    0xFF, 0xFF, 0xFF, 0xF8, 0x06, 0xFB, 0x41, 0x00, 0x00, 0x00, 0x00, 0x0E,
    0xB0, 0x00, 0x00, 0x00, 0x00, 0x00, 0x0C, 0xF9, 0x53, 0x22, 0x24, 0x76,
    0x00, 0x02, 0xAE, 0xFF, 0xFF, 0xFF, 0xF9, 0x00, 0x00, 0x00, 0x24, 0x44,
    0x42, 0x00, 0x00, 0x00, 0x00, 0x01, 0x00, 0x00, 0x00, 0x00, 0x00, 0x00,
    0x0A, 0xFB, 0x00, 0x00, 0x00, 0x00, 0x00, 0x03, 0xF8, 0x50, 0x00, 0x00,
    0x00, 0x00, 0x00, 0x1E, 0x77, 0x20, 0x00, 0x00, 0x00, 0x00, 0x04, 0xD9,
    0x40, 0x00, 0x00, 0x00, 0x00, 0x00, 0x10, 0x00, 0x00, 0x00, 0x00, 0x00,
    0x00, 0x00, 0xAD, 0x30, 0x00, 0x00, 0x00, 0x00, 0x00, 0x9F, 0xAF, 0x30,
    0x00, 0x00, 0x00, 0x00, 0x7F, 0xA0, 0x8C, 0x00, 0x00, 0x00, 0x00, 0x8F,
    0xB1, 0x00, 0x10, 0x00, 0x00, 0x00, 0x2F, 0xE0, 0x00, 0x00, 0x00, 0x00,
    0x00, 0x01, 0xEF, 0xC8, 0x76, 0x66, 0x78, 0x9B, 0xD0, 0x02, 0x8B, 0xDE,
    0xFF, 0xFE, 0xDC, 0xA9, 0x00, 0x00, 0x00, 0x01, 0x00, 0x00, 0x00, 0x00,
    0x00, 0x0B, 0xF9, 0x00, 0x00, 0x00, 0x00, 0x03, 0xF8, 0x40, 0x00, 0x00,
    0x00, 0x00, 0x0D, 0x99, 0x00, 0x00, 0x00, 0x00, 0x04, 0x73, 0x00, 0x00,
    0x00, 0x00, 0x00, 0x15, 0x66, 0x66, 0x66, 0x65, 0x00, 0x7E, 0xFF, 0xFF,
    0xFF, 0xFF, 0xB0, 0xAE, 0x72, 0x00, 0x00, 0x00, 0x00, 0x3F, 0x30, 0x00,
    0x00, 0x00, 0x00, 0x02, 0xFC, 0x64, 0x22, 0x23, 0x59, 0x00, 0x04, 0xCF,
    0xFF, 0xFF, 0xFF, 0xD2, 0x00, 0x00, 0x13, 0x44, 0x43, 0x10, 0x00, 0x00,
    0x10, 0x00, 0xBF, 0x90, 0x3F, 0xBF, 0x01, 0xDF, 0xB0, 0x01, 0x40, 0x00,
    0x02, 0x91, 0x00, 0x04, 0xF1, 0x10, 0x04, 0xF9, 0xE1, 0x2A, 0xFD, 0xD3,
    0x4D, 0xDC, 0x70, 0x00, 0x00, 0x00, 0x00, 0x00, 0x00, 0x00, 0x00, 0x00,
    0x00, 0x00, 0x00, 0x00, 0x00, 0x00, 0x00, 0x00, 0x00, 0x00, 0x00, 0x00,
    0x00, 0x00, 0x00, 0x00, 0x00, 0x00, 0x00, 0x00, 0x00, 0x00, 0x00, 0x00,
    0x00, 0x00, 0x00, 0x13, 0x00, 0x00, 0x00, 0x00, 0x00, 0x00, 0x9E, 0x20,
    0x00, 0x00, 0x00, 0x00, 0x04, 0x34, 0x60, 0x00, 0x00, 0x00, 0x00, 0x1D,
    0xA3, 0xF6, 0x04, 0xF1, 0x00, 0x00, 0x01, 0x00, 0x20, 0x04, 0xF1, 0x00,
    0x00, 0x00, 0x5D, 0x90, 0x04, 0xF1, 0x00, 0x00, 0x01, 0xE8, 0x30, 0x04,
    0xF1, 0x00, 0x00, 0x00, 0xB8, 0x10, 0x04, 0xF1, 0x0C, 0x30, 0x01, 0x26,
    0xB0, 0x04, 0xF1, 0x3F, 0x20, 0x07, 0xFF, 0x90, 0x04, 0xF1, 0x3F, 0x20,
    0x01, 0x43, 0x00, 0x04, 0xF0, 0x1F, 0x80, 0x00, 0x00, 0x00, 0x07, 0xE0,
    0x07, 0xFC, 0x87, 0x66, 0x67, 0xAF, 0x90, 0x00, 0x49, 0xDE, 0xFF, 0xFE,
    0xC7, 0x00, 0x00, 0x00, 0x00, 0x04, 0x00, 0x00, 0x00, 0x00, 0x00, 0x00,
    0x08, 0xF2, 0x00, 0x00, 0x00, 0x00, 0x00, 0x04, 0x35, 0x51, 0x00, 0x00,
    0x00, 0x00, 0x00, 0xDA, 0x2E, 0x60, 0x4F, 0x10, 0x00, 0x00, 0x01, 0x00,
    0x20, 0x04, 0xF1, 0x00, 0x00, 0x00, 0x05, 0xD9, 0x00, 0x4F, 0x10, 0x00,
    0x00, 0x01, 0xE8, 0x30, 0x04, 0xF1, 0x00, 0x00, 0x00, 0x0B, 0x81, 0x00,
    0x4F, 0x10, 0x0C, 0x30, 0x01, 0x26, 0xB0, 0x04, 0xF1, 0x03, 0xF2, 0x00,
    0x7F, 0xF9, 0x00, 0x4F, 0x10, 0x3F, 0x20, 0x01, 0x43, 0x00, 0x04, 0xF1,
    0x01, 0xF8, 0x00, 0x00, 0x00, 0x00, 0x7F, 0x30, 0x07, 0xFC, 0x87, 0x66,
    0x67, 0xAF, 0xEB, 0x50, 0x04, 0x9D, 0xEF, 0xFF, 0xEB, 0x53, 0xDB, 0x00,
    0x03, 0xA1, 0x00, 0x00, 0x06, 0xD2, 0x00, 0x00, 0x96, 0x1B, 0x30, 0x00,
    0xB8, 0x2D, 0x50, 0x00, 0x00, 0x01, 0x79, 0x00, 0x04, 0xAF, 0xE7, 0x04,
    0xDF, 0xC5, 0x00, 0x0A, 0xF5, 0x00, 0x00, 0x03, 0xDE, 0x60, 0x00, 0x00,
    0x19, 0xF8, 0x00, 0x00, 0x00, 0x6F, 0x60, 0x00, 0x00, 0x08, 0xE0, 0x00,
    0x00, 0x05, 0xF1, 0x16, 0x67, 0x8E, 0xC0, 0x3F, 0xFF, 0xD9, 0x10, 0x00,
    0x49, 0x00, 0x00, 0x00, 0x7B, 0x00, 0x00, 0x08, 0x62, 0xB1, 0x00, 0x0A,
    0x73, 0xD2, 0x00, 0x00, 0x00, 0x28, 0x50, 0x00, 0x4A, 0xFC, 0x30, 0x3C,
    0xE9, 0x30, 0x00, 0x8D, 0x10, 0x00, 0x00, 0x2C, 0xC2, 0x00, 0x00, 0x01,
    0xAE, 0x30, 0x00, 0x00, 0x08, 0xE2, 0x00, 0x00, 0x00, 0xB9, 0x00, 0x00,
    0x00, 0x9F, 0x20, 0x66, 0x79, 0xFD, 0xD7, 0xFF, 0xFC, 0x61, 0xAF, 0x00,
    0x7E, 0x80, 0x00, 0x0D, 0x9D, 0x00, 0x00, 0x65, 0x90, 0x00, 0x28, 0x84,
    0x00, 0x00, 0x01, 0x00, 0x00, 0x2D, 0xFA, 0x00, 0x0C, 0xC5, 0xD6, 0x02,
    0xF4, 0x04, 0xC0, 0x3F, 0x20, 0x1E, 0x01, 0xEB, 0x78, 0xF1, 0x05, 0xDF,
    0xDF, 0x00, 0x00, 0x04, 0xB0, 0x00, 0x02, 0xD5, 0x00, 0x49, 0xF9, 0x00,
    0x0E, 0xC5, 0x00, 0x00, 0x10, 0x00, 0x00, 0x00, 0x7E, 0x80, 0x00, 0x00,
    0xD9, 0xD0, 0x00, 0x00, 0x65, 0x90, 0x00, 0x02, 0x88, 0x40, 0x00, 0x00,
    0x01, 0x00, 0x00, 0x03, 0xDF, 0xA0, 0x00, 0x0C, 0xC5, 0xD7, 0x00, 0x2F,
    0x40, 0x4C, 0x00, 0x3F, 0x20, 0x1F, 0x00, 0x1E, 0xB6, 0x6F, 0x70, 0x04,
    0xCF, 0xFF, 0xF0, 0x00, 0x00, 0x4C, 0x00, 0x00, 0x02, 0xD6, 0x00, 0x03,
    0x8E, 0xA0, 0x00, 0x0E, 0xD6, 0x00, 0x00, 0x01, 0x00, 0x00, 0x00, 0x01,
    0x60, 0x60, 0x00, 0x0B, 0x65, 0x00, 0x00, 0x4D, 0x00, 0x00, 0x00, 0x10,
    0x00, 0x02, 0xDF, 0xA0, 0x00, 0xCB, 0x6E, 0x60, 0x2F, 0x30, 0x8C, 0x03,
    0xF2, 0x05, 0xE0, 0x1F, 0xB7, 0xAF, 0x10, 0x5D, 0xFE, 0xF0, 0x00, 0x00,
    0x8B, 0x00, 0x00, 0x4E, 0x50, 0x04, 0x9F, 0x90, 0x00, 0xEC, 0x50, 0x00,
    0x01, 0x00, 0x00, 0x00, 0x01, 0x60, 0x60, 0x00, 0x00, 0xB6, 0x50, 0x00,
    0x00, 0x4D, 0x00, 0x00, 0x00, 0x01, 0x00, 0x00, 0x03, 0xDF, 0xA0, 0x00,
    0x0C, 0xB6, 0xE7, 0x00, 0x2F, 0x30, 0x8C, 0x00, 0x3F, 0x20, 0x5F, 0x00,
    0x1E, 0xA6, 0x8F, 0x70, 0x05, 0xDF, 0xFF, 0xF0, 0x00, 0x00, 0x7C, 0x00,
    0x00, 0x03, 0xE6, 0x00, 0x04, 0x9F, 0xA0, 0x00, 0x0E, 0xD6, 0x00, 0x00,
    0x01, 0x00, 0x00, 0x00, 0x00, 0x4F, 0x10, 0x00, 0x04, 0xF1, 0x00, 0x00,
    0x3D, 0x10, 0x00, 0x00, 0x10, 0x00, 0x02, 0xDF, 0xA0, 0x00, 0xCB, 0x6E,
    0x60, 0x2F, 0x30, 0x8C, 0x03, 0xF2, 0x05, 0xE0, 0x1F, 0xB7, 0xAF, 0x10,
    0x5D, 0xFE, 0xF0, 0x00, 0x00, 0x8B, 0x00, 0x00, 0x4E, 0x50, 0x04, 0x9F,
    0x90, 0x00, 0xEC, 0x50, 0x00, 0x01, 0x00, 0x00, 0x00, 0x00, 0x4F, 0x10,
    0x00, 0x00, 0x4F, 0x10, 0x00, 0x00, 0x3D, 0x10, 0x00, 0x00, 0x01, 0x00,
    0x00, 0x03, 0xDF, 0xA0, 0x00, 0x0C, 0xB6, 0xE7, 0x00, 0x2F, 0x30, 0x8C,
    0x00, 0x3F, 0x20, 0x5F, 0x00, 0x1E, 0xA6, 0x8F, 0x70, 0x05, 0xDF, 0xFF,
    0xF0, 0x00, 0x00, 0x7C, 0x00, 0x00, 0x03, 0xE6, 0x00, 0x04, 0x9F, 0xA0,
    0x00, 0x0E, 0xD6, 0x00, 0x00, 0x01, 0x00, 0x00, 0x00, 0x00, 0x01, 0x00,
    0x00, 0x07, 0xD1, 0x00, 0x01, 0x37, 0x20, 0x00, 0xCA, 0x4F, 0x30, 0x04,
    0x40, 0x80, 0x00, 0x00, 0x10, 0x00, 0x02, 0xDF, 0xA0, 0x00, 0xCB, 0x6E,
    0x60, 0x2F, 0x30, 0x8C, 0x03, 0xF2, 0x05, 0xE0, 0x1F, 0xB7, 0xAF, 0x10,
    0x5D, 0xFE, 0xF0, 0x00, 0x00, 0x8B, 0x00, 0x00, 0x4E, 0x50, 0x04, 0x9F,
    0x90, 0x00, 0xEC, 0x50, 0x00, 0x01, 0x00, 0x00, 0x00, 0x00, 0x01, 0x00,
    0x00, 0x00, 0x7D, 0x10, 0x00, 0x01, 0x37, 0x20, 0x00, 0x0B, 0xB3, 0xF4,
    0x00, 0x04, 0x40, 0x80, 0x00, 0x00, 0x01, 0x00, 0x00, 0x03, 0xDF, 0xA0,
    0x00, 0x0C, 0xB6, 0xE7, 0x00, 0x2F, 0x30, 0x8C, 0x00, 0x3F, 0x20, 0x5F,
    0x00, 0x1E, 0xA6, 0x8F, 0x70, 0x05, 0xDF, 0xFF, 0xF0, 0x00, 0x00, 0x7C,
    0x00, 0x00, 0x03, 0xE6, 0x00, 0x04, 0x9F, 0xA0, 0x00, 0x0E, 0xD6, 0x00,
    0x00, 0x01, 0x00, 0x00, 0x00, 0x00, 0x16, 0x00, 0x00, 0x09, 0xA4, 0x00,
    0x00, 0x81, 0x80, 0x00, 0x00, 0x10, 0x00, 0x02, 0xDF, 0xA0, 0x00, 0xCB,
    0x6E, 0x60, 0x2F, 0x30, 0x8C, 0x03, 0xF2, 0x05, 0xE0, 0x1F, 0xB7, 0xAF,
    0x10, 0x5D, 0xFE, 0xF0, 0x00, 0x00, 0x8B, 0x00, 0x00, 0x4E, 0x50, 0x04,
    0x9F, 0x90, 0x00, 0xEC, 0x50, 0x00, 0x01, 0x00, 0x00, 0x00, 0x00, 0x16,
    0x00, 0x00, 0x00, 0x9A, 0x40, 0x00, 0x00, 0x81, 0x80, 0x00, 0x00, 0x01,
    0x00, 0x00, 0x03, 0xDF, 0xA0, 0x00, 0x0C, 0xB6, 0xE7, 0x00, 0x2F, 0x30,
    0x8C, 0x00, 0x3F, 0x20, 0x5F, 0x00, 0x1E, 0xA6, 0x8F, 0x70, 0x05, 0xDF,
    0xFF, 0xF0, 0x00, 0x00, 0x7C, 0x00, 0x00, 0x03, 0xE6, 0x00, 0x04, 0x9F,
    0xA0, 0x00, 0x0E, 0xD6, 0x00, 0x00, 0x01, 0x00, 0x00, 0x00, 0x00, 0x36,
    0x00, 0x06, 0xF0, 0x00, 0x4F, 0x10, 0x05, 0xE0, 0x56, 0xCB, 0x0B, 0xFC,
    0x20, 0x00, 0x2B, 0x10, 0x00, 0x4F, 0x10, 0x00, 0x6F, 0x20, 0x68, 0xEF,
    0xC7, 0xFE, 0x92, 0xBF, 0x00, 0x00, 0x00, 0x00, 0x10, 0x00, 0x00, 0x00,
    0x09, 0xFF, 0xB0, 0x00, 0x00, 0x09, 0xE7, 0x55, 0x00, 0xA5, 0x01, 0xF6,
    0x00, 0x00, 0x0F, 0x50, 0x3F, 0x20, 0x00, 0x02, 0xF3, 0x02, 0xF8, 0x65,
    0x10, 0x3F, 0x10, 0x09, 0xEF, 0xFC, 0x02, 0xF3, 0x00, 0x00, 0x06, 0xF0,
    0x0E, 0x70, 0x00, 0x00, 0x8E, 0x00, 0x7F, 0x73, 0x24, 0xAF, 0x60, 0x00,
    0x8F, 0xFF, 0xFD, 0x60, 0x00, 0x00, 0x13, 0x42, 0x00, 0x00, 0x02, 0x00,
    0x00, 0x00, 0x00, 0x00, 0xE5, 0x00, 0x00, 0x00, 0x00, 0x3F, 0x30, 0x02,
    0x66, 0x66, 0x13, 0xF1, 0x00, 0x2F, 0xFF, 0xF3, 0x3F, 0x20, 0x00, 0x00,
    0x8F, 0x00, 0xE7, 0x00, 0x00, 0x07, 0xE0, 0x07, 0xF7, 0x32, 0x4A, 0xF7,
    0x00, 0x08, 0xEF, 0xFF, 0xE6, 0x00, 0x00, 0x01, 0x34, 0x30, 0x00, 0x00,
    0x00, 0x00, 0x36, 0x00, 0x00, 0x06, 0xF0, 0x00, 0x00, 0x4F, 0x10, 0x00,
    0x05, 0xF0, 0x02, 0x67, 0xDB, 0x00, 0x4F, 0xFC, 0x20, 0x00, 0x00, 0x00,
    0x00, 0x44, 0x07, 0x10, 0x0C, 0xC4, 0xF5, 0x00, 0x21, 0x03, 0x00, 0x00,
    0x03, 0xB1, 0x00, 0x00, 0x4F, 0x10, 0x00, 0x06, 0xF2, 0x00, 0x67, 0xDF,
    0xC7, 0x0F, 0xEA, 0x2B, 0xF0, 0x00, 0x00, 0x00, 0x26, 0x07, 0x10, 0x09,
    0xE3, 0xF5, 0x00, 0x02, 0x03, 0x00, 0x00, 0x00, 0x00, 0x00, 0x10, 0x00,
    0x00, 0x8B, 0x00, 0x00, 0x7D, 0x10, 0x00, 0x2E, 0x30, 0x00, 0x09, 0x90,
    0x00, 0x22, 0xE5, 0x10, 0x4F, 0xFF, 0xFF, 0x14, 0xF5, 0x47, 0xF1, 0x4F,
    0x10, 0x4F, 0x14, 0xF9, 0x76, 0xF1, 0x4F, 0x45, 0x5F, 0x14, 0xFF, 0xFF,
    0xF1, 0x14, 0x5E, 0x74, 0x00, 0x00, 0xA8, 0x00, 0x00, 0x03, 0xE1, 0x00,
    0x00, 0x09, 0xB0, 0x00, 0x00, 0x0B, 0xA0, 0x00, 0x00, 0x03, 0x02, 0x00,
    0x00, 0x00, 0x0D, 0x60, 0x00, 0x00, 0x02, 0xE4, 0x00, 0x00, 0x00, 0x5D,
    0x10, 0x00, 0x00, 0x0C, 0x60, 0x00, 0x00, 0x27, 0xC2, 0x10, 0x04, 0xFF,
    0xFF, 0xF1, 0x04, 0xF5, 0x47, 0xF1, 0x04, 0xF1, 0x04, 0xF1, 0x04, 0xF6,
    0x7A, 0xF1, 0x04, 0xF3, 0x55, 0xF1, 0x04, 0xFF, 0xFF, 0xF1, 0x01, 0x49,
    0xD4, 0x40, 0x00, 0x0B, 0x70, 0x00, 0x00, 0x3E, 0x10, 0x00, 0x01, 0xD6,
    0x00, 0x00, 0x0C, 0x90, 0x00, 0x00, 0x04, 0x00, 0x00, 0x00, 0x00, 0x00,
    0x00, 0x00, 0x01, 0x20, 0x00, 0x00, 0x00, 0x00, 0x00, 0x00, 0x00, 0x00,
    0x04, 0xF1, 0x00, 0x00, 0x00, 0x00, 0x00, 0x00, 0x00, 0x00, 0x04, 0xF1,
    0x00, 0x00, 0x00, 0x00, 0x00, 0x00, 0x00, 0x00, 0x32, 0x84, 0xB0, 0x00,
    0x00, 0x00, 0x00, 0x00, 0x00, 0x00, 0xB6, 0xF8, 0xF1, 0x20, 0x04, 0xF1,
    0x00, 0x00, 0x00, 0x00, 0xCF, 0x8F, 0xC4, 0xF1, 0x04, 0xF1, 0x00, 0x00,
    0x00, 0x00, 0x14, 0x33, 0x14, 0xF1, 0x04, 0xF1, 0x00, 0x00, 0x02, 0x00,
    0x04, 0xF1, 0x04, 0xF1, 0x04, 0xF1, 0x00, 0x02, 0xAE, 0x00, 0x04, 0xF1,
    0x04, 0xF1, 0x04, 0xF1, 0x01, 0xAF, 0xDF, 0x20, 0x04, 0xF1, 0x04, 0xF1,
    0x04, 0xF1, 0x0B, 0xD4, 0x0F, 0x40, 0x04, 0xF1, 0x04, 0xF1, 0x04, 0xF1,
    0x2F, 0x30, 0x0E, 0x70, 0x04, 0xF1, 0x04, 0xF1, 0x04, 0xF1, 0x2F, 0x62,
    0x8F, 0xA0, 0x05, 0xF2, 0x05, 0xF0, 0x04, 0xF1, 0x09, 0xFF, 0xD9, 0xF8,
    0x6C, 0xFA, 0x6C, 0xB0, 0x04, 0xF1, 0x00, 0x24, 0x10, 0x9E, 0xFE, 0x8D,
    0xFC, 0x30, 0x04, 0xF1, 0x00, 0x00, 0x00, 0x04, 0xF1, 0x04, 0xF1, 0x00,
    0x00, 0x00, 0x00, 0x00, 0x00, 0x00, 0x00, 0x04, 0xF1, 0x04, 0xF1, 0x00,
    0x00, 0x00, 0x00, 0x00, 0x00, 0x00, 0x00, 0x04, 0xF1, 0x04, 0xF1, 0x00,
    0x00, 0x00, 0x00, 0x00, 0x00, 0x00, 0x00, 0x04, 0xF1, 0x04, 0xF1, 0x00,
    0x00, 0x00, 0x00, 0x00, 0x00, 0x00, 0x00, 0x04, 0xF1, 0x04, 0xF1, 0x00,
    0x00, 0x00, 0x00, 0x00, 0x00, 0x00, 0x00, 0x04, 0xF1, 0x04, 0xF1, 0x00,
    0x38, 0x00, 0x00, 0x00, 0x00, 0x00, 0x00, 0x04, 0xF1, 0x04, 0xF1, 0x00,
    0x5F, 0x00, 0x00, 0x00, 0x06, 0x30, 0x00, 0x04, 0xF1, 0x04, 0xF1, 0x00,
    0x4F, 0x10, 0x06, 0x70, 0x0E, 0x70, 0x00, 0x04, 0xF1, 0x02, 0xF3, 0x00,
    0x5F, 0x00, 0x09, 0xD0, 0x2F, 0x40, 0x00, 0x04, 0xF1, 0x00, 0xDE, 0xD7,
    0xDB, 0x00, 0x06, 0xF0, 0x3F, 0x20, 0x00, 0x04, 0xF1, 0x00, 0x3F, 0xFF,
    0xB2, 0x00, 0x04, 0xF1, 0x3F, 0x20, 0x00, 0x06, 0xF0, 0x00, 0x00, 0x00,
    0x00, 0x00, 0x06, 0xE0, 0x1F, 0x60, 0x00, 0x0A, 0xC0, 0x00, 0x00, 0x30,
    0x20, 0x00, 0x0A, 0xB0, 0x0A, 0xE6, 0x33, 0x8F, 0x60, 0x00, 0x0A, 0xE4,
    0xF2, 0x00, 0x5F, 0x40, 0x01, 0xAF, 0xFF, 0xF8, 0x00, 0x00, 0x06, 0x30,
    0x60, 0x5A, 0xF8, 0x00, 0x00, 0x02, 0x44, 0x10, 0x00, 0x00, 0x00, 0x00,
    0x00, 0xDC, 0x50, 0x00, 0x00, 0x00, 0x00, 0x00, 0x00, 0x00, 0x00, 0x00,
    0x00, 0x00, 0x00, 0x00, 0x00, 0x02, 0x00, 0x4A, 0x90, 0x07, 0x38, 0x00,
    0x9A, 0x30, 0x02, 0x00, 0x00, 0x00, 0x00, 0x00, 0x00, 0x00, 0x00, 0x00,
    0x00, 0x00, 0x00, 0x00, 0x00, 0x00, 0x00, 0x00, 0x00, 0x00, 0x00, 0x02,
    0x00, 0x3A, 0x90, 0x08, 0x38, 0x00, 0x9A, 0x30, 0x02, 0x00, 0x00, 0x00,
    0x00, 0x00, 0x00, 0x00, 0x00, 0x00, 0x00, 0x00, 0x00, 0x00, 0x00, 0x66,
    0x66, 0x6F, 0xFF, 0xFF, 0x00, 0x00, 0x10, 0x01, 0x0A, 0xD1, 0x3F, 0xDD,
    0x21, 0x18, 0xF6, 0xC3, 0x06, 0xE7, 0x50, 0x01, 0x30, 0x00, 0x00, 0x00,
    0x00, 0x00, 0x00, 0x00, 0x00, 0x00, 0x00, 0x00, 0x00, 0x00, 0x00, 0x00,
    0x00, 0x28, 0x10, 0x00, 0x2F, 0x50, 0x00, 0x0B, 0xE9, 0x72, 0x01, 0x8D,
    0xF5, 0x00, 0x00, 0x00, 0x04, 0xA0, 0x0B, 0x73, 0x00, 0x4A, 0x90, 0x08,
    0x20, 0x00, 0x00, 0x28, 0x50, 0xA9, 0x30, 0x01, 0x00, 0x00, 0x00, 0x00,
    0x00, 0x00, 0x00, 0x00, 0x00, 0x00, 0x00, 0x00, 0x00, 0x00, 0x00, 0x00,
    0x00, 0x00, 0x00, 0x00, 0x39, 0x21, 0xB8, 0x20, 0x00, 0x00, 0x00, 0x00,
    0x00, 0x00, 0x00, 0x00, 0x00, 0x00, 0x00, 0x00, 0x00, 0x00, 0x00, 0x66,
    0x66, 0x6F, 0xFF, 0xFF, 0x00, 0x00, 0x00, 0x0D, 0xD0, 0x03, 0xF8, 0x10,
    0x1E, 0x81, 0x00, 0x2B, 0x30, 0x99, 0x20, 0x00, 0x00, 0x00, 0x00, 0x00,
    0x00, 0x00, 0x00, 0x00, 0x00, 0x00, 0x00, 0x00, 0x00, 0x00, 0x0A, 0xE8,
    0x03, 0xF9, 0xD0, 0x1C, 0x6A, 0x00, 0x2A, 0x91, 0x57, 0x30, 0x00, 0x00,
    0x00, 0x00, 0x00, 0x00, 0x00, 0x00, 0x00, 0x00, 0x06, 0x66, 0x66, 0xFF,
    0xFF, 0xF0, 0x00, 0x00, 0x00, 0x03, 0x96, 0x0B, 0x83, 0x00, 0x00, 0x00,
    0x66, 0x66, 0x6F, 0xFF, 0xFF, 0x00, 0x00, 0x00, 0x01, 0x71, 0x1A, 0xA4,
    0x01, 0x20, 0x00, 0x20, 0x54, 0xD0, 0xA3, 0xD7, 0xF1, 0x8F, 0x9F, 0xC0,
    0x13, 0x03, 0x10, 0x00, 0x00, 0x00, 0x00, 0x00, 0x00, 0x00, 0x00, 0x00,
    0x00, 0x00, 0x00, 0x00, 0x00, 0x00, 0x00, 0x00, 0x00, 0x20, 0x54, 0xD0,
    0x93, 0xC7, 0xF0, 0x7F, 0x9F, 0xC0, 0x03, 0x03, 0x10, 0x00, 0x00, 0x00,
    0x00, 0x00, 0x00, 0x00, 0x00, 0x00, 0x00, 0x00, 0x00, 0x66, 0x66, 0x60,
    0xFF, 0xFF, 0xF1, 0x00, 0x10, 0x00, 0xBF, 0x90, 0x3F, 0xBF, 0x01, 0xDF,
    0xB0, 0x01, 0x40, 0x00, 0x00, 0x00, 0x00, 0x00, 0x00, 0x00, 0x00, 0x00,
    0x00, 0x00, 0x00, 0x00, 0x00, 0x00, 0x00, 0x00, 0x10, 0x00, 0xBF, 0x90,
    0x3F, 0xBF, 0x01, 0xDF, 0xB0, 0x01, 0x40, 0x00, 0x00, 0x00, 0x00, 0x00,
    0x00, 0x00, 0x00, 0x00, 0x00, 0x06, 0x66, 0x66, 0xFF, 0xFF, 0xF0, 0x00,
    0x01, 0x00, 0x05, 0xEF, 0xB0, 0x1F, 0xA5, 0x70, 0x3F, 0x20, 0x00, 0x0D,
    0xA4, 0x93, 0x19, 0xFF, 0xC2, 0x9D, 0x71, 0x00, 0x20, 0x00, 0x00, 0x00,
    0x10, 0x01, 0x00, 0xAF, 0x94, 0xD2, 0x7D, 0x6D, 0xF9, 0x03, 0x20, 0x03,
    0x00, 0x00, 0x4F, 0x10, 0x00, 0x04, 0xF1, 0x00, 0x00, 0x4F, 0x10, 0x00,
    0x04, 0xF1, 0x00, 0x00, 0x4F, 0x10, 0x00, 0x04, 0xF1, 0x00, 0x00, 0x4F,
    0x10, 0x00, 0x04, 0xF1, 0x00, 0x00, 0x4F, 0x10, 0x00, 0x04, 0xF1, 0x00,
    0x00, 0x22, 0x21, 0x1C, 0xFF, 0xD1, 0x46, 0x44, 0x10, 0x03, 0xB1, 0x00,
    0x04, 0xF1, 0x00, 0x04, 0xF1, 0x00, 0x04, 0xF1, 0x00, 0x04, 0xF1, 0x00,
    0x04, 0xF1, 0x00, 0x04, 0xF1, 0x00, 0x02, 0xF3, 0x00, 0x00, 0xDC, 0x50,
    0x00, 0x4C, 0xB0, 0x00, 0x10, 0x0C, 0xF6, 0x3F, 0x73, 0x1D, 0xA7, 0x46,
    0x20, 0x04, 0xF1, 0x04, 0xF1, 0x04, 0xF1, 0x04, 0xF1, 0x04, 0xF1, 0x04,
    0xF1, 0x04, 0xF1, 0x04, 0xF1, 0x04, 0xF1, 0x04, 0xF1, 0x00, 0x10, 0x00,
    0xBF, 0x60, 0x3F, 0x83, 0x01, 0xE7, 0x60, 0x4C, 0x82, 0x01, 0x16, 0x00,
    0x04, 0xF1, 0x00, 0x4F, 0x10, 0x04, 0xF1, 0x00, 0x4F, 0x10, 0x04, 0xF1,
    0x00, 0x4F, 0x10, 0x03, 0xF2, 0x00, 0x0E, 0xB5, 0x00, 0x4C, 0xB0, 0x00,
    0x6E, 0x50, 0x00, 0x0D, 0x93, 0x00, 0x00, 0xA6, 0x50, 0x00, 0x1B, 0x82,
    0x00, 0x00, 0x01, 0x00, 0x00, 0x2D, 0xFA, 0x00, 0x0C, 0xB6, 0xE6, 0x02,
    0xF3, 0x08, 0xC0, 0x3F, 0x20, 0x5E, 0x01, 0xFB, 0x7A, 0xF1, 0x05, 0xDF,
    0xEF, 0x00, 0x00, 0x08, 0xB0, 0x00, 0x04, 0xE5, 0x00, 0x49, 0xF9, 0x00,
    0x0E, 0xC5, 0x00, 0x00, 0x10, 0x00, 0x00, 0x00, 0x6E, 0x50, 0x00, 0x00,
    0xD9, 0x30, 0x00, 0x00, 0xA6, 0x50, 0x00, 0x01, 0xB8, 0x20, 0x00, 0x00,
    0x01, 0x00, 0x00, 0x03, 0xDF, 0xA0, 0x00, 0x0C, 0xB6, 0xE7, 0x00, 0x2F,
    0x30, 0x8C, 0x00, 0x3F, 0x20, 0x5F, 0x00, 0x1E, 0xA6, 0x8F, 0x70, 0x05,
    0xDF, 0xFF, 0xF0, 0x00, 0x00, 0x7C, 0x00, 0x00, 0x03, 0xE6, 0x00, 0x04,
    0x9F, 0xA0, 0x00, 0x0E, 0xD6, 0x00, 0x00, 0x01, 0x00, 0x00, 0x00, 0x00,
    0xE1, 0x00, 0xE1, 0x00, 0xE1, 0x00, 0xE1, 0x00, 0xE1, 0x00, 0xE1, 0x00,
    0xE1, 0x00, 0xE1, 0x00, 0xE1, 0x00, 0xE1, 0x00, 0xE1, 0x00, 0x10, 0x0B,
    0xF5, 0x3F, 0x83, 0x1E, 0x66, 0x4D, 0x93, 0x11, 0x00, 0x4F, 0x10, 0x04,
    0xF1, 0x00, 0x4F, 0x10, 0x04, 0xF1, 0x00, 0x4F, 0x10, 0x04, 0xF1, 0x00,
    0x4F, 0x10, 0x04, 0xF1, 0x00, 0x2F, 0x30, 0x00, 0xCD, 0x72, 0x02, 0xBE,
    0x40, 0x00, 0x00, 0x09, 0xC2, 0x03, 0xF3, 0x00, 0x1D, 0xC7, 0x05, 0x93,
    0x00, 0x00, 0x01, 0x00, 0x00, 0x00, 0x00, 0x08, 0xF7, 0x00, 0x00, 0x00,
    0x00, 0xD7, 0x30, 0x00, 0x00, 0x00, 0x09, 0xA7, 0x00, 0x01, 0x00, 0x00,
    0x83, 0x00, 0x9F, 0xFB, 0x00, 0x00, 0x00, 0x9E, 0x75, 0x50, 0x0A, 0x20,
    0x1F, 0x60, 0x00, 0x00, 0xF3, 0x03, 0xF2, 0x00, 0x00, 0x2F, 0x20, 0x2F,
    0x86, 0x51, 0x03, 0xF1, 0x00, 0x9E, 0xFF, 0xC0, 0x2F, 0x30, 0x00, 0x00,
    0x6F, 0x00, 0xE7, 0x00, 0x00, 0x08, 0xE0, 0x07, 0xF7, 0x32, 0x4A, 0xF6,
    0x00, 0x08, 0xFF, 0xFF, 0xD6, 0x00, 0x00, 0x01, 0x34, 0x20, 0x00, 0x00,
    0x00, 0x01, 0x00, 0x00, 0x00, 0x00, 0x07, 0xFA, 0x00, 0x00, 0x00, 0x00,
    0xD7, 0x40, 0x00, 0x00, 0x00, 0x09, 0x89, 0x10, 0x00, 0x00, 0x00, 0xA7,
    0x20, 0x00, 0x00, 0x00, 0x00, 0x00, 0x00, 0x00, 0x00, 0x0D, 0x10, 0x00,
    0x00, 0x00, 0x02, 0xF1, 0x00, 0x26, 0x66, 0x61, 0x3F, 0x10, 0x02, 0xFF,
    0xFF, 0x33, 0xF2, 0x00, 0x00, 0x08, 0xF0, 0x0E, 0x70, 0x00, 0x00, 0x7E,
    0x00, 0x8F, 0x73, 0x24, 0xAF, 0x70, 0x00, 0x8F, 0xFF, 0xFE, 0x60, 0x00,
    0x00, 0x13, 0x43, 0x00, 0x00, 0x00, 0x01, 0x00, 0x00, 0xBF, 0x70, 0x03,
    0xF8, 0x30, 0x01, 0xE7, 0x70, 0x05, 0xB7, 0x20, 0x00, 0x00, 0x30, 0x00,
    0x06, 0xE0, 0x00, 0x04, 0xF0, 0x00, 0x05, 0xF0, 0x56, 0x7D, 0xB0, 0xBF,
    0xEB, 0x20, 0x00, 0x10, 0x00, 0x0B, 0xFA, 0x00, 0x3F, 0x74, 0x00, 0x1D,
    0x88, 0x10, 0x4B, 0x72, 0x00, 0x00, 0x16, 0x00, 0x00, 0x4F, 0x10, 0x00,
    0x5F, 0x20, 0x67, 0xDF, 0xC7, 0xFE, 0x92, 0xBF, 0x4F, 0x14, 0xF1, 0x4F,
    0x14, 0xF1, 0x4F, 0x14, 0xF1, 0x4F, 0x14, 0xF1, 0x4F, 0x14, 0xF1, 0x4F,
    0x10, 0x4F, 0x10, 0x4F, 0x10, 0x4F, 0x10, 0x4F, 0x10, 0x4F, 0x10, 0x4F,
    0x10, 0x4F, 0x10, 0x4F, 0x10, 0x2F, 0x30, 0x0D, 0xC5, 0x03, 0xCB, 0x06,
    0x10, 0x00, 0x00, 0x00, 0x02, 0x60, 0x2F, 0x30, 0x00, 0x00, 0x00, 0x06,
    0xE0, 0x3F, 0x20, 0x00, 0x00, 0x00, 0x04, 0xF1, 0x2F, 0x70, 0x00, 0x00,
    0x00, 0x05, 0xF0, 0x09, 0xFB, 0x87, 0x66, 0x66, 0x9E, 0xA0, 0x00, 0x5A,
    0xDE, 0xFF, 0xFE, 0xC7, 0x10, 0x00, 0x00, 0x00, 0x00, 0x00, 0x00, 0x00,
    0x00, 0x00, 0x00, 0x37, 0x00, 0x00, 0x00, 0x00, 0x00, 0x00, 0xAE, 0x10,
    0x00, 0x00, 0x00, 0x00, 0x00, 0x13, 0x00, 0x00, 0x00, 0x06, 0x10, 0x00,
    0x00, 0x00, 0x00, 0x00, 0x00, 0x2F, 0x30, 0x00, 0x00, 0x00, 0x03, 0xA0,
    0x00, 0x3F, 0x20, 0x00, 0x00, 0x00, 0x04, 0xF0, 0x00, 0x1F, 0x70, 0x00,
    0x00, 0x00, 0x07, 0xF2, 0x00, 0x09, 0xFB, 0x87, 0x66, 0x78, 0xBF, 0xDD,
    0x72, 0x00, 0x5A, 0xDE, 0xFF, 0xFD, 0xA4, 0x1A, 0xE4, 0x00, 0x00, 0x00,
    0x00, 0x00, 0x00, 0x00, 0x00, 0x00, 0x00, 0x00, 0x36, 0x00, 0x00, 0x00,
    0x00, 0x00, 0x00, 0x00, 0xAE, 0x10, 0x00, 0x00, 0x00, 0x00, 0x00, 0x00,
    0x13, 0x00, 0x00, 0x00, 0x00, 0x00, 0x03, 0x70, 0x00, 0x07, 0xF0, 0x00,
    0x04, 0xF1, 0x00, 0x05, 0xF0, 0x26, 0x7D, 0xB0, 0x4F, 0xFB, 0x20, 0x00,
    0x00, 0x00, 0x01, 0x91, 0x00, 0x06, 0xF6, 0x00, 0x00, 0x40, 0x00, 0x00,
    0x3B, 0x10, 0x00, 0x4F, 0x10, 0x00, 0x6F, 0x20, 0x67, 0xEF, 0xC7, 0xFE,
    0x92, 0xBF, 0x00, 0x00, 0x00, 0x08, 0x10, 0x00, 0x4F, 0x70, 0x00, 0x03,
    0x00, 0x00, 0x00, 0x10, 0x01, 0x00, 0x08, 0xE2, 0xAC, 0x10, 0x04, 0x90,
    0x58, 0x00, 0x00, 0x00, 0x00, 0x00, 0x00, 0x4D, 0x30, 0x00, 0x00, 0x9F,
    0xE5, 0x00, 0x06, 0xF6, 0xAF, 0x40, 0x1E, 0x70, 0x0A, 0xD0, 0x3F, 0x20,
    0x05, 0xF0, 0x1E, 0xC7, 0x7D, 0xB0, 0x03, 0xBE, 0xEA, 0x10, 0x00, 0x14,
    0x04, 0x10, 0x00, 0x0A, 0xF3, 0xE9, 0x00, 0x00, 0x15, 0x04, 0x10, 0x00,
    0x00, 0x00, 0x30, 0x00, 0x00, 0x03, 0x9F, 0x10, 0x00, 0x1A, 0xFC, 0xF4,
    0x00, 0x0B, 0xD4, 0x0D, 0x60, 0x02, 0xF3, 0x00, 0xC8, 0x00, 0x2F, 0x72,
    0x7F, 0xA0, 0x00, 0x9F, 0xFE, 0x8F, 0x82, 0x00, 0x24, 0x10, 0x9E, 0x40,
    0x00, 0x00, 0x05, 0x11, 0x50, 0x00, 0x00, 0x00, 0x00, 0x2F, 0x88, 0xF2,
    0x00, 0x00, 0x06, 0x10, 0x04, 0x01, 0x40, 0x02, 0x60, 0x2F, 0x30, 0x00,
    0x00, 0x00, 0x06, 0xE0, 0x3F, 0x20, 0x00, 0x00, 0x00, 0x04, 0xF1, 0x2F,
    0x70, 0x00, 0x00, 0x00, 0x05, 0xF0, 0x09, 0xFB, 0x87, 0x66, 0x66, 0x9E,
    0xA0, 0x00, 0x5A, 0xDE, 0xFF, 0xFE, 0xC7, 0x10, 0x00, 0x00, 0x05, 0x11,
    0x50, 0x00, 0x00, 0x00, 0x00, 0x00, 0x2F, 0x88, 0xF2, 0x00, 0x00, 0x00,
    0x06, 0x10, 0x04, 0x00, 0x40, 0x00, 0x00, 0x00, 0x2F, 0x30, 0x00, 0x00,
    0x00, 0x03, 0xA0, 0x00, 0x3F, 0x20, 0x00, 0x00, 0x00, 0x04, 0xF0, 0x00,
    0x1F, 0x70, 0x00, 0x00, 0x00, 0x07, 0xF2, 0x00, 0x09, 0xFB, 0x87, 0x66,
    0x78, 0xBF, 0xDD, 0x72, 0x00, 0x5A, 0xDE, 0xFF, 0xFD, 0xA4, 0x1A, 0xE4,
    0x00, 0x00, 0x00, 0x2D, 0x56, 0xC1, 0x1C, 0x35, 0xB0, 0x00, 0x00, 0x00,
    0x00, 0x03, 0x60, 0x00, 0x06, 0xF0, 0x00, 0x04, 0xF1, 0x00, 0x05, 0xF0,
    0x26, 0x7D, 0xB0, 0x4F, 0xFC, 0x20, 0x02, 0x00, 0x30, 0x01, 0xE9, 0x8E,
    0x20, 0x06, 0x22, 0x60, 0x00, 0x00, 0x00, 0x00, 0x00, 0x03, 0xB1, 0x00,
    0x00, 0x4F, 0x10, 0x00, 0x06, 0xF2, 0x00, 0x67, 0xEF, 0xC7, 0x0F, 0xE9,
    0x2B, 0xF0, 0x00, 0x00, 0x00, 0x76, 0x00, 0x00, 0x00, 0x00, 0x00, 0x00,
    0xA9, 0x00, 0x00, 0x00, 0x00, 0x00, 0x1A, 0x33, 0xA0, 0x00, 0x00, 0x06,
    0x10, 0x2D, 0x45, 0xC1, 0x02, 0x60, 0x2F, 0x30, 0x00, 0x00, 0x00, 0x06,
    0xE0, 0x3F, 0x20, 0x00, 0x00, 0x00, 0x04, 0xF1, 0x2F, 0x70, 0x00, 0x00,
    0x00, 0x05, 0xF0, 0x09, 0xFB, 0x87, 0x66, 0x66, 0x9E, 0xA0, 0x00, 0x5A,
    0xDE, 0xFF, 0xFE, 0xC7, 0x10, 0x00, 0x00, 0x00, 0x77, 0x00, 0x00, 0x00,
    0x00, 0x00, 0x00, 0x00, 0x99, 0x00, 0x00, 0x00, 0x00, 0x00, 0x00, 0x1B,
    0x34, 0xB1, 0x00, 0x00, 0x00, 0x06, 0x10, 0x1C, 0x45, 0xC1, 0x00, 0x00,
    0x00, 0x2F, 0x30, 0x00, 0x00, 0x00, 0x03, 0xA0, 0x00, 0x3F, 0x20, 0x00,
    0x00, 0x00, 0x04, 0xF0, 0x00, 0x1F, 0x70, 0x00, 0x00, 0x00, 0x07, 0xF2,
    0x00, 0x09, 0xFB, 0x87, 0x66, 0x78, 0xBF, 0xDD, 0x72, 0x00, 0x5A, 0xDE,
    0xFF, 0xFD, 0xA4, 0x1A, 0xE4, 0x00, 0x75, 0x00, 0x00, 0xB9, 0x00, 0x1A,
    0x33, 0x90, 0x3E, 0x46, 0xD1, 0x01, 0x00, 0x00, 0x00, 0x03, 0x60, 0x00,
    0x06, 0xF0, 0x00, 0x04, 0xF1, 0x00, 0x05, 0xF0, 0x26, 0x7D, 0xB0, 0x4F,
    0xFC, 0x20, 0x00, 0x01, 0x00, 0x00, 0x0A, 0xA0, 0x00, 0x01, 0x55, 0x10,
    0x01, 0xD7, 0x6E, 0x20, 0x07, 0x22, 0x80, 0x00, 0x00, 0x00, 0x00, 0x00,
    0x03, 0xB1, 0x00, 0x00, 0x4F, 0x10, 0x00, 0x06, 0xF2, 0x00, 0x67, 0xEF,
    0xC7, 0x0F, 0xE9, 0x2B, 0xF0, 0x00, 0x01, 0x00, 0x00, 0x00, 0x00, 0x3C,
    0xFE, 0x81, 0x00, 0x00, 0x1E, 0xC5, 0x8E, 0xFA, 0x41, 0x00, 0x51, 0x00,
    0x4D, 0xFF, 0xB0, 0x00, 0x05, 0xCF, 0xEA, 0x74, 0x00, 0x08, 0xFB, 0x40,
    0x00, 0x00, 0x06, 0xF7, 0x00, 0x00, 0x00, 0x00, 0xD9, 0x00, 0x16, 0x00,
    0x00, 0x2F, 0x30, 0x08, 0xF4, 0x00, 0x03, 0xF2, 0x00, 0x05, 0x00, 0x00,
    0x1F, 0x80, 0x00, 0x00, 0x00, 0x00, 0x8F, 0xA4, 0x22, 0x47, 0x80, 0x00,
    0x7E, 0xFF, 0xFF, 0xE9, 0x00, 0x00, 0x02, 0x44, 0x20, 0x00, 0x00, 0x01,
    0x00, 0x00, 0x00, 0x00, 0x03, 0xCF, 0xE8, 0x20, 0x00, 0x00, 0x1E, 0xC5,
    0x9E, 0xFA, 0x52, 0x00, 0x05, 0x10, 0x05, 0xDF, 0xFB, 0x00, 0x00, 0x05,
    0xDF, 0xEF, 0x74, 0x00, 0x00, 0x9F, 0xB3, 0x3F, 0x30, 0x00, 0x07, 0xF6,
    0x00, 0x0D, 0xD7, 0x62, 0x0E, 0x90, 0x00, 0x03, 0xBE, 0xF4, 0x3F, 0x30,
    0x5D, 0x20, 0x00, 0x00, 0x3F, 0x20, 0x4C, 0x10, 0x00, 0x00, 0x1F, 0x80,
    0x00, 0x00, 0x00, 0x00, 0x08, 0xF9, 0x42, 0x24, 0x78, 0x00, 0x00, 0x7E,
    0xFF, 0xFF, 0xE9, 0x00, 0x00, 0x00, 0x24, 0x42, 0x00, 0x00, 0x00, 0x01,
    0x00, 0x00, 0x00, 0x00, 0x09, 0xFF, 0xA3, 0x00, 0x00, 0x09, 0xE6, 0x7C,
    0xFC, 0x63, 0x00, 0x13, 0x00, 0x02, 0xCF, 0xF0, 0x00, 0x00, 0x17, 0xDE,
    0x94, 0x06, 0x68, 0xBF, 0xE8, 0x10, 0x00, 0xFF, 0xDB, 0x61, 0x00, 0x00,
    0x00, 0x00, 0x00, 0x00, 0x00, 0x00, 0x00, 0x00, 0x27, 0x00, 0x00, 0x00,
    0x00, 0x09, 0xE2, 0x00, 0x00, 0x00, 0x00, 0x03, 0x00, 0x00, 0x00, 0x00,
    0x01, 0x00, 0x00, 0x00, 0x00, 0x09, 0xFF, 0xA3, 0x00, 0x00, 0x09, 0xE6,
    0x7C, 0xFC, 0x63, 0x00, 0x13, 0x00, 0x03, 0xCF, 0xF0, 0x00, 0x00, 0x17,
    0xDF, 0xA3, 0x06, 0x78, 0xBF, 0xE7, 0x9C, 0x76, 0xFF, 0xDA, 0x61, 0x01,
    0xAE, 0xF0, 0x00, 0x00, 0x00, 0x00, 0x00, 0x00, 0x00, 0x27, 0x00, 0x00,
    0x00, 0x00, 0x09, 0xE2, 0x00, 0x00, 0x00, 0x00, 0x03, 0x00, 0x00, 0x00,
    0x00, 0x01, 0x00, 0x00, 0x00, 0x00, 0x3C, 0xFE, 0x81, 0x00, 0x00, 0x1E,
    0xC5, 0x8E, 0xFA, 0x41, 0x00, 0x51, 0x00, 0x4D, 0xFF, 0xB0, 0x00, 0x05,
    0xCF, 0xEA, 0x74, 0x00, 0x08, 0xFB, 0x40, 0x00, 0x00, 0x06, 0xF7, 0x00,
    0x00, 0x00, 0x00, 0xD9, 0x00, 0x00, 0x00, 0x00, 0x2F, 0x30, 0x00, 0x00,
    0x00, 0x03, 0xF2, 0x00, 0x00, 0x00, 0x00, 0x1F, 0x80, 0x00, 0x00, 0x00,
    0x00, 0x8F, 0xA4, 0x22, 0x47, 0x80, 0x00, 0x7E, 0xFF, 0xFF, 0xE9, 0x00,
    0x00, 0x02, 0x44, 0x20, 0x00, 0x00, 0x01, 0x00, 0x00, 0x00, 0x00, 0x03,
    0xCF, 0xE8, 0x20, 0x00, 0x00, 0x1E, 0xC5, 0x9E, 0xFA, 0x52, 0x00, 0x05,
    0x10, 0x05, 0xDF, 0xFB, 0x00, 0x00, 0x05, 0xDF, 0xEF, 0x74, 0x00, 0x00,
    0x9F, 0xB3, 0x3F, 0x30, 0x00, 0x07, 0xF6, 0x00, 0x0D, 0xD7, 0x62, 0x0E,
    0x90, 0x00, 0x03, 0xBE, 0xF4, 0x3F, 0x30, 0x00, 0x00, 0x00, 0x00, 0x3F,
    0x20, 0x00, 0x00, 0x00, 0x00, 0x1F, 0x80, 0x00, 0x00, 0x00, 0x00, 0x08,
    0xF9, 0x42, 0x24, 0x78, 0x00, 0x00, 0x7E, 0xFF, 0xFF, 0xE9, 0x00, 0x00,
    0x00, 0x24, 0x42, 0x00, 0x00, 0x00, 0x01, 0x00, 0x00, 0x00, 0x00, 0x09,
    0xFF, 0xA3, 0x00, 0x00, 0x09, 0xE6, 0x7C, 0xFC, 0x63, 0x00, 0x13, 0x00,
    0x02, 0xCF, 0xF0, 0x00, 0x00, 0x17, 0xDE, 0x94, 0x06, 0x68, 0xBF, 0xE8,
    0x10, 0x00, 0xFF, 0xDB, 0x61, 0x00, 0x00, 0x00, 0x00, 0x01, 0x00, 0x00,
    0x00, 0x00, 0x09, 0xFF, 0xA3, 0x00, 0x00, 0x09, 0xE6, 0x7C, 0xFC, 0x63,
    0x00, 0x13, 0x00, 0x03, 0xCF, 0xF0, 0x00, 0x00, 0x17, 0xDF, 0xA3, 0x06,
    0x78, 0xBF, 0xE7, 0x9C, 0x76, 0xFF, 0xDA, 0x61, 0x01, 0xAE, 0xF0, 0x00,
    0x00, 0x50, 0x00, 0x00, 0x00, 0x00, 0x6F, 0x60, 0x00, 0x00, 0x00, 0x00,
    0x60, 0x00, 0x00, 0x00, 0x00, 0x10, 0x00, 0x00, 0x00, 0x03, 0xCF, 0xE8,
    0x10, 0x00, 0x01, 0xEC, 0x58, 0xEF, 0xA4, 0x10, 0x05, 0x10, 0x04, 0xDF,
    0xFB, 0x00, 0x00, 0x5C, 0xFE, 0xA7, 0x40, 0x00, 0x8F, 0xB4, 0x00, 0x00,
    0x00, 0x6F, 0x70, 0x00, 0x00, 0x00, 0x0D, 0x90, 0x00, 0x00, 0x00, 0x02,
    0xF3, 0x00, 0x00, 0x00, 0x00, 0x3F, 0x20, 0x00, 0x00, 0x00, 0x01, 0xF8,
    0x00, 0x00, 0x00, 0x00, 0x08, 0xFA, 0x42, 0x24, 0x78, 0x00, 0x07, 0xEF,
    0xFF, 0xFE, 0x90, 0x00, 0x00, 0x24, 0x42, 0x00, 0x00, 0x00, 0x00, 0x50,
    0x00, 0x00, 0x00, 0x00, 0x07, 0xF4, 0x00, 0x00, 0x00, 0x00, 0x00, 0x60,
    0x00, 0x00, 0x00, 0x00, 0x01, 0x00, 0x00, 0x00, 0x00, 0x03, 0xCF, 0xE8,
    0x20, 0x00, 0x00, 0x1E, 0xC5, 0x9E, 0xFA, 0x52, 0x00, 0x05, 0x10, 0x05,
    0xDF, 0xFB, 0x00, 0x00, 0x05, 0xDF, 0xEF, 0x74, 0x00, 0x00, 0x9F, 0xB3,
    0x3F, 0x30, 0x00, 0x07, 0xF6, 0x00, 0x0D, 0xD7, 0x62, 0x0E, 0x90, 0x00,
    0x03, 0xBE, 0xF4, 0x3F, 0x30, 0x00, 0x00, 0x00, 0x00, 0x3F, 0x20, 0x00,
    0x00, 0x00, 0x00, 0x1F, 0x80, 0x00, 0x00, 0x00, 0x00, 0x08, 0xF9, 0x42,
    0x24, 0x78, 0x00, 0x00, 0x7E, 0xFF, 0xFF, 0xE9, 0x00, 0x00, 0x00, 0x24,
    0x42, 0x00, 0x00, 0x00, 0x00, 0x51, 0x00, 0x00, 0x00, 0x00, 0x2F, 0xA0,
    0x00, 0x00, 0x00, 0x00, 0x41, 0x00, 0x00, 0x00, 0x00, 0x10, 0x00, 0x00,
    0x00, 0x00, 0x9F, 0xFA, 0x30, 0x00, 0x00, 0x9E, 0x67, 0xCF, 0xC6, 0x30,
    0x01, 0x30, 0x00, 0x2C, 0xFF, 0x00, 0x00, 0x01, 0x7D, 0xE9, 0x40, 0x66,
    0x8B, 0xFE, 0x81, 0x00, 0x0F, 0xFD, 0xB6, 0x10, 0x00, 0x00, 0x00, 0x00,
    0x51, 0x00, 0x00, 0x00, 0x00, 0x2F, 0x90, 0x00, 0x00, 0x00, 0x00, 0x41,
    0x00, 0x00, 0x00, 0x00, 0x10, 0x00, 0x00, 0x00, 0x00, 0x9F, 0xFA, 0x30,
    0x00, 0x00, 0x9E, 0x67, 0xCF, 0xC6, 0x30, 0x01, 0x30, 0x00, 0x3C, 0xFF,
    0x00, 0x00, 0x01, 0x7D, 0xFA, 0x30, 0x67, 0x8B, 0xFE, 0x79, 0xC7, 0x6F,
    0xFD, 0xA6, 0x10, 0x1A, 0xEF, 0x00, 0x14, 0x00, 0x00, 0x00, 0x6F, 0xA1,
    0x00, 0x00, 0x06, 0xED, 0x10, 0x00, 0x00, 0x2E, 0x90, 0x00, 0x00, 0x06,
    0xE0, 0x00, 0x00, 0x06, 0xF0, 0x28, 0x67, 0xAF, 0xA0, 0x3D, 0xFE, 0xC8,
    0x10, 0x00, 0x00, 0x62, 0x00, 0x00, 0x00, 0x0D, 0x90, 0x00, 0x00, 0x00,
    0x7E, 0x10, 0x00, 0x00, 0x01, 0xE7, 0x00, 0x00, 0x00, 0x09, 0xD0, 0x00,
    0x00, 0x00, 0x8F, 0x50, 0x08, 0x77, 0xAF, 0xEE, 0x70, 0xDF, 0xEC, 0x61,
    0xBF, 0x00, 0x97, 0x00, 0x00, 0x01, 0xCB, 0x00, 0x00, 0x00, 0x10, 0x00,
    0x00, 0x00, 0x14, 0x00, 0x00, 0x00, 0x6F, 0xA1, 0x00, 0x00, 0x06, 0xED,
    0x10, 0x00, 0x00, 0x2E, 0x90, 0x00, 0x00, 0x06, 0xE0, 0x00, 0x00, 0x06,
    0xF0, 0x28, 0x67, 0xAF, 0xA0, 0x3D, 0xFE, 0xC8, 0x10, 0x00, 0x00, 0x00,
    0x00, 0x00, 0x00, 0x6B, 0x10, 0x00, 0x00, 0x07, 0xC1, 0x00, 0x00, 0x00,
    0x01, 0x00, 0x00, 0x00, 0x00, 0x62, 0x00, 0x00, 0x00, 0x0D, 0x90, 0x00,
    0x00, 0x00, 0x7E, 0x10, 0x00, 0x00, 0x01, 0xE7, 0x00, 0x00, 0x00, 0x09,
    0xD0, 0x00, 0x00, 0x00, 0x8F, 0x50, 0x08, 0x77, 0xAF, 0xEE, 0x70, 0xDF,
    0xEC, 0x61, 0xBF, 0x00, 0x00, 0x10, 0x00, 0x0A, 0xB0, 0x00, 0x07, 0xE0,
    0x00, 0x05, 0xF1, 0x00, 0x05, 0xF0, 0x00, 0x08, 0xD0, 0x00, 0x2E, 0x70,
    0x16, 0xEC, 0x00, 0x8E, 0x81, 0x00, 0x10, 0x00, 0x00, 0x00, 0x00, 0x10,
    0x00, 0x00, 0x6E, 0x00, 0x00, 0x03, 0xF3, 0x00, 0x00, 0x1F, 0xD6, 0x00,
    0x01, 0xFC, 0xE0, 0x00, 0x4F, 0x10, 0x00, 0x0C, 0xB0, 0x01, 0x5C, 0xE2,
    0x00, 0x4F, 0xA2, 0x00, 0x00, 0x10, 0x00, 0x00, 0x00, 0x00, 0x00, 0x00,
    0x1C, 0x30, 0x00, 0x3E, 0x50, 0x00, 0x01, 0x00, 0x00, 0x00, 0x10, 0x00,
    0x0A, 0xB0, 0x00, 0x07, 0xE0, 0x00, 0x05, 0xF1, 0x00, 0x05, 0xF0, 0x00,
    0x08, 0xD0, 0x00, 0x2E, 0x70, 0x16, 0xEC, 0x00, 0x8E, 0x81, 0x00, 0x10,
    0x00, 0x00, 0x00, 0x00, 0x00, 0x00, 0x00, 0xA6, 0x00, 0x00, 0x1C, 0x90,
    0x00, 0x00, 0x10, 0x00, 0x00, 0x00, 0x10, 0x00, 0x00, 0x6E, 0x00, 0x00,
    0x03, 0xF3, 0x00, 0x00, 0x1F, 0xD6, 0x00, 0x01, 0xFC, 0xE0, 0x00, 0x4F,
    0x10, 0x00, 0x0C, 0xB0, 0x01, 0x5C, 0xE2, 0x00, 0x4F, 0xA2, 0x00, 0x00,
    0x10, 0x00, 0x00, 0x00, 0x00, 0x00, 0x00, 0x00, 0x00, 0x00, 0x00, 0x25,
    0x00, 0x00, 0x00, 0x00, 0x00, 0x10, 0x02, 0x70, 0x07, 0xE0, 0x08, 0x40,
    0x00, 0x00, 0xC9, 0x00, 0x4F, 0x00, 0x5F, 0x00, 0xE6, 0x00, 0x00, 0x09,
    0xD0, 0x05, 0xF2, 0x05, 0xE0, 0x2F, 0x30, 0x00, 0x00, 0x6F, 0xB7, 0xCF,
    0xC7, 0xDB, 0x03, 0xF2, 0x00, 0x00, 0x04, 0xFC, 0xFA, 0x3C, 0xFC, 0x20,
    0x3F, 0x30, 0x00, 0x00, 0x5F, 0x00, 0x00, 0x00, 0x00, 0x00, 0xE8, 0x00,
    0x00, 0x0A, 0xB0, 0x00, 0x00, 0x00, 0x00, 0x07, 0xF8, 0x32, 0x4A, 0xF4,
    0x00, 0x00, 0x00, 0x00, 0x00, 0x08, 0xEF, 0xFF, 0xD5, 0x00, 0x00, 0x00,
    0x00, 0x00, 0x00, 0x01, 0x34, 0x30, 0x00, 0x00, 0x00, 0x00, 0x00, 0x00,
    0x00, 0x00, 0x00, 0x00, 0x01, 0x00, 0x27, 0x00, 0x29, 0x10, 0x08, 0x40,
    0x00, 0x00, 0xC9, 0x00, 0x4F, 0x00, 0x4F, 0x10, 0x0E, 0x60, 0x00, 0x00,
    0x9D, 0x00, 0x5F, 0x20, 0x5F, 0x20, 0x2F, 0x30, 0x00, 0x00, 0x6F, 0xB7,
    0xCF, 0xC7, 0xDF, 0xC6, 0x3F, 0x20, 0x00, 0x00, 0x4F, 0xCF, 0xA3, 0xCF,
    0xC3, 0xBD, 0x3F, 0x30, 0x00, 0x00, 0x5F, 0x00, 0x00, 0x00, 0x00, 0x00,
    0x0E, 0x80, 0x00, 0x00, 0xAB, 0x00, 0x00, 0x00, 0x00, 0x00, 0x07, 0xF8,
    0x32, 0x4A, 0xF4, 0x00, 0x00, 0x00, 0x00, 0x00, 0x00, 0x8E, 0xFF, 0xFD,
    0x50, 0x00, 0x00, 0x00, 0x00, 0x00, 0x00, 0x01, 0x34, 0x30, 0x00, 0x00,
    0x00, 0x00, 0x00, 0x00, 0x00, 0x00, 0x00, 0x00, 0x00, 0x02, 0x50, 0x00,
    0x04, 0x60, 0x02, 0x70, 0x07, 0xE0, 0x00, 0x09, 0xC0, 0x04, 0xF0, 0x05,
    0xF0, 0x00, 0x0A, 0xE0, 0x05, 0xF2, 0x05, 0xE0, 0x26, 0x9F, 0xFA, 0x7D,
    0xFC, 0x7D, 0xB0, 0x4F, 0xD6, 0x5D, 0xFA, 0x2C, 0xFC, 0x20, 0x00, 0x36,
    0x00, 0x27, 0x00, 0x29, 0x10, 0x00, 0x6E, 0x00, 0x4F, 0x00, 0x4F, 0x10,
    0x00, 0x8F, 0x10, 0x5F, 0x20, 0x5F, 0x20, 0x68, 0xEF, 0xB7, 0xDF, 0xC7,
    0xDF, 0xC7, 0xFE, 0x84, 0xDF, 0xA3, 0xCF, 0xC3, 0xBF, 0x00, 0x00, 0x00,
    0x00, 0x00, 0x00, 0x00, 0x00, 0x00, 0x00, 0x00, 0x00, 0x00, 0x00, 0x00,
    0x0A, 0xA0, 0x00, 0x00, 0x00, 0x00, 0x00, 0x00, 0x00, 0x01, 0x55, 0x10,
    0x00, 0x00, 0x00, 0x00, 0x00, 0x00, 0x01, 0xD7, 0x6E, 0x30, 0x00, 0x00,
    0x00, 0x00, 0x00, 0x00, 0x07, 0x22, 0x80, 0x00, 0x00, 0x00, 0x00, 0x00,
    0x00, 0x00, 0x00, 0x00, 0x02, 0x50, 0x00, 0x00, 0x00, 0x00, 0x01, 0x00,
    0x27, 0x00, 0x7E, 0x00, 0x84, 0x00, 0x00, 0x0C, 0x90, 0x04, 0xF0, 0x05,
    0xF0, 0x0E, 0x60, 0x00, 0x00, 0x9D, 0x00, 0x5F, 0x20, 0x5E, 0x02, 0xF3,
    0x00, 0x00, 0x06, 0xFB, 0x7C, 0xFC, 0x7D, 0xB0, 0x3F, 0x20, 0x00, 0x00,
    0x4F, 0xCF, 0xA3, 0xCF, 0xC2, 0x03, 0xF3, 0x00, 0x00, 0x05, 0xF0, 0x00,
    0x00, 0x00, 0x00, 0x0E, 0x80, 0x00, 0x00, 0xAB, 0x00, 0x00, 0x00, 0x00,
    0x00, 0x7F, 0x83, 0x24, 0xAF, 0x40, 0x00, 0x00, 0x00, 0x00, 0x00, 0x8E,
    0xFF, 0xFD, 0x50, 0x00, 0x00, 0x00, 0x00, 0x00, 0x00, 0x13, 0x43, 0x00,
    0x00, 0x00, 0x00, 0x00, 0x00, 0x00, 0x00, 0x00, 0x00, 0x00, 0x00, 0x01,
    0x00, 0x00, 0x00, 0x00, 0x00, 0x00, 0x00, 0x00, 0x00, 0xAA, 0x00, 0x00,
    0x00, 0x00, 0x00, 0x00, 0x00, 0x00, 0x01, 0x55, 0x10, 0x00, 0x00, 0x00,
    0x00, 0x00, 0x00, 0x00, 0x1D, 0x76, 0xE3, 0x00, 0x00, 0x00, 0x00, 0x00,
    0x00, 0x00, 0x07, 0x22, 0x80, 0x00, 0x00, 0x00, 0x00, 0x00, 0x00, 0x00,
    0x00, 0x00, 0x00, 0x00, 0x00, 0x00, 0x00, 0x00, 0x00, 0x01, 0x00, 0x27,
    0x00, 0x29, 0x10, 0x08, 0x40, 0x00, 0x00, 0xC9, 0x00, 0x4F, 0x00, 0x4F,
    0x10, 0x0E, 0x60, 0x00, 0x00, 0x9D, 0x00, 0x5F, 0x20, 0x5F, 0x20, 0x2F,
    0x30, 0x00, 0x00, 0x6F, 0xB7, 0xCF, 0xC7, 0xDF, 0xC6, 0x3F, 0x20, 0x00,
    0x00, 0x4F, 0xCF, 0xA3, 0xCF, 0xC3, 0xBD, 0x3F, 0x30, 0x00, 0x00, 0x5F,
    0x00, 0x00, 0x00, 0x00, 0x00, 0x0E, 0x80, 0x00, 0x00, 0xAB, 0x00, 0x00,
    0x00, 0x00, 0x00, 0x07, 0xF8, 0x32, 0x4A, 0xF4, 0x00, 0x00, 0x00, 0x00,
    0x00, 0x00, 0x8E, 0xFF, 0xFD, 0x50, 0x00, 0x00, 0x00, 0x00, 0x00, 0x00,
    0x01, 0x34, 0x30, 0x00, 0x00, 0x00, 0x00, 0x00, 0x00, 0x00, 0x00, 0x00,
    0x01, 0x00, 0x00, 0x00, 0x00, 0x00, 0x00, 0x0B, 0xA0, 0x00, 0x00, 0x00,
    0x00, 0x00, 0x15, 0x51, 0x00, 0x00, 0x00, 0x00, 0x02, 0xE6, 0x6E, 0x30,
    0x00, 0x00, 0x00, 0x00, 0x82, 0x28, 0x00, 0x00, 0x00, 0x00, 0x00, 0x00,
    0x00, 0x02, 0x50, 0x00, 0x04, 0x60, 0x02, 0x70, 0x07, 0xE0, 0x00, 0x09,
    0xC0, 0x04, 0xF0, 0x05, 0xF0, 0x00, 0x0A, 0xE0, 0x05, 0xF2, 0x05, 0xE0,
    0x26, 0x9F, 0xFA, 0x7D, 0xFC, 0x7D, 0xB0, 0x4F, 0xD6, 0x5D, 0xFA, 0x2C,
    0xFC, 0x20, 0x00, 0x00, 0x00, 0x10, 0x00, 0x00, 0x00, 0x00, 0x00, 0x00,
    0xBA, 0x00, 0x00, 0x00, 0x00, 0x00, 0x01, 0x55, 0x10, 0x00, 0x00, 0x00,
    0x00, 0x2E, 0x66, 0xE3, 0x00, 0x00, 0x00, 0x00, 0x08, 0x22, 0x80, 0x00,
    0x00, 0x00, 0x00, 0x00, 0x00, 0x00, 0x00, 0x00, 0x00, 0x36, 0x00, 0x27,
    0x00, 0x29, 0x10, 0x00, 0x6E, 0x00, 0x4F, 0x00, 0x4F, 0x10, 0x00, 0x8F,
    0x10, 0x5F, 0x20, 0x5F, 0x20, 0x68, 0xEF, 0xB7, 0xDF, 0xC7, 0xDF, 0xC7,
    0xFE, 0x84, 0xDF, 0xA3, 0xCF, 0xC3, 0xBF, 0x00, 0x00, 0x00, 0x00, 0x00,
    0x00, 0x00, 0x01, 0x10, 0x00, 0x00, 0x00, 0x00, 0x00, 0x00, 0x00, 0x02,
    0xAF, 0xFB, 0x20, 0x00, 0x00, 0x00, 0x00, 0x00, 0x00, 0x2E, 0xD7, 0x6D,
    0xB0, 0x06, 0x30, 0x00, 0x00, 0xA8, 0x01, 0xDC, 0x10, 0x05, 0xF0, 0x0E,
    0x70, 0x00, 0x00, 0xAD, 0x09, 0xD1, 0x00, 0x08, 0xE0, 0x2F, 0x30, 0x00,
    0x00, 0x6F, 0x9F, 0x96, 0x78, 0xCF, 0x70, 0x3F, 0x20, 0x00, 0x00, 0x4F,
    0xBE, 0xFF, 0xED, 0xA4, 0x00, 0x3F, 0x20, 0x00, 0x00, 0x5F, 0x00, 0x00,
    0x00, 0x00, 0x00, 0x0E, 0x70, 0x00, 0x00, 0xAB, 0x00, 0x00, 0x00, 0x00,
    0x00, 0x08, 0xF8, 0x32, 0x4A, 0xF4, 0x00, 0x00, 0x00, 0x00, 0x00, 0x00,
    0x8E, 0xFF, 0xFD, 0x50, 0x00, 0x00, 0x00, 0x00, 0x00, 0x00, 0x01, 0x34,
    0x30, 0x00, 0x00, 0x00, 0x00, 0x00, 0x00, 0x00, 0x00, 0x00, 0x00, 0x00,
    0x00, 0x00, 0x01, 0x10, 0x00, 0x00, 0x00, 0x00, 0x00, 0x00, 0x00, 0x00,
    0x2A, 0xFF, 0xB1, 0x00, 0x00, 0x00, 0x00, 0x00, 0x00, 0x00, 0x2E, 0xD7,
    0x6D, 0xB0, 0x00, 0x63, 0x00, 0x00, 0x0A, 0x80, 0x1D, 0xC1, 0x00, 0x5F,
    0x00, 0x0E, 0x70, 0x00, 0x00, 0xAD, 0x09, 0xD1, 0x00, 0x08, 0xE0, 0x02,
    0xF3, 0x00, 0x00, 0x06, 0xF9, 0xF9, 0x67, 0x8C, 0xFC, 0x62, 0x3F, 0x20,
    0x00, 0x00, 0x4F, 0xBE, 0xFF, 0xED, 0xA7, 0xCF, 0x53, 0xF2, 0x00, 0x00,
    0x05, 0xF0, 0x00, 0x00, 0x00, 0x00, 0x00, 0x0E, 0x70, 0x00, 0x00, 0xAB,
    0x00, 0x00, 0x00, 0x00, 0x00, 0x00, 0x8F, 0x83, 0x24, 0xAF, 0x40, 0x00,
    0x00, 0x00, 0x00, 0x00, 0x00, 0x8E, 0xFF, 0xFD, 0x50, 0x00, 0x00, 0x00,
    0x00, 0x00, 0x00, 0x00, 0x13, 0x43, 0x00, 0x00, 0x00, 0x00, 0x00, 0x00,
    0x00, 0x00, 0x00, 0x00, 0x00, 0x01, 0x10, 0x00, 0x00, 0x00, 0x00, 0x01,
    0xAF, 0xFC, 0x20, 0x00, 0x28, 0x10, 0x1D, 0xE7, 0x5D, 0xB0, 0x00, 0x4F,
    0x10, 0xBD, 0x10, 0x05, 0xF0, 0x00, 0x5F, 0x27, 0xE2, 0x00, 0x08, 0xE0,
    0x27, 0xDF, 0xAE, 0xA6, 0x78, 0xCF, 0x70, 0x4E, 0xA2, 0x9D, 0xFF, 0xED,
    0xA4, 0x00, 0x00, 0x00, 0x00, 0x00, 0x01, 0x10, 0x00, 0x00, 0x00, 0x00,
    0x00, 0x1A, 0xFF, 0xC2, 0x00, 0x00, 0x28, 0x10, 0x1D, 0xE7, 0x5D, 0xB0,
    0x00, 0x04, 0xF1, 0x0B, 0xD1, 0x00, 0x5F, 0x00, 0x00, 0x5F, 0x27, 0xE2,
    0x00, 0x08, 0xE0, 0x02, 0x7D, 0xFA, 0xEA, 0x67, 0x8C, 0xFC, 0x65, 0x4E,
    0xA2, 0x9D, 0xFF, 0xED, 0xA5, 0xBE, 0xB0, 0x00, 0x00, 0x00, 0x00, 0x00,
    0x00, 0x00, 0x08, 0x40, 0x00, 0x00, 0x00, 0x00, 0x00, 0x00, 0x00, 0x00,
    0x1D, 0xA0, 0x00, 0x00, 0x00, 0x00, 0x00, 0x00, 0x00, 0x00, 0x01, 0x00,
    0x00, 0x00, 0x00, 0x00, 0x00, 0x00, 0x00, 0x00, 0x01, 0x10, 0x00, 0x00,
    0x00, 0x00, 0x00, 0x00, 0x00, 0x02, 0xAF, 0xFB, 0x20, 0x00, 0x00, 0x00,
    0x00, 0x00, 0x00, 0x2E, 0xD7, 0x6D, 0xB0, 0x06, 0x30, 0x00, 0x00, 0xA8,
    0x01, 0xDC, 0x10, 0x05, 0xF0, 0x0E, 0x70, 0x00, 0x00, 0xAD, 0x09, 0xD1,
    0x00, 0x08, 0xE0, 0x2F, 0x30, 0x00, 0x00, 0x6F, 0x9F, 0x96, 0x78, 0xCF,
    0x70, 0x3F, 0x20, 0x00, 0x00, 0x4F, 0xBE, 0xFF, 0xED, 0xA4, 0x00, 0x3F,
    0x20, 0x00, 0x00, 0x5F, 0x00, 0x00, 0x00, 0x00, 0x00, 0x0E, 0x70, 0x00,
    0x00, 0xAB, 0x00, 0x00, 0x00, 0x00, 0x00, 0x08, 0xF8, 0x32, 0x4A, 0xF4,
    0x00, 0x00, 0x00, 0x00, 0x00, 0x00, 0x8E, 0xFF, 0xFD, 0x50, 0x00, 0x00,
    0x00, 0x00, 0x00, 0x00, 0x01, 0x34, 0x30, 0x00, 0x00, 0x00, 0x00, 0x00,
    0x00, 0x00, 0x00, 0x00, 0x00, 0x00, 0x00, 0x00, 0x08, 0x40, 0x00, 0x00,
    0x00, 0x00, 0x00, 0x00, 0x00, 0x00, 0x01, 0xDA, 0x00, 0x00, 0x00, 0x00,
    0x00, 0x00, 0x00, 0x00, 0x00, 0x01, 0x00, 0x00, 0x00, 0x00, 0x00, 0x00,
    0x00, 0x00, 0x00, 0x00, 0x11, 0x00, 0x00, 0x00, 0x00, 0x00, 0x00, 0x00,
    0x00, 0x02, 0xAF, 0xFB, 0x10, 0x00, 0x00, 0x00, 0x00, 0x00, 0x00, 0x02,
    0xED, 0x76, 0xDB, 0x00, 0x06, 0x30, 0x00, 0x00, 0xA8, 0x01, 0xDC, 0x10,
    0x05, 0xF0, 0x00, 0xE7, 0x00, 0x00, 0x0A, 0xD0, 0x9D, 0x10, 0x00, 0x8E,
    0x00, 0x2F, 0x30, 0x00, 0x00, 0x6F, 0x9F, 0x96, 0x78, 0xCF, 0xC6, 0x23,
    0xF2, 0x00, 0x00, 0x04, 0xFB, 0xEF, 0xFE, 0xDA, 0x7C, 0xF5, 0x3F, 0x20,
    0x00, 0x00, 0x5F, 0x00, 0x00, 0x00, 0x00, 0x00, 0x00, 0xE7, 0x00, 0x00,
    0x0A, 0xB0, 0x00, 0x00, 0x00, 0x00, 0x00, 0x08, 0xF8, 0x32, 0x4A, 0xF4,
    0x00, 0x00, 0x00, 0x00, 0x00, 0x00, 0x08, 0xEF, 0xFF, 0xD5, 0x00, 0x00,
    0x00, 0x00, 0x00, 0x00, 0x00, 0x01, 0x34, 0x30, 0x00, 0x00, 0x00, 0x00,
    0x00, 0x00, 0x00, 0x00, 0x00, 0x00, 0x00, 0x08, 0x40, 0x00, 0x00, 0x00,
    0x00, 0x00, 0x1D, 0x90, 0x00, 0x00, 0x00, 0x00, 0x00, 0x02, 0x00, 0x00,
    0x00, 0x00, 0x00, 0x00, 0x01, 0x10, 0x00, 0x00, 0x00, 0x00, 0x01, 0xAF,
    0xFC, 0x20, 0x00, 0x28, 0x10, 0x1D, 0xE7, 0x5D, 0xB0, 0x00, 0x4F, 0x10,
    0xBD, 0x10, 0x05, 0xF0, 0x00, 0x5F, 0x27, 0xE2, 0x00, 0x08, 0xE0, 0x27,
    0xDF, 0xAE, 0xA6, 0x78, 0xCF, 0x70, 0x4E, 0xA2, 0x9D, 0xFF, 0xED, 0xA4,
    0x00, 0x00, 0x00, 0x00, 0x00, 0x08, 0x40, 0x00, 0x00, 0x00, 0x00, 0x00,
    0x01, 0xD9, 0x00, 0x00, 0x00, 0x00, 0x00, 0x00, 0x02, 0x00, 0x00, 0x00,
    0x00, 0x00, 0x00, 0x00, 0x11, 0x00, 0x00, 0x00, 0x00, 0x00, 0x01, 0xAF,
    0xFC, 0x20, 0x00, 0x02, 0x81, 0x01, 0xDE, 0x75, 0xDB, 0x00, 0x00, 0x4F,
    0x10, 0xBD, 0x10, 0x05, 0xF0, 0x00, 0x05, 0xF2, 0x7E, 0x20, 0x00, 0x8E,
    0x00, 0x27, 0xDF, 0xAE, 0xA6, 0x78, 0xCF, 0xC6, 0x54, 0xEA, 0x29, 0xDF,
    0xFE, 0xDA, 0x5B, 0xEB, 0x00, 0x04, 0xF1, 0x00, 0x00, 0x00, 0x00, 0x00,
    0x4F, 0x10, 0x00, 0x00, 0x00, 0x00, 0x04, 0xF1, 0x00, 0x00, 0x00, 0x00,
    0x00, 0x4F, 0x10, 0x00, 0x00, 0x00, 0x00, 0x04, 0xF1, 0x00, 0x10, 0x00,
    0x00, 0x00, 0x4F, 0x15, 0xDF, 0xFA, 0x10, 0x00, 0x04, 0xF9, 0xFB, 0x66,
    0xDB, 0x00, 0x00, 0x4F, 0xF7, 0x00, 0x05, 0xF0, 0x00, 0x04, 0xF7, 0x00,
    0x00, 0x8E, 0x00, 0x56, 0xCD, 0x66, 0x79, 0xDF, 0x60, 0x0B, 0xFF, 0xFF,
    0xFE, 0xC9, 0x30, 0x00, 0x00, 0x04, 0xF1, 0x00, 0x00, 0x00, 0x00, 0x00,
    0x4F, 0x10, 0x00, 0x00, 0x00, 0x00, 0x04, 0xF1, 0x00, 0x00, 0x00, 0x00,
    0x00, 0x4F, 0x10, 0x00, 0x00, 0x00, 0x00, 0x04, 0xF1, 0x00, 0x10, 0x00,
    0x00, 0x00, 0x4F, 0x17, 0xEF, 0xC2, 0x00, 0x00, 0x04, 0xFA, 0xE8, 0x5D,
    0xC0, 0x00, 0x00, 0x4F, 0xE3, 0x00, 0x5F, 0x00, 0x00, 0x04, 0xF4, 0x00,
    0x08, 0xE0, 0x00, 0x66, 0xDD, 0x67, 0x8C, 0xFC, 0x76, 0x0F, 0xFF, 0xFF,
    0xED, 0x95, 0xAE, 0xF0, 0x00, 0x4F, 0x10, 0x00, 0x00, 0x00, 0x00, 0x4F,
    0x10, 0x00, 0x00, 0x00, 0x00, 0x4F, 0x10, 0x00, 0x00, 0x00, 0x00, 0x4F,
    0x10, 0x00, 0x00, 0x00, 0x00, 0x4F, 0x10, 0x01, 0x00, 0x00, 0x00, 0x4F,
    0x15, 0xDF, 0xFA, 0x10, 0x00, 0x4F, 0x9F, 0xB6, 0x6D, 0xB0, 0x00, 0x4F,
    0xF7, 0x00, 0x05, 0xF0, 0x00, 0x4F, 0x60, 0x00, 0x08, 0xE0, 0x26, 0xCD,
    0x66, 0x79, 0xDF, 0x60, 0x4F, 0xFF, 0xFF, 0xEC, 0x93, 0x00, 0x04, 0xF1,
    0x00, 0x00, 0x00, 0x00, 0x4F, 0x10, 0x00, 0x00, 0x00, 0x04, 0xF1, 0x00,
    0x00, 0x00, 0x00, 0x4F, 0x10, 0x00, 0x00, 0x00, 0x04, 0xF1, 0x00, 0x11,
    0x00, 0x00, 0x4F, 0x15, 0xDF, 0xFA, 0x10, 0x04, 0xF9, 0xFB, 0x66, 0xDB,
    0x00, 0x4F, 0xF7, 0x00, 0x05, 0xF0, 0x04, 0xF6, 0x00, 0x00, 0x8E, 0x06,
    0xCD, 0x66, 0x79, 0xDF, 0xC6, 0xFF, 0xFF, 0xFE, 0xC9, 0x6C, 0xF0, 0x00,
    0x04, 0xF1, 0x00, 0x10, 0x00, 0x00, 0x00, 0x4F, 0x10, 0x2D, 0x80, 0x00,
    0x00, 0x04, 0xF1, 0x01, 0xD7, 0x00, 0x00, 0x00, 0x4F, 0x10, 0x01, 0x00,
    0x00, 0x00, 0x04, 0xF1, 0x00, 0x10, 0x00, 0x00, 0x00, 0x4F, 0x15, 0xDF,
    0xFA, 0x10, 0x00, 0x04, 0xF9, 0xFB, 0x66, 0xDB, 0x00, 0x00, 0x4F, 0xF7,
    0x00, 0x05, 0xF0, 0x00, 0x04, 0xF7, 0x00, 0x00, 0x8E, 0x00, 0x56, 0xCD,
    0x66, 0x79, 0xDF, 0x60, 0x0B, 0xFF, 0xFF, 0xFE, 0xC9, 0x30, 0x00, 0x00,
    0x04, 0xF1, 0x00, 0x00, 0x00, 0x00, 0x00, 0x4F, 0x10, 0x7B, 0x00, 0x00,
    0x00, 0x04, 0xF1, 0x07, 0xA0, 0x00, 0x00, 0x00, 0x4F, 0x10, 0x00, 0x00,
    0x00, 0x00, 0x04, 0xF1, 0x00, 0x10, 0x00, 0x00, 0x00, 0x4F, 0x17, 0xEF,
    0xC2, 0x00, 0x00, 0x04, 0xFA, 0xE8, 0x5D, 0xC0, 0x00, 0x00, 0x4F, 0xE3,
    0x00, 0x5F, 0x00, 0x00, 0x04, 0xF4, 0x00, 0x08, 0xE0, 0x00, 0x66, 0xDD,
    0x67, 0x8C, 0xFC, 0x76, 0x0F, 0xFF, 0xFF, 0xED, 0x95, 0xAE, 0xF0, 0x00,
    0x4F, 0x10, 0x01, 0x00, 0x00, 0x00, 0x4F, 0x10, 0x1C, 0x80, 0x00, 0x00,
    0x4F, 0x10, 0x1C, 0x80, 0x00, 0x00, 0x4F, 0x10, 0x01, 0x00, 0x00, 0x00,
    0x4F, 0x10, 0x01, 0x00, 0x00, 0x00, 0x4F, 0x15, 0xDF, 0xFA, 0x10, 0x00,
    0x4F, 0x9F, 0xB6, 0x6D, 0xB0, 0x00, 0x4F, 0xF7, 0x00, 0x05, 0xF0, 0x00,
    0x4F, 0x60, 0x00, 0x08, 0xE0, 0x26, 0xCD, 0x66, 0x79, 0xDF, 0x60, 0x4F,
    0xFF, 0xFF, 0xEC, 0x93, 0x00, 0x04, 0xF1, 0x00, 0x00, 0x00, 0x00, 0x4F,
    0x10, 0x1C, 0x80, 0x00, 0x04, 0xF1, 0x01, 0xC8, 0x00, 0x00, 0x4F, 0x10,
    0x01, 0x00, 0x00, 0x04, 0xF1, 0x00, 0x11, 0x00, 0x00, 0x4F, 0x15, 0xDF,
    0xFA, 0x10, 0x04, 0xF9, 0xFB, 0x66, 0xDB, 0x00, 0x4F, 0xF7, 0x00, 0x05,
    0xF0, 0x04, 0xF6, 0x00, 0x00, 0x8E, 0x06, 0xCD, 0x66, 0x79, 0xDF, 0xC6,
    0xFF, 0xFF, 0xFE, 0xC9, 0x6C, 0xF0, 0x00, 0x00, 0x01, 0x00, 0x00, 0x00,
    0x02, 0xBF, 0xE8, 0x10, 0x00, 0x0C, 0xD6, 0x7D, 0x00, 0x00, 0x2F, 0x30,
    0x00, 0x00, 0x00, 0x3F, 0x20, 0x00, 0x00, 0x00, 0x0E, 0x80, 0x12, 0x00,
    0x00, 0x09, 0xFE, 0xFF, 0x40, 0x01, 0xBF, 0xA7, 0x55, 0x10, 0x0A, 0xC2,
    0x00, 0x00, 0x00, 0x2F, 0x40, 0x00, 0x00, 0x00, 0x3F, 0x20, 0x00, 0x00,
    0x00, 0x1F, 0x60, 0x00, 0x00, 0x00, 0x09, 0xE7, 0x42, 0x36, 0x80, 0x00,
    0x8E, 0xFF, 0xFF, 0xB0, 0x00, 0x00, 0x34, 0x31, 0x00, 0x00, 0x00, 0x10,
    0x00, 0x00, 0x05, 0xCF, 0xFF, 0xC4, 0x00, 0x0D, 0xE7, 0x56, 0xBE, 0x00,
    0x05, 0xF5, 0x02, 0xD7, 0x00, 0x00, 0x8E, 0x5D, 0xC0, 0x00, 0x00, 0x0C,
    0xFE, 0x20, 0x00, 0x01, 0xBF, 0xDF, 0xB8, 0x65, 0x0B, 0xF7, 0x03, 0x9D,
    0xEB, 0x2F, 0x70, 0x00, 0x00, 0x00, 0x3F, 0x20, 0x00, 0x00, 0x00, 0x2F,
    0x50, 0x00, 0x00, 0x00, 0x0B, 0xE6, 0x32, 0x45, 0x00, 0x01, 0xAF, 0xFF,
    0xFD, 0x00, 0x00, 0x01, 0x44, 0x20, 0x00, 0x00, 0x00, 0x10, 0x00, 0x00,
    0x02, 0xBF, 0xFB, 0x30, 0x00, 0xCD, 0x66, 0xC5, 0x00, 0x3F, 0x30, 0x00,
    0x00, 0x03, 0xF2, 0x00, 0x00, 0x00, 0x0E, 0x80, 0x15, 0x80, 0x66, 0xBF,
    0xDF, 0xFE, 0x0F, 0xFE, 0xCA, 0x74, 0x00, 0x00, 0x00, 0x01, 0x00, 0x00,
    0x05, 0xCF, 0xFF, 0xC5, 0x00, 0xDC, 0x65, 0x6C, 0xD0, 0x06, 0xE3, 0x03,
    0xE6, 0x00, 0x09, 0xE6, 0xE9, 0x06, 0x66, 0x7E, 0xFE, 0x76, 0xFF, 0xEC,
    0x84, 0xAE, 0xF0, 0x00, 0x00, 0x05, 0x00, 0x00, 0x00, 0x00, 0x6F, 0x40,
    0x00, 0x00, 0x00, 0x06, 0x00, 0x00, 0x00, 0x00, 0x01, 0x00, 0x00, 0x00,
    0x02, 0xBF, 0xE8, 0x10, 0x00, 0x0C, 0xD6, 0x7D, 0x00, 0x00, 0x2F, 0x30,
    0x00, 0x00, 0x00, 0x3F, 0x20, 0x00, 0x00, 0x00, 0x0E, 0x80, 0x12, 0x00,
    0x00, 0x09, 0xFE, 0xFF, 0x40, 0x01, 0xBF, 0xA7, 0x55, 0x10, 0x0A, 0xC2,
    0x00, 0x00, 0x00, 0x2F, 0x40, 0x00, 0x00, 0x00, 0x3F, 0x20, 0x00, 0x00,
    0x00, 0x1F, 0x60, 0x00, 0x00, 0x00, 0x09, 0xE7, 0x42, 0x36, 0x80, 0x00,
    0x8E, 0xFF, 0xFF, 0xB0, 0x00, 0x00, 0x34, 0x31, 0x00, 0x00, 0x00, 0x60,
    0x00, 0x00, 0x00, 0x03, 0xF6, 0x00, 0x00, 0x00, 0x00, 0x40, 0x00, 0x00,
    0x00, 0x00, 0x10, 0x00, 0x00, 0x05, 0xCF, 0xFF, 0xC4, 0x00, 0x0D, 0xE7,
    0x56, 0xBE, 0x00, 0x05, 0xF5, 0x02, 0xD7, 0x00, 0x00, 0x8E, 0x5D, 0xC0,
    0x00, 0x00, 0x0C, 0xFE, 0x20, 0x00, 0x01, 0xBF, 0xDF, 0xB8, 0x65, 0x0B,
    0xF7, 0x03, 0x9D, 0xEB, 0x2F, 0x70, 0x00, 0x00, 0x00, 0x3F, 0x20, 0x00,
    0x00, 0x00, 0x2F, 0x50, 0x00, 0x00, 0x00, 0x0B, 0xE6, 0x32, 0x45, 0x00,
    0x01, 0xAF, 0xFF, 0xFD, 0x00, 0x00, 0x01, 0x44, 0x20, 0x00, 0x00, 0x00,
    0x72, 0x00, 0x00, 0x00, 0x3F, 0x90, 0x00, 0x00, 0x00, 0x40, 0x00, 0x00,
    0x00, 0x01, 0x00, 0x00, 0x00, 0x2B, 0xFF, 0xB3, 0x00, 0x0C, 0xD6, 0x6C,
    0x50, 0x03, 0xF3, 0x00, 0x00, 0x00, 0x3F, 0x20, 0x00, 0x00, 0x00, 0xE8,
    0x01, 0x58, 0x06, 0x6B, 0xFD, 0xFF, 0xE0, 0xFF, 0xEC, 0xA7, 0x40, 0x00,
    0x00, 0x00, 0x18, 0x10, 0x00, 0x00, 0x05, 0xF4, 0x00, 0x00, 0x00, 0x03,
    0x00, 0x00, 0x00, 0x00, 0x10, 0x00, 0x00, 0x5C, 0xFF, 0xFC, 0x50, 0x0D,
    0xC6, 0x56, 0xCD, 0x00, 0x6E, 0x30, 0x3E, 0x60, 0x00, 0x9E, 0x6E, 0x90,
    0x66, 0x67, 0xEF, 0xE7, 0x6F, 0xFE, 0xC8, 0x4A, 0xEF, 0x00, 0x00, 0x00,
    0x00, 0x02, 0x40, 0x00, 0x00, 0x00, 0x00, 0x00, 0x0A, 0xD0, 0x00, 0x00,
    0x00, 0x00, 0x00, 0x01, 0x30, 0x00, 0x00, 0x00, 0x00, 0x00, 0x00, 0x10,
    0x00, 0x00, 0x00, 0x00, 0x00, 0x3E, 0xFA, 0x00, 0x00, 0x00, 0x00, 0x00,
    0xDB, 0x6F, 0x70, 0x05, 0x10, 0x00, 0x02, 0xF2, 0x09, 0xC0, 0x2F, 0x30,
    0x00, 0x03, 0xF5, 0x28, 0xE0, 0x3F, 0x20, 0x00, 0x00, 0xBF, 0xFF, 0xF1,
    0x2F, 0x70, 0x00, 0x00, 0x03, 0x46, 0xF0, 0x09, 0xFC, 0x87, 0x66, 0x66,
    0x7D, 0xC0, 0x00, 0x5A, 0xDE, 0xFF, 0xFF, 0xEB, 0x20, 0x00, 0x00, 0x00,
    0x00, 0x00, 0x05, 0x00, 0x00, 0x00, 0x00, 0x00, 0x00, 0x00, 0x7F, 0x30,
    0x00, 0x00, 0x00, 0x00, 0x00, 0x00, 0x06, 0x00, 0x00, 0x00, 0x00, 0x00,
    0x00, 0x00, 0x01, 0x00, 0x00, 0x01, 0x00, 0x00, 0x00, 0x03, 0xDF, 0xB2,
    0x00, 0x1E, 0x30, 0x00, 0x00, 0x0D, 0xB6, 0xDB, 0x00, 0x3F, 0x20, 0x00,
    0x00, 0x3F, 0x20, 0x5F, 0x00, 0x2F, 0x60, 0x00, 0x00, 0x1E, 0x70, 0x9C,
    0x00, 0x0A, 0xFB, 0x87, 0x66, 0x6A, 0xFD, 0xF8, 0x62, 0x00, 0x5A, 0xDE,
    0xFF, 0xED, 0xA8, 0xBE, 0xF4, 0x00, 0x02, 0x30, 0x00, 0x00, 0x0B, 0xD0,
    0x00, 0x00, 0x02, 0x40, 0x00, 0x00, 0x00, 0x10, 0x00, 0x00, 0x4E, 0xFA,
    0x00, 0x00, 0xDB, 0x6E, 0x70, 0x03, 0xF3, 0x09, 0xC0, 0x03, 0xF5, 0x28,
    0xE0, 0x00, 0xBF, 0xFF, 0xF1, 0x00, 0x03, 0x46, 0xF0, 0x26, 0x66, 0x7D,
    0xC0, 0x4F, 0xFF, 0xEB, 0x20, 0x00, 0x00, 0x50, 0x00, 0x00, 0x08, 0xF3,
    0x00, 0x00, 0x01, 0x60, 0x00, 0x00, 0x00, 0x10, 0x00, 0x00, 0x3D, 0xFB,
    0x20, 0x00, 0xDB, 0x6D, 0xB0, 0x03, 0xF2, 0x05, 0xF0, 0x01, 0xE7, 0x09,
    0xC0, 0x66, 0xAF, 0xDF, 0x86, 0xFF, 0xDA, 0x8C, 0xEF, 0x00, 0x00, 0x02,
    0x10, 0x30, 0x00, 0x00, 0x00, 0xDB, 0x6F, 0x20, 0x00, 0x00, 0x04, 0x31,
    0x60, 0x00, 0x00, 0x00, 0x00, 0x10, 0x00, 0x00, 0x00, 0x04, 0xEF, 0xA0,
    0x00, 0x41, 0x00, 0xDB, 0x6F, 0x60, 0x0D, 0x70, 0x3F, 0x20, 0x9C, 0x02,
    0xF4, 0x03, 0xF5, 0x28, 0xE0, 0x3F, 0x20, 0x0B, 0xFF, 0xFF, 0x13, 0xF2,
    0x00, 0x03, 0x46, 0xF0, 0x1E, 0x70, 0x00, 0x00, 0xAC, 0x00, 0x8F, 0x73,
    0x23, 0x9F, 0x50, 0x00, 0x9F, 0xFF, 0xFE, 0x60, 0x00, 0x00, 0x13, 0x43,
    0x00, 0x00, 0x00, 0x00, 0x02, 0x10, 0x30, 0x00, 0x00, 0x00, 0xDA, 0x6F,
    0x20, 0x00, 0x00, 0x04, 0x31, 0x70, 0x00, 0x00, 0x00, 0x00, 0x10, 0x00,
    0x00, 0x00, 0x03, 0xDF, 0xA0, 0x00, 0x10, 0x00, 0xCB, 0x6E, 0x70, 0x0C,
    0x70, 0x2F, 0x30, 0x8C, 0x01, 0xF5, 0x03, 0xF1, 0x05, 0xF0, 0x2F, 0x30,
    0x1F, 0xA6, 0x8F, 0x63, 0xF1, 0x00, 0x5D, 0xFF, 0xFF, 0x2F, 0x30, 0x00,
    0x00, 0x5F, 0x00, 0xE8, 0x00, 0x00, 0x0A, 0xC0, 0x07, 0xF8, 0x32, 0x4A,
    0xF5, 0x00, 0x07, 0xEF, 0xFF, 0xD5, 0x00, 0x00, 0x01, 0x34, 0x30, 0x00,
    0x00, 0x00, 0x21, 0x03, 0x00, 0x01, 0xEA, 0x7E, 0x10, 0x00, 0x53, 0x16,
    0x00, 0x00, 0x00, 0x10, 0x00, 0x00, 0x4E, 0xFA, 0x00, 0x00, 0xDB, 0x6E,
    0x70, 0x03, 0xF3, 0x09, 0xC0, 0x03, 0xF5, 0x28, 0xE0, 0x00, 0xBF, 0xFF,
    0xF1, 0x00, 0x03, 0x46, 0xF0, 0x26, 0x66, 0x7D, 0xC0, 0x4F, 0xFF, 0xEB,
    0x20, 0x00, 0x12, 0x03, 0x00, 0x00, 0xAD, 0x3F, 0x60, 0x00, 0x25, 0x06,
    0x10, 0x00, 0x00, 0x10, 0x00, 0x00, 0x3D, 0xFB, 0x20, 0x00, 0xDB, 0x6D,
    0xB0, 0x03, 0xF2, 0x05, 0xF0, 0x01, 0xE7, 0x09, 0xC0, 0x66, 0xAF, 0xDF,
    0x86, 0xFF, 0xDA, 0x8C, 0xEF, 0x00, 0x00, 0x00, 0x00, 0x00, 0x04, 0xF1,
    0x00, 0x00, 0x00, 0x00, 0x10, 0x04, 0xF1, 0x00, 0x00, 0x00, 0x5D, 0x90,
    0x04, 0xF1, 0x00, 0x00, 0x01, 0xE8, 0x30, 0x04, 0xF1, 0x00, 0x00, 0x00,
    0xB8, 0x10, 0x04, 0xF1, 0x0C, 0x30, 0x01, 0x26, 0xB0, 0x04, 0xF1, 0x3F,
    0x20, 0x07, 0xFF, 0x90, 0x04, 0xF1, 0x3F, 0x20, 0x01, 0x43, 0x00, 0x04,
    0xF0, 0x1F, 0x80, 0x00, 0x00, 0x00, 0x07, 0xE0, 0x07, 0xFC, 0x87, 0x66,
    0x67, 0xAF, 0x90, 0x00, 0x49, 0xDE, 0xFF, 0xFE, 0xC7, 0x00, 0x00, 0x00,
    0x00, 0x00, 0x00, 0x04, 0xF1, 0x00, 0x00, 0x00, 0x00, 0x01, 0x00, 0x4F,
    0x10, 0x00, 0x00, 0x00, 0x5D, 0x90, 0x04, 0xF1, 0x00, 0x00, 0x00, 0x1E,
    0x83, 0x00, 0x4F, 0x10, 0x00, 0x00, 0x00, 0xB8, 0x10, 0x04, 0xF1, 0x00,
    0xC3, 0x00, 0x12, 0x6B, 0x00, 0x4F, 0x10, 0x3F, 0x20, 0x07, 0xFF, 0x90,
    0x04, 0xF1, 0x03, 0xF2, 0x00, 0x14, 0x30, 0x00, 0x4F, 0x10, 0x1F, 0x80,
    0x00, 0x00, 0x00, 0x07, 0xF3, 0x00, 0x7F, 0xC8, 0x76, 0x66, 0x7A, 0xFE,
    0xB5, 0x00, 0x49, 0xDE, 0xFF, 0xFE, 0xB5, 0x3D, 0xB0, 0x00, 0x00, 0x01,
    0x79, 0x00, 0x04, 0xAF, 0xE7, 0x04, 0xDF, 0xC5, 0x00, 0x0A, 0xF5, 0x00,
    0x00, 0x03, 0xDE, 0x60, 0x00, 0x00, 0x19, 0xF8, 0x00, 0x00, 0x00, 0x6F,
    0x60, 0x00, 0x00, 0x08, 0xE0, 0x00, 0x00, 0x05, 0xF1, 0x16, 0x67, 0x8E,
    0xC0, 0x3F, 0xFF, 0xD9, 0x10, 0x00, 0x00, 0x28, 0x50, 0x00, 0x4A, 0xFC,
    0x30, 0x3C, 0xE9, 0x30, 0x00, 0x8D, 0x10, 0x00, 0x00, 0x2C, 0xC2, 0x00,
    0x00, 0x01, 0xAE, 0x30, 0x00, 0x00, 0x08, 0xE2, 0x00, 0x00, 0x00, 0xB9,
    0x00, 0x00, 0x00, 0x9F, 0x20, 0x66, 0x79, 0xFD, 0xD7, 0xFF, 0xFC, 0x61,
    0xAF, 0x00, 0x00, 0x00, 0x04, 0xF1, 0x00, 0x00, 0x00, 0x04, 0xF1, 0x00,
    0x00, 0x00, 0x04, 0xF1, 0x00, 0x00, 0x00, 0x04, 0xF1, 0x00, 0x00, 0x00,
    0x04, 0xF1, 0x00, 0x00, 0x00, 0x04, 0xF1, 0x00, 0x00, 0x00, 0x04, 0xF1,
    0x0B, 0x60, 0x00, 0x04, 0xF1, 0x1F, 0x50, 0x00, 0x04, 0xF1, 0x3F, 0x20,
    0x00, 0x04, 0xF1, 0x3F, 0x20, 0x00, 0x05, 0xF0, 0x1F, 0x50, 0x00, 0x09,
    0xC0, 0x0B, 0xE6, 0x23, 0x8F, 0x70, 0x01, 0xBF, 0xFF, 0xF8, 0x00, 0x00,
    0x02, 0x44, 0x10, 0x00, 0x00, 0x00, 0x00, 0x04, 0xF1, 0x00, 0x00, 0x00,
    0x00, 0x4F, 0x10, 0x00, 0x00, 0x00, 0x04, 0xF1, 0x00, 0x00, 0x00, 0x00,
    0x4F, 0x10, 0x00, 0x00, 0x00, 0x04, 0xF1, 0x00, 0x00, 0x00, 0x00, 0x4F,
    0x10, 0x00, 0x00, 0x00, 0x04, 0xF1, 0x00, 0x63, 0x00, 0x00, 0x4F, 0x10,
    0x0E, 0x70, 0x00, 0x04, 0xF3, 0x02, 0xF4, 0x00, 0x00, 0x4F, 0xC6, 0x3F,
    0x20, 0x00, 0x04, 0xFB, 0xD3, 0xF2, 0x00, 0x00, 0x6F, 0x00, 0x1F, 0x60,
    0x00, 0x0A, 0xC0, 0x00, 0xAE, 0x63, 0x38, 0xF5, 0x00, 0x01, 0xAF, 0xFF,
    0xF8, 0x00, 0x00, 0x00, 0x24, 0x41, 0x00, 0x00, 0x00, 0x4F, 0x10, 0x04,
    0xF1, 0x00, 0x4F, 0x10, 0x04, 0xF1, 0x00, 0x4F, 0x10, 0x04, 0xF1, 0x00,
    0x4F, 0x10, 0x04, 0xF1, 0x00, 0x6F, 0x02, 0x7D, 0xB0, 0x4F, 0xB2, 0x00,
    0x00, 0x4F, 0x10, 0x04, 0xF1, 0x00, 0x4F, 0x10, 0x04, 0xF1, 0x00, 0x4F,
    0x10, 0x04, 0xF1, 0x00, 0x4F, 0x10, 0x04, 0xF1, 0x00, 0x6F, 0x26, 0x8E,
    0xFA, 0xFE, 0xA4, 0xE0, 0x00, 0x00, 0x00, 0x10, 0x00, 0x00, 0x00, 0x9F,
    0xFA, 0x10, 0x00, 0x07, 0xF8, 0x6E, 0x90, 0x00, 0x0E, 0xA0, 0x07, 0xE0,
    0x02, 0xAF, 0x60, 0x04, 0xF0, 0x0B, 0xFF, 0xFB, 0x7C, 0xC0, 0x2F, 0x72,
    0x7C, 0xEC, 0x30, 0x3F, 0x20, 0x00, 0x00, 0x00, 0x4F, 0x10, 0x00, 0x00,
    0x00, 0x4F, 0x10, 0x00, 0x00, 0x00, 0x4F, 0x10, 0x00, 0x00, 0x00, 0x4F,
    0x10, 0x00, 0x00, 0x00, 0x00, 0x00, 0x01, 0x00, 0x00, 0x00, 0x00, 0x1B,
    0xFE, 0x50, 0x00, 0x00, 0x09, 0xE6, 0xAF, 0x20, 0x00, 0x01, 0xF7, 0x00,
    0xE7, 0x00, 0x02, 0xBF, 0x20, 0x0C, 0xB0, 0x00, 0xCF, 0xFE, 0x97, 0xFF,
    0x91, 0x2F, 0x84, 0x9D, 0xFA, 0x7E, 0x24, 0xF2, 0x00, 0x00, 0x00, 0x00,
    0x4F, 0x10, 0x00, 0x00, 0x00, 0x04, 0xF1, 0x00, 0x00, 0x00, 0x00, 0x4F,
    0x10, 0x00, 0x00, 0x00, 0x04, 0xF1, 0x00, 0x00, 0x00, 0x00, 0x00, 0x00,
    0x01, 0x00, 0x00, 0x00, 0x4E, 0xFB, 0x10, 0x00, 0x1E, 0xA6, 0xDA, 0x00,
    0x09, 0xD1, 0x06, 0xF0, 0x02, 0xFB, 0x00, 0x4F, 0x06, 0xDE, 0xFC, 0x7C,
    0xC0, 0xCC, 0x25, 0xCF, 0xC3, 0x00, 0x00, 0x00, 0x01, 0x00, 0x00, 0x00,
    0x02, 0xDF, 0xD2, 0x00, 0x00, 0x0C, 0xD5, 0xBC, 0x00, 0x00, 0x5F, 0x30,
    0x2F, 0x30, 0x00, 0xDD, 0x10, 0x1F, 0x70, 0x4B, 0xFF, 0xD7, 0xAF, 0xE6,
    0x9D, 0x53, 0xBE, 0xE7, 0x9D, 0x00, 0x00, 0x28, 0x00, 0x00, 0x00, 0x00,
    0x08, 0xF3, 0x00, 0x00, 0x05, 0x20, 0x03, 0x00, 0x97, 0x00, 0xE7, 0x00,
    0x00, 0x0A, 0xB0, 0x2F, 0x30, 0x00, 0x00, 0x6E, 0x03, 0xF2, 0x00, 0x00,
    0x04, 0xF0, 0x3F, 0x20, 0x00, 0x00, 0x5F, 0x00, 0xE7, 0x00, 0x00, 0x0A,
    0xC0, 0x08, 0xF8, 0x32, 0x39, 0xF5, 0x00, 0x08, 0xEF, 0xFF, 0xE5, 0x00,
    0x00, 0x01, 0x34, 0x30, 0x00, 0x00, 0x00, 0x00, 0x00, 0x00, 0x00, 0x00,
    0x00, 0x00, 0x4B, 0x10, 0x00, 0x00, 0x00, 0x00, 0x7D, 0x20, 0x01, 0x00,
    0x08, 0x40, 0x01, 0x00, 0xC9, 0x00, 0x0E, 0x60, 0x00, 0x00, 0x9D, 0x00,
    0x2F, 0x30, 0x00, 0x00, 0x6F, 0xA4, 0x3F, 0x20, 0x00, 0x00, 0x4F, 0xCB,
    0x3F, 0x30, 0x00, 0x00, 0x5F, 0x00, 0x0E, 0x80, 0x00, 0x00, 0xAB, 0x00,
    0x07, 0xF8, 0x32, 0x4A, 0xF4, 0x00, 0x00, 0x8E, 0xFF, 0xFD, 0x50, 0x00,
    0x00, 0x01, 0x34, 0x30, 0x00, 0x00, 0x00, 0x10, 0x00, 0x5D, 0x20, 0x03,
    0xC1, 0x00, 0x00, 0x00, 0x00, 0x36, 0x00, 0x06, 0xF0, 0x00, 0x4F, 0x10,
    0x05, 0xE0, 0x56, 0xCB, 0x0B, 0xFC, 0x20, 0x00, 0x31, 0x00, 0x02, 0xEA,
    0x00, 0x00, 0x63, 0x00, 0x00, 0x00, 0x00, 0x00, 0x2B, 0x10, 0x00, 0x4F,
    0x10, 0x00, 0x6F, 0x20, 0x68, 0xEF, 0xC7, 0xFE, 0x92, 0xBF, 0x00, 0x00,
    0x00, 0x00, 0x00, 0x4D, 0x30, 0x00, 0x00, 0x9F, 0xE5, 0x00, 0x06, 0xF6,
    0xAF, 0x40, 0x1E, 0x70, 0x0A, 0xD0, 0x3F, 0x20, 0x05, 0xF0, 0x1E, 0xC7,
    0x7D, 0xB0, 0x03, 0xBE, 0xEA, 0x10, 0x00, 0x00, 0x03, 0x00, 0x00, 0x00,
    0x39, 0xF1, 0x00, 0x01, 0xAF, 0xCF, 0x40, 0x00, 0xBD, 0x40, 0xD6, 0x00,
    0x2F, 0x30, 0x0C, 0x80, 0x02, 0xF7, 0x27, 0xFA, 0x00, 0x09, 0xFF, 0xE8,
    0xF8, 0x20, 0x02, 0x41, 0x09, 0xE4, 0x00, 0x00, 0x03, 0x00, 0x00, 0x00,
    0x00, 0x00, 0x6F, 0xC4, 0x00, 0x00, 0x00, 0x5E, 0xFF, 0xEF, 0xA2, 0x00,
    0x01, 0xFA, 0x5C, 0xC5, 0xDE, 0x30, 0x03, 0xF2, 0x04, 0xF0, 0x1A, 0xD0,
    0x01, 0xE8, 0x0A, 0xB0, 0x05, 0xF0, 0x56, 0xBF, 0xEF, 0x86, 0x8E, 0xB0,
    0xBE, 0xDA, 0x7B, 0xEF, 0xE9, 0x10, 0x00, 0x00, 0x10, 0x00, 0x00, 0x01,
    0xBF, 0xE5, 0x00, 0x00, 0x9E, 0x6A, 0xE0, 0x00, 0x0E, 0x60, 0x4F, 0x00,
    0x02, 0xF3, 0x0B, 0xB0, 0x05, 0x8F, 0x8C, 0xE3, 0x45, 0xDF, 0xFE, 0xA5,
    0xDF, 0xC0, 0x0E, 0x50, 0xDC, 0x30, 0x00, 0x9C, 0x3F, 0x30, 0x00, 0x01,
    0xDD, 0xF1, 0x00, 0x00, 0x02, 0xBC, 0x00, 0x00, 0x00, 0x00, 0x00, 0x00,
    0x00, 0x01, 0x00, 0x00, 0x2D, 0xFA, 0x00, 0x0C, 0xB6, 0xE6, 0x02, 0xF3,
    0x08, 0xC0, 0x3F, 0x20, 0x5E, 0x01, 0xFB, 0x7A, 0xF1, 0x05, 0xDF, 0xEF,
    0x00, 0x00, 0x08, 0xB0, 0x00, 0x04, 0xE5, 0x00, 0x49, 0xF9, 0x00, 0x0E,
    0xC5, 0x00, 0x00, 0x10, 0x00, 0x00, 0x00, 0x01, 0x00, 0x00, 0x03, 0xDF,
    0xA0, 0x00, 0x0C, 0xB6, 0xE7, 0x00, 0x2F, 0x30, 0x8C, 0x00, 0x3F, 0x20,
    0x5F, 0x00, 0x1E, 0xA6, 0x8F, 0x70, 0x05, 0xDF, 0xFF, 0xF0, 0x00, 0x00,
    0x7C, 0x00, 0x00, 0x03, 0xE6, 0x00, 0x04, 0x9F, 0xA0, 0x00, 0x0E, 0xD6,
    0x00, 0x00, 0x01, 0x00, 0x00, 0x00, 0x00, 0x00, 0x00, 0x00, 0x10, 0x00,
    0x00, 0x00, 0x09, 0xFF, 0xB0, 0x00, 0x00, 0x09, 0xE7, 0x55, 0x00, 0xA5,
    0x01, 0xF6, 0x00, 0x00, 0x0F, 0x50, 0x3F, 0x20, 0x00, 0x02, 0xF3, 0x02,
    0xF8, 0x65, 0x10, 0x3F, 0x10, 0x09, 0xEF, 0xFC, 0x02, 0xF3, 0x00, 0x00,
    0x06, 0xF0, 0x0E, 0x70, 0x00, 0x00, 0x8E, 0x00, 0x7F, 0x73, 0x24, 0xAF,
    0x60, 0x00, 0x8F, 0xFF, 0xFD, 0x60, 0x00, 0x00, 0x13, 0x42, 0x00, 0x00,
    0x02, 0x00, 0x00, 0x00, 0x00, 0x00, 0xE5, 0x00, 0x00, 0x00, 0x00, 0x3F,
    0x30, 0x02, 0x66, 0x66, 0x13, 0xF1, 0x00, 0x2F, 0xFF, 0xF3, 0x3F, 0x20,
    0x00, 0x00, 0x8F, 0x00, 0xE7, 0x00, 0x00, 0x07, 0xE0, 0x07, 0xF7, 0x32,
    0x4A, 0xF7, 0x00, 0x08, 0xEF, 0xFF, 0xE6, 0x00, 0x00, 0x01, 0x34, 0x30,
    0x00, 0x00, 0x00, 0x00, 0x00, 0x00, 0x10, 0x00, 0x00, 0x00, 0x09, 0xFF,
    0xB0, 0x00, 0x00, 0x09, 0xE7, 0x55, 0x00, 0xA5, 0x01, 0xF6, 0x00, 0x00,
    0x0F, 0x50, 0x3F, 0x20, 0x00, 0x02, 0xF3, 0x02, 0xF8, 0x65, 0x10, 0x3F,
    0x10, 0x09, 0xEF, 0xFC, 0x02, 0xF3, 0x00, 0x00, 0x06, 0xF0, 0x0E, 0x70,
    0x00, 0x00, 0x8E, 0x00, 0x7F, 0x73, 0x24, 0xAF, 0x60, 0x00, 0x8F, 0xFF,
    0xFD, 0x60, 0x00, 0x00, 0x13, 0x42, 0x00, 0x00, 0x00, 0x03, 0x30, 0x60,
    0x00, 0x00, 0x00, 0xBB, 0x7F, 0x30, 0x00, 0x00, 0x02, 0x20, 0x40, 0x00,
    0x00, 0x02, 0x00, 0x00, 0x00, 0x00, 0x00, 0xE5, 0x00, 0x00, 0x00, 0x00,
    0x3F, 0x30, 0x02, 0x66, 0x66, 0x13, 0xF1, 0x00, 0x2F, 0xFF, 0xF3, 0x3F,
    0x20, 0x00, 0x00, 0x8F, 0x00, 0xE7, 0x00, 0x00, 0x07, 0xE0, 0x07, 0xF7,
    0x32, 0x4A, 0xF7, 0x00, 0x08, 0xEF, 0xFF, 0xE6, 0x00, 0x00, 0x01, 0x34,
    0x30, 0x00, 0x00, 0x00, 0x24, 0x05, 0x00, 0x00, 0x00, 0x0A, 0xE3, 0xF6,
    0x00, 0x00, 0x00, 0x13, 0x04, 0x00, 0x00, 0x00, 0x00, 0x36, 0x00, 0x00,
    0x06, 0xF0, 0x00, 0x00, 0x4F, 0x10, 0x00, 0x05, 0xF0, 0x02, 0x67, 0xDB,
    0x00, 0x4F, 0xFC, 0x20, 0x00, 0x00, 0x00, 0x00, 0x44, 0x07, 0x10, 0x0C,
    0xC4, 0xF5, 0x00, 0x21, 0x03, 0x00, 0x00, 0x03, 0xB1, 0x00, 0x00, 0x4F,
    0x10, 0x00, 0x06, 0xF2, 0x00, 0x67, 0xDF, 0xC7, 0x0F, 0xEA, 0x2B, 0xF0,
    0x00, 0x00, 0x00, 0x26, 0x07, 0x10, 0x09, 0xE3, 0xF5, 0x00, 0x02, 0x03,
    0x00, 0x00, 0x00, 0x00, 0x00, 0x00, 0x01, 0xCC, 0x4C, 0x10, 0x00, 0x88,
    0x7D, 0x60, 0x00, 0x00, 0x34, 0x00, 0x04, 0xF1, 0x08, 0xC0, 0x00, 0x4F,
    0x10, 0x3F, 0x20, 0x04, 0xF1, 0x00, 0xC8, 0x00, 0x4F, 0x10, 0x07, 0xC0,
    0x04, 0xF1, 0x00, 0x3F, 0x10, 0x4F, 0x10, 0x00, 0xE4, 0x04, 0xF1, 0x00,
    0x0B, 0x80, 0x7E, 0x00, 0x00, 0x8A, 0x3E, 0xA0, 0x05, 0x69, 0xFF, 0xE2,
    0x00, 0xBF, 0xEC, 0x81, 0x00, 0x00, 0x00, 0x00, 0x00, 0x00, 0x00, 0x3E,
    0xA4, 0xC1, 0x00, 0x00, 0x0B, 0x68, 0xE5, 0x00, 0x00, 0x00, 0x04, 0x30,
    0x00, 0x4F, 0x10, 0x00, 0xCA, 0x00, 0x04, 0xF1, 0x00, 0x06, 0xE1, 0x00,
    0x4F, 0x10, 0x00, 0x1F, 0x50, 0x04, 0xF1, 0x00, 0x00, 0xBA, 0x00, 0x4F,
    0x10, 0x00, 0x06, 0xE0, 0x04, 0xF1, 0x00, 0x00, 0x2F, 0x30, 0x4F, 0x10,
    0x00, 0x00, 0xE6, 0x07, 0xF2, 0x00, 0x00, 0x0B, 0x94, 0xEF, 0x50, 0x00,
    0x66, 0xBF, 0xFC, 0xAE, 0x70, 0x0F, 0xFE, 0xB6, 0x01, 0xBF, 0x00, 0x10,
    0x00, 0x00, 0x00, 0x1C, 0xFA, 0x00, 0x00, 0x00, 0x3F, 0x74, 0x00, 0x00,
    0x00, 0x3D, 0x96, 0x10, 0x00, 0x00, 0x11, 0x34, 0x00, 0x04, 0xF1, 0x00,
    0xAB, 0x00, 0x04, 0xF1, 0x00, 0x4F, 0x20, 0x04, 0xF1, 0x00, 0x0E, 0x70,
    0x04, 0xF1, 0x00, 0x09, 0xB0, 0x04, 0xF1, 0x00, 0x04, 0xF0, 0x04, 0xF1,
    0x00, 0x01, 0xF4, 0x04, 0xF0, 0x00, 0x00, 0xC7, 0x07, 0xE0, 0x00, 0x00,
    0x9A, 0x4E, 0x90, 0x00, 0x56, 0xAF, 0xFD, 0x20, 0x00, 0xDF, 0xEC, 0x81,
    0x00, 0x00, 0x10, 0x00, 0x00, 0x00, 0x0A, 0xFA, 0x00, 0x00, 0x00, 0x3F,
    0x84, 0x00, 0x00, 0x00, 0x1E, 0x77, 0x10, 0x00, 0x00, 0x4D, 0xA5, 0x00,
    0x00, 0x00, 0x10, 0x44, 0x00, 0x04, 0xF1, 0x00, 0xBA, 0x00, 0x04, 0xF1,
    0x00, 0x5F, 0x10, 0x04, 0xF1, 0x00, 0x1E, 0x60, 0x04, 0xF1, 0x00, 0x0A,
    0xB0, 0x04, 0xF1, 0x00, 0x05, 0xE0, 0x04, 0xF1, 0x00, 0x01, 0xF3, 0x04,
    0xF1, 0x00, 0x00, 0xD6, 0x07, 0xF1, 0x00, 0x00, 0xA9, 0x4E, 0xF3, 0x00,
    0x66, 0xBF, 0xFC, 0xBA, 0x00, 0xEF, 0xEB, 0x60, 0x3E, 0x02, 0x70, 0x00,
    0x4F, 0x10, 0x8F, 0x40, 0x04, 0xF1, 0x03, 0xF8, 0x00, 0x4F, 0x10, 0x0C,
    0xD0, 0x04, 0xF1, 0x00, 0x7F, 0x20, 0x4F, 0x10, 0x03, 0xF5, 0x04, 0xF1,
    0x00, 0x0E, 0x80, 0x4F, 0x00, 0x00, 0xBB, 0x07, 0xE0, 0x00, 0x08, 0xE2,
    0xD9, 0x00, 0x56, 0x9F, 0xFD, 0x20, 0x0B, 0xFE, 0xC8, 0x10, 0x00, 0x00,
    0x10, 0x00, 0x00, 0x00, 0xBF, 0x70, 0x00, 0x00, 0x3F, 0x83, 0x00, 0x00,
    0x01, 0xE7, 0x60, 0x00, 0x00, 0x4D, 0x93, 0x00, 0x00, 0x01, 0x00, 0x00,
    0x00, 0x00, 0x03, 0x70, 0x00, 0x4F, 0x10, 0x0C, 0xF3, 0x00, 0x4F, 0x10,
    0x06, 0xF8, 0x00, 0x4F, 0x10, 0x01, 0xFD, 0x00, 0x4F, 0x10, 0x00, 0xBF,
    0x20, 0x4F, 0x10, 0x00, 0x6F, 0x50, 0x4F, 0x10, 0x00, 0x2F, 0x80, 0x4F,
    0x10, 0x00, 0x0E, 0xB0, 0x7F, 0x20, 0x00, 0x0B, 0xE2, 0xDF, 0x50, 0x06,
    0x6B, 0xFF, 0xCA, 0xE7, 0x0F, 0xFE, 0xB6, 0x01, 0xBF, 0x00, 0x01, 0x00,
    0x00, 0x00, 0x00, 0xBF, 0x70, 0x00, 0x00, 0x03, 0xF8, 0x30, 0x00, 0x00,
    0x01, 0xE6, 0x60, 0x00, 0x00, 0x04, 0xD9, 0x30, 0x00, 0x00, 0x01, 0x00,
    0x00, 0x00, 0x00, 0x03, 0x40, 0x00, 0x4F, 0x10, 0x8C, 0x00, 0x04, 0xF1,
    0x03, 0xF2, 0x00, 0x4F, 0x10, 0x0C, 0x80, 0x04, 0xF1, 0x00, 0x7C, 0x00,
    0x4F, 0x10, 0x03, 0xF1, 0x04, 0xF1, 0x00, 0x0E, 0x40, 0x4F, 0x10, 0x00,
    0xB8, 0x07, 0xE0, 0x00, 0x08, 0xA3, 0xEA, 0x00, 0x56, 0x9F, 0xFE, 0x20,
    0x0B, 0xFE, 0xC8, 0x10, 0x00, 0x04, 0x30, 0x00, 0x4F, 0x10, 0x0C, 0xA0,
    0x00, 0x4F, 0x10, 0x06, 0xE1, 0x00, 0x4F, 0x10, 0x01, 0xF5, 0x00, 0x4F,
    0x10, 0x00, 0xBA, 0x00, 0x4F, 0x10, 0x00, 0x6E, 0x00, 0x4F, 0x10, 0x00,
    0x2F, 0x30, 0x4F, 0x10, 0x00, 0x0E, 0x60, 0x7F, 0x20, 0x00, 0x0B, 0x94,
    0xEF, 0x50, 0x06, 0x6B, 0xFF, 0xCA, 0xE7, 0x0F, 0xFE, 0xB6, 0x01, 0xBF,
};

static const lv_font_fmt_txt_glyph_dsc_t glyph_dsc[] = {
    {.bitmap_index = 0, .adv_w = 0, .box_w = 0, .box_h = 0, .ofs_x = 0, .ofs_y = 0}, /* id = 0 reserved */
    {.bitmap_index = 0, .adv_w = 64, .box_w = 4, .box_h = 0, .ofs_x = 0, .ofs_y = 0}, /* id = 1 */
    {.bitmap_index = 0, .adv_w = 64, .box_w = 4, .box_h = 11, .ofs_x = 0, .ofs_y = 0}, /* id = 2 */
    {.bitmap_index = 22, .adv_w = 80, .box_w = 5, .box_h = 12, .ofs_x = 0, .ofs_y = 0}, /* id = 3 */
    {.bitmap_index = 52, .adv_w = 176, .box_w = 11, .box_h = 12, .ofs_x = 0, .ofs_y = 0}, /* id = 4 */
    {.bitmap_index = 118, .adv_w = 144, .box_w = 9, .box_h = 15, .ofs_x = 0, .ofs_y = -2}, /* id = 5 */
    {.bitmap_index = 186, .adv_w = 192, .box_w = 12, .box_h = 12, .ofs_x = 0, .ofs_y = 0}, /* id = 6 */
    {.bitmap_index = 258, .adv_w = 160, .box_w = 10, .box_h = 12, .ofs_x = 0, .ofs_y = 0}, /* id = 7 */
    {.bitmap_index = 318, .adv_w = 48, .box_w = 3, .box_h = 12, .ofs_x = 0, .ofs_y = 0}, /* id = 8 */
    {.bitmap_index = 336, .adv_w = 80, .box_w = 5, .box_h = 18, .ofs_x = 0, .ofs_y = -4}, /* id = 9 */
    {.bitmap_index = 381, .adv_w = 80, .box_w = 6, .box_h = 18, .ofs_x = -1, .ofs_y = -4}, /* id = 10 */
    {.bitmap_index = 435, .adv_w = 112, .box_w = 7, .box_h = 12, .ofs_x = 0, .ofs_y = 0}, /* id = 11 */
    {.bitmap_index = 477, .adv_w = 128, .box_w = 8, .box_h = 8, .ofs_x = 0, .ofs_y = 0}, /* id = 12 */
    {.bitmap_index = 509, .adv_w = 48, .box_w = 4, .box_h = 5, .ofs_x = -1, .ofs_y = -3}, /* id = 13 */
    {.bitmap_index = 519, .adv_w = 112, .box_w = 7, .box_h = 6, .ofs_x = 0, .ofs_y = 0}, /* id = 14 */
    {.bitmap_index = 540, .adv_w = 64, .box_w = 4, .box_h = 3, .ofs_x = 0, .ofs_y = 0}, /* id = 15 */
    {.bitmap_index = 546, .adv_w = 112, .box_w = 7, .box_h = 13, .ofs_x = 0, .ofs_y = -1}, /* id = 16 */
    {.bitmap_index = 592, .adv_w = 144, .box_w = 9, .box_h = 12, .ofs_x = 0, .ofs_y = 0}, /* id = 17 */
    {.bitmap_index = 646, .adv_w = 144, .box_w = 9, .box_h = 12, .ofs_x = 0, .ofs_y = 0}, /* id = 18 */
    {.bitmap_index = 700, .adv_w = 144, .box_w = 9, .box_h = 12, .ofs_x = 0, .ofs_y = 0}, /* id = 19 */
    {.bitmap_index = 754, .adv_w = 144, .box_w = 9, .box_h = 12, .ofs_x = 0, .ofs_y = 0}, /* id = 20 */
    {.bitmap_index = 808, .adv_w = 144, .box_w = 9, .box_h = 12, .ofs_x = 0, .ofs_y = 0}, /* id = 21 */
    {.bitmap_index = 862, .adv_w = 144, .box_w = 9, .box_h = 12, .ofs_x = 0, .ofs_y = 0}, /* id = 22 */
    {.bitmap_index = 916, .adv_w = 144, .box_w = 9, .box_h = 12, .ofs_x = 0, .ofs_y = 0}, /* id = 23 */
    {.bitmap_index = 970, .adv_w = 144, .box_w = 9, .box_h = 12, .ofs_x = 0, .ofs_y = 0}, /* id = 24 */
    {.bitmap_index = 1024, .adv_w = 144, .box_w = 9, .box_h = 12, .ofs_x = 0, .ofs_y = 0}, /* id = 25 */
    {.bitmap_index = 1078, .adv_w = 144, .box_w = 9, .box_h = 12, .ofs_x = 0, .ofs_y = 0}, /* id = 26 */
    {.bitmap_index = 1132, .adv_w = 64, .box_w = 4, .box_h = 7, .ofs_x = 0, .ofs_y = 0}, /* id = 27 */
    {.bitmap_index = 1146, .adv_w = 48, .box_w = 3, .box_h = 12, .ofs_x = 0, .ofs_y = -3}, /* id = 28 */
    {.bitmap_index = 1164, .adv_w = 144, .box_w = 9, .box_h = 9, .ofs_x = 0, .ofs_y = 0}, /* id = 29 */
    {.bitmap_index = 1205, .adv_w = 144, .box_w = 9, .box_h = 7, .ofs_x = 0, .ofs_y = 0}, /* id = 30 */
    {.bitmap_index = 1237, .adv_w = 128, .box_w = 8, .box_h = 9, .ofs_x = 0, .ofs_y = 0}, /* id = 31 */
    {.bitmap_index = 1273, .adv_w = 128, .box_w = 8, .box_h = 12, .ofs_x = 0, .ofs_y = 0}, /* id = 32 */
    {.bitmap_index = 1321, .adv_w = 224, .box_w = 14, .box_h = 15, .ofs_x = 0, .ofs_y = -3}, /* id = 33 */
    {.bitmap_index = 1426, .adv_w = 160, .box_w = 11, .box_h = 12, .ofs_x = 0, .ofs_y = 0}, /* id = 34 */
    {.bitmap_index = 1492, .adv_w = 160, .box_w = 10, .box_h = 12, .ofs_x = 0, .ofs_y = 0}, /* id = 35 */
    {.bitmap_index = 1552, .adv_w = 160, .box_w = 10, .box_h = 12, .ofs_x = 0, .ofs_y = 0}, /* id = 36 */
    {.bitmap_index = 1612, .adv_w = 176, .box_w = 11, .box_h = 12, .ofs_x = 0, .ofs_y = 0}, /* id = 37 */
    {.bitmap_index = 1678, .adv_w = 144, .box_w = 9, .box_h = 12, .ofs_x = 0, .ofs_y = 0}, /* id = 38 */
    {.bitmap_index = 1732, .adv_w = 144, .box_w = 9, .box_h = 12, .ofs_x = 0, .ofs_y = 0}, /* id = 39 */
    {.bitmap_index = 1786, .adv_w = 160, .box_w = 10, .box_h = 12, .ofs_x = 0, .ofs_y = 0}, /* id = 40 */
    {.bitmap_index = 1846, .adv_w = 176, .box_w = 11, .box_h = 12, .ofs_x = 0, .ofs_y = 0}, /* id = 41 */
    {.bitmap_index = 1912, .adv_w = 80, .box_w = 5, .box_h = 12, .ofs_x = 0, .ofs_y = 0}, /* id = 42 */
    {.bitmap_index = 1942, .adv_w = 144, .box_w = 9, .box_h = 12, .ofs_x = 0, .ofs_y = 0}, /* id = 43 */
    {.bitmap_index = 1996, .adv_w = 160, .box_w = 11, .box_h = 12, .ofs_x = 0, .ofs_y = 0}, /* id = 44 */
    {.bitmap_index = 2062, .adv_w = 144, .box_w = 9, .box_h = 12, .ofs_x = 0, .ofs_y = 0}, /* id = 45 */
    {.bitmap_index = 2116, .adv_w = 224, .box_w = 14, .box_h = 12, .ofs_x = 0, .ofs_y = 0}, /* id = 46 */
    {.bitmap_index = 2200, .adv_w = 176, .box_w = 11, .box_h = 12, .ofs_x = 0, .ofs_y = 0}, /* id = 47 */
    {.bitmap_index = 2266, .adv_w = 176, .box_w = 11, .box_h = 12, .ofs_x = 0, .ofs_y = 0}, /* id = 48 */
    {.bitmap_index = 2332, .adv_w = 176, .box_w = 11, .box_h = 12, .ofs_x = 0, .ofs_y = 0}, /* id = 49 */
    {.bitmap_index = 2398, .adv_w = 176, .box_w = 11, .box_h = 14, .ofs_x = 0, .ofs_y = -2}, /* id = 50 */
    {.bitmap_index = 2475, .adv_w = 160, .box_w = 10, .box_h = 12, .ofs_x = 0, .ofs_y = 0}, /* id = 51 */
    {.bitmap_index = 2535, .adv_w = 160, .box_w = 10, .box_h = 12, .ofs_x = 0, .ofs_y = 0}, /* id = 52 */
    {.bitmap_index = 2595, .adv_w = 176, .box_w = 11, .box_h = 12, .ofs_x = 0, .ofs_y = 0}, /* id = 53 */
    {.bitmap_index = 2661, .adv_w = 160, .box_w = 10, .box_h = 12, .ofs_x = 0, .ofs_y = 0}, /* id = 54 */
    {.bitmap_index = 2721, .adv_w = 160, .box_w = 10, .box_h = 12, .ofs_x = 0, .ofs_y = 0}, /* id = 55 */
    {.bitmap_index = 2781, .adv_w = 224, .box_w = 14, .box_h = 12, .ofs_x = 0, .ofs_y = 0}, /* id = 56 */
    {.bitmap_index = 2865, .adv_w = 160, .box_w = 10, .box_h = 12, .ofs_x = 0, .ofs_y = 0}, /* id = 57 */
    {.bitmap_index = 2925, .adv_w = 144, .box_w = 11, .box_h = 12, .ofs_x = -1, .ofs_y = 0}, /* id = 58 */
    {.bitmap_index = 2991, .adv_w = 160, .box_w = 10, .box_h = 12, .ofs_x = 0, .ofs_y = 0}, /* id = 59 */
    {.bitmap_index = 3051, .adv_w = 80, .box_w = 5, .box_h = 18, .ofs_x = 0, .ofs_y = -3}, /* id = 60 */
    {.bitmap_index = 3096, .adv_w = 112, .box_w = 7, .box_h = 13, .ofs_x = 0, .ofs_y = -1}, /* id = 61 */
    {.bitmap_index = 3142, .adv_w = 64, .box_w = 4, .box_h = 18, .ofs_x = 0, .ofs_y = -3}, /* id = 62 */
    {.bitmap_index = 3178, .adv_w = 112, .box_w = 7, .box_h = 12, .ofs_x = 0, .ofs_y = 0}, /* id = 63 */
    {.bitmap_index = 3220, .adv_w = 144, .box_w = 9, .box_h = 3, .ofs_x = 0, .ofs_y = -2}, /* id = 64 */
    {.bitmap_index = 3234, .adv_w = 80, .box_w = 5, .box_h = 13, .ofs_x = 0, .ofs_y = 0}, /* id = 65 */
    {.bitmap_index = 3267, .adv_w = 128, .box_w = 8, .box_h = 9, .ofs_x = 0, .ofs_y = 0}, /* id = 66 */
    {.bitmap_index = 3303, .adv_w = 144, .box_w = 9, .box_h = 12, .ofs_x = 0, .ofs_y = 0}, /* id = 67 */
    {.bitmap_index = 3357, .adv_w = 144, .box_w = 9, .box_h = 9, .ofs_x = 0, .ofs_y = 0}, /* id = 68 */
    {.bitmap_index = 3398, .adv_w = 144, .box_w = 9, .box_h = 12, .ofs_x = 0, .ofs_y = 0}, /* id = 69 */
    {.bitmap_index = 3452, .adv_w = 144, .box_w = 9, .box_h = 9, .ofs_x = 0, .ofs_y = 0}, /* id = 70 */
    {.bitmap_index = 3493, .adv_w = 112, .box_w = 7, .box_h = 14, .ofs_x = 0, .ofs_y = 0}, /* id = 71 */
    {.bitmap_index = 3542, .adv_w = 144, .box_w = 9, .box_h = 12, .ofs_x = 0, .ofs_y = -3}, /* id = 72 */
    {.bitmap_index = 3596, .adv_w = 128, .box_w = 8, .box_h = 12, .ofs_x = 0, .ofs_y = 0}, /* id = 73 */
    {.bitmap_index = 3644, .adv_w = 48, .box_w = 3, .box_h = 12, .ofs_x = 0, .ofs_y = 0}, /* id = 74 */
    {.bitmap_index = 3662, .adv_w = 48, .box_w = 4, .box_h = 15, .ofs_x = -1, .ofs_y = -3}, /* id = 75 */
    {.bitmap_index = 3692, .adv_w = 128, .box_w = 8, .box_h = 12, .ofs_x = 0, .ofs_y = 0}, /* id = 76 */
    {.bitmap_index = 3740, .adv_w = 64, .box_w = 4, .box_h = 12, .ofs_x = 0, .ofs_y = 0}, /* id = 77 */
    {.bitmap_index = 3764, .adv_w = 208, .box_w = 13, .box_h = 9, .ofs_x = 0, .ofs_y = 0}, /* id = 78 */
    {.bitmap_index = 3823, .adv_w = 128, .box_w = 8, .box_h = 9, .ofs_x = 0, .ofs_y = 0}, /* id = 79 */
    {.bitmap_index = 3859, .adv_w = 144, .box_w = 9, .box_h = 9, .ofs_x = 0, .ofs_y = 0}, /* id = 80 */
    {.bitmap_index = 3900, .adv_w = 144, .box_w = 9, .box_h = 12, .ofs_x = 0, .ofs_y = -3}, /* id = 81 */
    {.bitmap_index = 3954, .adv_w = 144, .box_w = 9, .box_h = 12, .ofs_x = 0, .ofs_y = -3}, /* id = 82 */
    {.bitmap_index = 4008, .adv_w = 80, .box_w = 5, .box_h = 9, .ofs_x = 0, .ofs_y = 0}, /* id = 83 */
    {.bitmap_index = 4031, .adv_w = 144, .box_w = 9, .box_h = 9, .ofs_x = 0, .ofs_y = 0}, /* id = 84 */
    {.bitmap_index = 4072, .adv_w = 112, .box_w = 7, .box_h = 11, .ofs_x = 0, .ofs_y = 0}, /* id = 85 */
    {.bitmap_index = 4111, .adv_w = 128, .box_w = 8, .box_h = 9, .ofs_x = 0, .ofs_y = 0}, /* id = 86 */
    {.bitmap_index = 4147, .adv_w = 128, .box_w = 8, .box_h = 9, .ofs_x = 0, .ofs_y = 0}, /* id = 87 */
    {.bitmap_index = 4183, .adv_w = 192, .box_w = 12, .box_h = 9, .ofs_x = 0, .ofs_y = 0}, /* id = 88 */
    {.bitmap_index = 4237, .adv_w = 128, .box_w = 8, .box_h = 9, .ofs_x = 0, .ofs_y = 0}, /* id = 89 */
    {.bitmap_index = 4273, .adv_w = 128, .box_w = 8, .box_h = 12, .ofs_x = 0, .ofs_y = -3}, /* id = 90 */
    {.bitmap_index = 4321, .adv_w = 144, .box_w = 9, .box_h = 9, .ofs_x = 0, .ofs_y = 0}, /* id = 91 */
    {.bitmap_index = 4362, .adv_w = 80, .box_w = 5, .box_h = 17, .ofs_x = 0, .ofs_y = -3}, /* id = 92 */
    {.bitmap_index = 4405, .adv_w = 80, .box_w = 5, .box_h = 14, .ofs_x = 0, .ofs_y = -2}, /* id = 93 */
    {.bitmap_index = 4440, .adv_w = 80, .box_w = 5, .box_h = 17, .ofs_x = 0, .ofs_y = -3}, /* id = 94 */
    {.bitmap_index = 4483, .adv_w = 176, .box_w = 11, .box_h = 8, .ofs_x = 0, .ofs_y = 0}, /* id = 95 */
    {.bitmap_index = 4527, .adv_w = 64, .box_w = 4, .box_h = 5, .ofs_x = 0, .ofs_y = 0}, /* id = 96 */
    {.bitmap_index = 4537, .adv_w = 112, .box_w = 7, .box_h = 14, .ofs_x = 0, .ofs_y = -2}, /* id = 97 */
    {.bitmap_index = 4586, .adv_w = 0, .box_w = 8, .box_h = 14, .ofs_x = 0, .ofs_y = 0}, /* id = 98 */
    {.bitmap_index = 4642, .adv_w = 0, .box_w = 6, .box_h = 15, .ofs_x = 0, .ofs_y = 0}, /* id = 99 */
    {.bitmap_index = 4687, .adv_w = 0, .box_w = 9, .box_h = 16, .ofs_x = 0, .ofs_y = 0}, /* id = 100 */
    {.bitmap_index = 4759, .adv_w = 0, .box_w = 7, .box_h = 16, .ofs_x = 0, .ofs_y = 0}, /* id = 101 */
    {.bitmap_index = 4815, .adv_w = 64, .box_w = 4, .box_h = 8, .ofs_x = 0, .ofs_y = 0}, /* id = 102 */
    {.bitmap_index = 4831, .adv_w = 112, .box_w = 7, .box_h = 11, .ofs_x = 0, .ofs_y = 0}, /* id = 103 */
    {.bitmap_index = 4870, .adv_w = 96, .box_w = 6, .box_h = 8, .ofs_x = 0, .ofs_y = -1}, /* id = 104 */
    {.bitmap_index = 4894, .adv_w = 48, .box_w = 7, .box_h = 14, .ofs_x = -2, .ofs_y = 0}, /* id = 105 */
    {.bitmap_index = 4943, .adv_w = 64, .box_w = 4, .box_h = 15, .ofs_x = 0, .ofs_y = 0}, /* id = 106 */
    {.bitmap_index = 4973, .adv_w = 112, .box_w = 7, .box_h = 16, .ofs_x = 0, .ofs_y = -5}, /* id = 107 */
    {.bitmap_index = 5029, .adv_w = 64, .box_w = 4, .box_h = 17, .ofs_x = 0, .ofs_y = -6}, /* id = 108 */
    {.bitmap_index = 5063, .adv_w = 176, .box_w = 11, .box_h = 15, .ofs_x = 0, .ofs_y = -5}, /* id = 109 */
    {.bitmap_index = 5146, .adv_w = 48, .box_w = 3, .box_h = 11, .ofs_x = 0, .ofs_y = 0}, /* id = 110 */
    {.bitmap_index = 5163, .adv_w = 224, .box_w = 14, .box_h = 10, .ofs_x = 0, .ofs_y = -4}, /* id = 111 */
    {.bitmap_index = 5233, .adv_w = 128, .box_w = 8, .box_h = 11, .ofs_x = 0, .ofs_y = 0}, /* id = 112 */
    {.bitmap_index = 5277, .adv_w = 224, .box_w = 14, .box_h = 8, .ofs_x = 0, .ofs_y = 0}, /* id = 113 */
    {.bitmap_index = 5333, .adv_w = 224, .box_w = 14, .box_h = 9, .ofs_x = 0, .ofs_y = 0}, /* id = 114 */
    {.bitmap_index = 5396, .adv_w = 176, .box_w = 11, .box_h = 14, .ofs_x = 0, .ofs_y = -6}, /* id = 115 */
    {.bitmap_index = 5473, .adv_w = 176, .box_w = 11, .box_h = 14, .ofs_x = 0, .ofs_y = -6}, /* id = 116 */
    {.bitmap_index = 5550, .adv_w = 176, .box_w = 11, .box_h = 17, .ofs_x = 0, .ofs_y = -6}, /* id = 117 */
    {.bitmap_index = 5644, .adv_w = 128, .box_w = 8, .box_h = 8, .ofs_x = 0, .ofs_y = 0}, /* id = 118 */
    {.bitmap_index = 5676, .adv_w = 128, .box_w = 8, .box_h = 11, .ofs_x = 0, .ofs_y = 0}, /* id = 119 */
    {.bitmap_index = 5720, .adv_w = 96, .box_w = 6, .box_h = 10, .ofs_x = 0, .ofs_y = -5}, /* id = 120 */
    {.bitmap_index = 5750, .adv_w = 96, .box_w = 6, .box_h = 14, .ofs_x = 0, .ofs_y = -5}, /* id = 121 */
    {.bitmap_index = 5792, .adv_w = 304, .box_w = 19, .box_h = 11, .ofs_x = 0, .ofs_y = -5}, /* id = 122 */
    {.bitmap_index = 5897, .adv_w = 304, .box_w = 19, .box_h = 16, .ofs_x = 0, .ofs_y = -5}, /* id = 123 */
    {.bitmap_index = 6049, .adv_w = 320, .box_w = 20, .box_h = 12, .ofs_x = 0, .ofs_y = -5}, /* id = 124 */
    {.bitmap_index = 6169, .adv_w = 320, .box_w = 20, .box_h = 15, .ofs_x = 0, .ofs_y = -5}, /* id = 125 */
    {.bitmap_index = 6319, .adv_w = 208, .box_w = 13, .box_h = 11, .ofs_x = 0, .ofs_y = 0}, /* id = 126 */
    {.bitmap_index = 6391, .adv_w = 208, .box_w = 13, .box_h = 11, .ofs_x = 0, .ofs_y = 0}, /* id = 127 */
    {.bitmap_index = 6463, .adv_w = 160, .box_w = 10, .box_h = 15, .ofs_x = 0, .ofs_y = -6}, /* id = 128 */
    {.bitmap_index = 6538, .adv_w = 160, .box_w = 10, .box_h = 18, .ofs_x = 0, .ofs_y = -6}, /* id = 129 */
    {.bitmap_index = 6628, .adv_w = 176, .box_w = 11, .box_h = 13, .ofs_x = 0, .ofs_y = -5}, /* id = 130 */
    {.bitmap_index = 6700, .adv_w = 80, .box_w = 5, .box_h = 2, .ofs_x = 0, .ofs_y = 0}, /* id = 131 */
    {.bitmap_index = 6705, .adv_w = 224, .box_w = 14, .box_h = 12, .ofs_x = 0, .ofs_y = 0}, /* id = 132 */
    {.bitmap_index = 6789, .adv_w = 176, .box_w = 11, .box_h = 14, .ofs_x = 0, .ofs_y = -4}, /* id = 133 */
    {.bitmap_index = 6866, .adv_w = 224, .box_w = 14, .box_h = 11, .ofs_x = 0, .ofs_y = 0}, /* id = 134 */
    {.bitmap_index = 6943, .adv_w = 160, .box_w = 10, .box_h = 15, .ofs_x = 0, .ofs_y = -4}, /* id = 135 */
    {.bitmap_index = 7018, .adv_w = 160, .box_w = 10, .box_h = 12, .ofs_x = 0, .ofs_y = -5}, /* id = 136 */
    {.bitmap_index = 7078, .adv_w = 176, .box_w = 11, .box_h = 11, .ofs_x = 0, .ofs_y = -4}, /* id = 137 */
    {.bitmap_index = 7139, .adv_w = 128, .box_w = 8, .box_h = 8, .ofs_x = 0, .ofs_y = 0}, /* id = 138 */
    {.bitmap_index = 7171, .adv_w = 112, .box_w = 7, .box_h = 12, .ofs_x = 0, .ofs_y = -5}, /* id = 139 */
    {.bitmap_index = 7213, .adv_w = 176, .box_w = 11, .box_h = 12, .ofs_x = 0, .ofs_y = -5}, /* id = 140 */
    {.bitmap_index = 7279, .adv_w = 176, .box_w = 11, .box_h = 15, .ofs_x = 0, .ofs_y = -8}, /* id = 141 */
    {.bitmap_index = 7362, .adv_w = 0, .box_w = 4, .box_h = 12, .ofs_x = 0, .ofs_y = 0}, /* id = 142 */
    {.bitmap_index = 7386, .adv_w = 0, .box_w = 6, .box_h = 12, .ofs_x = -1, .ofs_y = 0}, /* id = 143 */
    {.bitmap_index = 7422, .adv_w = 0, .box_w = 4, .box_h = 5, .ofs_x = 0, .ofs_y = -5}, /* id = 144 */
    {.bitmap_index = 7432, .adv_w = 0, .box_w = 5, .box_h = 12, .ofs_x = 0, .ofs_y = 0}, /* id = 145 */
    {.bitmap_index = 7462, .adv_w = 0, .box_w = 5, .box_h = 12, .ofs_x = -1, .ofs_y = 0}, /* id = 146 */
    {.bitmap_index = 7492, .adv_w = 0, .box_w = 5, .box_h = 4, .ofs_x = 0, .ofs_y = -4}, /* id = 147 */
    {.bitmap_index = 7502, .adv_w = 0, .box_w = 6, .box_h = 11, .ofs_x = 0, .ofs_y = 0}, /* id = 148 */
    {.bitmap_index = 7535, .adv_w = 0, .box_w = 5, .box_h = 12, .ofs_x = 0, .ofs_y = 0}, /* id = 149 */
    {.bitmap_index = 7565, .adv_w = 0, .box_w = 7, .box_h = 11, .ofs_x = -1, .ofs_y = 0}, /* id = 150 */
    {.bitmap_index = 7604, .adv_w = 0, .box_w = 5, .box_h = 12, .ofs_x = 0, .ofs_y = 0}, /* id = 151 */
    {.bitmap_index = 7634, .adv_w = 0, .box_w = 5, .box_h = 6, .ofs_x = 0, .ofs_y = -5}, /* id = 152 */
    {.bitmap_index = 7649, .adv_w = 0, .box_w = 3, .box_h = 3, .ofs_x = 0, .ofs_y = -3}, /* id = 153 */
    {.bitmap_index = 7654, .adv_w = 0, .box_w = 5, .box_h = 13, .ofs_x = 0, .ofs_y = 0}, /* id = 154 */
    {.bitmap_index = 7687, .adv_w = 0, .box_w = 5, .box_h = 10, .ofs_x = 0, .ofs_y = 0}, /* id = 155 */
    {.bitmap_index = 7712, .adv_w = 0, .box_w = 7, .box_h = 15, .ofs_x = 0, .ofs_y = 0}, /* id = 156 */
    {.bitmap_index = 7765, .adv_w = 0, .box_w = 7, .box_h = 14, .ofs_x = 0, .ofs_y = 0}, /* id = 157 */
    {.bitmap_index = 7814, .adv_w = 96, .box_w = 6, .box_h = 6, .ofs_x = 0, .ofs_y = 0}, /* id = 158 */
    {.bitmap_index = 7832, .adv_w = 64, .box_w = 4, .box_h = 11, .ofs_x = 0, .ofs_y = 0}, /* id = 159 */
    {.bitmap_index = 7854, .adv_w = 128, .box_w = 8, .box_h = 11, .ofs_x = 0, .ofs_y = 0}, /* id = 160 */
    {.bitmap_index = 7898, .adv_w = 160, .box_w = 10, .box_h = 11, .ofs_x = 0, .ofs_y = 0}, /* id = 161 */
    {.bitmap_index = 7953, .adv_w = 112, .box_w = 7, .box_h = 11, .ofs_x = 0, .ofs_y = 0}, /* id = 162 */
    {.bitmap_index = 7992, .adv_w = 144, .box_w = 9, .box_h = 10, .ofs_x = 0, .ofs_y = 0}, /* id = 163 */
    {.bitmap_index = 8037, .adv_w = 128, .box_w = 8, .box_h = 11, .ofs_x = 0, .ofs_y = 0}, /* id = 164 */
    {.bitmap_index = 8081, .adv_w = 144, .box_w = 9, .box_h = 11, .ofs_x = 0, .ofs_y = 0}, /* id = 165 */
    {.bitmap_index = 8131, .adv_w = 144, .box_w = 9, .box_h = 11, .ofs_x = 0, .ofs_y = -1}, /* id = 166 */
    {.bitmap_index = 8181, .adv_w = 112, .box_w = 7, .box_h = 11, .ofs_x = 0, .ofs_y = 0}, /* id = 167 */
    {.bitmap_index = 8220, .adv_w = 128, .box_w = 8, .box_h = 12, .ofs_x = 0, .ofs_y = -1}, /* id = 168 */
    {.bitmap_index = 8268, .adv_w = 112, .box_w = 7, .box_h = 10, .ofs_x = 0, .ofs_y = -4}, /* id = 169 */
    {.bitmap_index = 8303, .adv_w = 80, .box_w = 5, .box_h = 5, .ofs_x = 0, .ofs_y = -3}, /* id = 170 */
    {.bitmap_index = 8316, .adv_w = 160, .box_w = 10, .box_h = 10, .ofs_x = 0, .ofs_y = 0}, /* id = 171 */
    {.bitmap_index = 8366, .adv_w = 224, .box_w = 14, .box_h = 6, .ofs_x = 0, .ofs_y = 0}, /* id = 172 */
    {.bitmap_index = 8408, .adv_w = 176, .box_w = 11, .box_h = 11, .ofs_x = 0, .ofs_y = -4}, /* id = 173 */
    {.bitmap_index = 8469, .adv_w = 0, .box_w = 3, .box_h = 12, .ofs_x = 0, .ofs_y = 0}, /* id = 174 */
    {.bitmap_index = 8487, .adv_w = 64, .box_w = 6, .box_h = 15, .ofs_x = -1, .ofs_y = 0}, /* id = 175 */
    {.bitmap_index = 8532, .adv_w = 80, .box_w = 5, .box_h = 14, .ofs_x = 0, .ofs_y = 0}, /* id = 176 */
    {.bitmap_index = 8567, .adv_w = 224, .box_w = 14, .box_h = 10, .ofs_x = 0, .ofs_y = 0}, /* id = 177 */
    {.bitmap_index = 8637, .adv_w = 224, .box_w = 14, .box_h = 11, .ofs_x = 0, .ofs_y = -3}, /* id = 178 */
    {.bitmap_index = 8714, .adv_w = 224, .box_w = 14, .box_h = 12, .ofs_x = 0, .ofs_y = -6}, /* id = 179 */
    {.bitmap_index = 8798, .adv_w = 176, .box_w = 11, .box_h = 19, .ofs_x = 0, .ofs_y = -6}, /* id = 180 */
    {.bitmap_index = 8903, .adv_w = 176, .box_w = 11, .box_h = 19, .ofs_x = 0, .ofs_y = -6}, /* id = 181 */
    {.bitmap_index = 9008, .adv_w = 176, .box_w = 11, .box_h = 14, .ofs_x = 0, .ofs_y = -6}, /* id = 182 */
    {.bitmap_index = 9085, .adv_w = 144, .box_w = 9, .box_h = 13, .ofs_x = 0, .ofs_y = 0}, /* id = 183 */
    {.bitmap_index = 9144, .adv_w = 144, .box_w = 9, .box_h = 11, .ofs_x = 0, .ofs_y = -3}, /* id = 184 */
    {.bitmap_index = 9194, .adv_w = 96, .box_w = 7, .box_h = 15, .ofs_x = -1, .ofs_y = -4}, /* id = 185 */
    {.bitmap_index = 9247, .adv_w = 96, .box_w = 6, .box_h = 11, .ofs_x = 0, .ofs_y = -6}, /* id = 186 */
    {.bitmap_index = 9280, .adv_w = 96, .box_w = 6, .box_h = 12, .ofs_x = 0, .ofs_y = -7}, /* id = 187 */
    {.bitmap_index = 9316, .adv_w = 96, .box_w = 6, .box_h = 12, .ofs_x = 0, .ofs_y = -7}, /* id = 188 */
    {.bitmap_index = 9352, .adv_w = 96, .box_w = 6, .box_h = 15, .ofs_x = 0, .ofs_y = -5}, /* id = 189 */
    {.bitmap_index = 9397, .adv_w = 304, .box_w = 19, .box_h = 14, .ofs_x = 0, .ofs_y = -5}, /* id = 190 */
    {.bitmap_index = 9530, .adv_w = 160, .box_w = 10, .box_h = 20, .ofs_x = 0, .ofs_y = -6}, /* id = 191 */
    {.bitmap_index = 9630, .adv_w = 224, .box_w = 14, .box_h = 9, .ofs_x = 0, .ofs_y = 0}, /* id = 192 */
    {.bitmap_index = 9693, .adv_w = 224, .box_w = 14, .box_h = 14, .ofs_x = 0, .ofs_y = 0}, /* id = 193 */
    {.bitmap_index = 9791, .adv_w = 224, .box_w = 14, .box_h = 11, .ofs_x = 0, .ofs_y = 0}, /* id = 194 */
    {.bitmap_index = 9868, .adv_w = 256, .box_w = 16, .box_h = 10, .ofs_x = 0, .ofs_y = 0}, /* id = 195 */
    {.bitmap_index = 9948, .adv_w = 240, .box_w = 15, .box_h = 12, .ofs_x = 0, .ofs_y = 0}, /* id = 196 */
    {.bitmap_index = 10038, .adv_w = 224, .box_w = 14, .box_h = 13, .ofs_x = 0, .ofs_y = 0}, /* id = 197 */
    {.bitmap_index = 10129, .adv_w = 224, .box_w = 14, .box_h = 14, .ofs_x = 0, .ofs_y = 0}, /* id = 198 */
    {.bitmap_index = 10227, .adv_w = 224, .box_w = 14, .box_h = 13, .ofs_x = 0, .ofs_y = 0}, /* id = 199 */
    {.bitmap_index = 10318, .adv_w = 160, .box_w = 10, .box_h = 16, .ofs_x = 0, .ofs_y = -4}, /* id = 200 */
    {.bitmap_index = 10398, .adv_w = 176, .box_w = 11, .box_h = 9, .ofs_x = 0, .ofs_y = -4}, /* id = 201 */
    {.bitmap_index = 10448, .adv_w = 176, .box_w = 11, .box_h = 13, .ofs_x = 0, .ofs_y = -7}, /* id = 202 */
    {.bitmap_index = 10520, .adv_w = 176, .box_w = 11, .box_h = 14, .ofs_x = 0, .ofs_y = -4}, /* id = 203 */
    {.bitmap_index = 10597, .adv_w = 192, .box_w = 13, .box_h = 8, .ofs_x = -1, .ofs_y = 0}, /* id = 204 */
    {.bitmap_index = 10649, .adv_w = 128, .box_w = 8, .box_h = 14, .ofs_x = 0, .ofs_y = 0}, /* id = 205 */
    {.bitmap_index = 10705, .adv_w = 128, .box_w = 8, .box_h = 8, .ofs_x = 0, .ofs_y = 0}, /* id = 206 */
    {.bitmap_index = 10737, .adv_w = 128, .box_w = 8, .box_h = 13, .ofs_x = 0, .ofs_y = 0}, /* id = 207 */
    {.bitmap_index = 10789, .adv_w = 128, .box_w = 8, .box_h = 11, .ofs_x = 0, .ofs_y = 0}, /* id = 208 */
    {.bitmap_index = 10833, .adv_w = 112, .box_w = 7, .box_h = 15, .ofs_x = 0, .ofs_y = -5}, /* id = 209 */
    {.bitmap_index = 10886, .adv_w = 112, .box_w = 7, .box_h = 16, .ofs_x = 0, .ofs_y = -5}, /* id = 210 */
    {.bitmap_index = 10942, .adv_w = 112, .box_w = 7, .box_h = 15, .ofs_x = 0, .ofs_y = -5}, /* id = 211 */
    {.bitmap_index = 10995, .adv_w = 112, .box_w = 7, .box_h = 15, .ofs_x = 0, .ofs_y = -5}, /* id = 212 */
    {.bitmap_index = 11048, .adv_w = 112, .box_w = 7, .box_h = 15, .ofs_x = 0, .ofs_y = -5}, /* id = 213 */
    {.bitmap_index = 11101, .adv_w = 112, .box_w = 7, .box_h = 17, .ofs_x = 0, .ofs_y = -5}, /* id = 214 */
    {.bitmap_index = 11161, .adv_w = 176, .box_w = 11, .box_h = 12, .ofs_x = 0, .ofs_y = -5}, /* id = 215 */
    {.bitmap_index = 11227, .adv_w = 192, .box_w = 12, .box_h = 12, .ofs_x = 0, .ofs_y = -5}, /* id = 216 */
    {.bitmap_index = 11299, .adv_w = 176, .box_w = 11, .box_h = 14, .ofs_x = 0, .ofs_y = -5}, /* id = 217 */
    {.bitmap_index = 11376, .adv_w = 112, .box_w = 7, .box_h = 15, .ofs_x = 0, .ofs_y = -5}, /* id = 218 */
    {.bitmap_index = 11429, .adv_w = 176, .box_w = 11, .box_h = 17, .ofs_x = 0, .ofs_y = -10}, /* id = 219 */
    {.bitmap_index = 11523, .adv_w = 224, .box_w = 14, .box_h = 7, .ofs_x = 0, .ofs_y = 0}, /* id = 220 */
    {.bitmap_index = 11572, .adv_w = 240, .box_w = 15, .box_h = 13, .ofs_x = 0, .ofs_y = 0}, /* id = 221 */
    {.bitmap_index = 11670, .adv_w = 80, .box_w = 5, .box_h = 2, .ofs_x = 0, .ofs_y = 0}, /* id = 222 */
    {.bitmap_index = 11675, .adv_w = 128, .box_w = 8, .box_h = 8, .ofs_x = 0, .ofs_y = 0}, /* id = 223 */
    {.bitmap_index = 11707, .adv_w = 0, .box_w = 11, .box_h = 14, .ofs_x = -2, .ofs_y = 0}, /* id = 224 */
    {.bitmap_index = 11784, .adv_w = 304, .box_w = 19, .box_h = 20, .ofs_x = 0, .ofs_y = -5}, /* id = 225 */
    {.bitmap_index = 11974, .adv_w = 256, .box_w = 16, .box_h = 16, .ofs_x = 0, .ofs_y = -4}, /* id = 226 */
    {.bitmap_index = 12102, .adv_w = 144, .box_w = 9, .box_h = 13, .ofs_x = 0, .ofs_y = -2}, /* id = 227 */
    {.bitmap_index = 12161, .adv_w = 96, .box_w = 6, .box_h = 7, .ofs_x = 0, .ofs_y = 0}, /* id = 228 */
    {.bitmap_index = 12182, .adv_w = 64, .box_w = 4, .box_h = 11, .ofs_x = 0, .ofs_y = 0}, /* id = 229 */
    {.bitmap_index = 12204, .adv_w = 128, .box_w = 8, .box_h = 11, .ofs_x = 0, .ofs_y = 0}, /* id = 230 */
    {.bitmap_index = 12248, .adv_w = 160, .box_w = 10, .box_h = 11, .ofs_x = 0, .ofs_y = 0}, /* id = 231 */
    {.bitmap_index = 12303, .adv_w = 144, .box_w = 9, .box_h = 12, .ofs_x = 0, .ofs_y = 0}, /* id = 232 */
    {.bitmap_index = 12357, .adv_w = 144, .box_w = 9, .box_h = 11, .ofs_x = 0, .ofs_y = 0}, /* id = 233 */
    {.bitmap_index = 12407, .adv_w = 128, .box_w = 8, .box_h = 11, .ofs_x = 0, .ofs_y = 0}, /* id = 234 */
    {.bitmap_index = 12451, .adv_w = 144, .box_w = 9, .box_h = 11, .ofs_x = 0, .ofs_y = 0}, /* id = 235 */
    {.bitmap_index = 12501, .adv_w = 144, .box_w = 9, .box_h = 11, .ofs_x = 0, .ofs_y = -1}, /* id = 236 */
    {.bitmap_index = 12551, .adv_w = 112, .box_w = 7, .box_h = 11, .ofs_x = 0, .ofs_y = 0}, /* id = 237 */
    {.bitmap_index = 12590, .adv_w = 224, .box_w = 14, .box_h = 13, .ofs_x = 0, .ofs_y = 0}, /* id = 238 */
    {.bitmap_index = 12681, .adv_w = 224, .box_w = 14, .box_h = 15, .ofs_x = 0, .ofs_y = 0}, /* id = 239 */
    {.bitmap_index = 12786, .adv_w = 0, .box_w = 0, .box_h = 0, .ofs_x = 0, .ofs_y = 0}, /* id = 240 */
    {.bitmap_index = 12786, .adv_w = 0, .box_w = 0, .box_h = 0, .ofs_x = 0, .ofs_y = 0}, /* id = 241 */
    {.bitmap_index = 12786, .adv_w = 0, .box_w = 0, .box_h = 0, .ofs_x = 0, .ofs_y = 0}, /* id = 242 */
    {.bitmap_index = 12786, .adv_w = 0, .box_w = 0, .box_h = 0, .ofs_x = 0, .ofs_y = 0}, /* id = 243 */
    {.bitmap_index = 12786, .adv_w = 64, .box_w = 6, .box_h = 15, .ofs_x = -1, .ofs_y = 0}, /* id = 244 */
    {.bitmap_index = 12831, .adv_w = 64, .box_w = 6, .box_h = 15, .ofs_x = -1, .ofs_y = 0}, /* id = 245 */
    {.bitmap_index = 12876, .adv_w = 224, .box_w = 14, .box_h = 12, .ofs_x = 0, .ofs_y = -6}, /* id = 246 */
    {.bitmap_index = 12960, .adv_w = 240, .box_w = 16, .box_h = 12, .ofs_x = 0, .ofs_y = -6}, /* id = 247 */
    {.bitmap_index = 13056, .adv_w = 80, .box_w = 7, .box_h = 12, .ofs_x = -2, .ofs_y = -6}, /* id = 248 */
    {.bitmap_index = 13098, .adv_w = 96, .box_w = 7, .box_h = 11, .ofs_x = -1, .ofs_y = -6}, /* id = 249 */
    {.bitmap_index = 13137, .adv_w = 224, .box_w = 14, .box_h = 10, .ofs_x = 0, .ofs_y = 0}, /* id = 250 */
    {.bitmap_index = 13207, .adv_w = 240, .box_w = 16, .box_h = 10, .ofs_x = 0, .ofs_y = 0}, /* id = 251 */
    {.bitmap_index = 13287, .adv_w = 80, .box_w = 6, .box_h = 12, .ofs_x = -1, .ofs_y = 0}, /* id = 252 */
    {.bitmap_index = 13323, .adv_w = 96, .box_w = 6, .box_h = 11, .ofs_x = 0, .ofs_y = 0}, /* id = 253 */
    {.bitmap_index = 13356, .adv_w = 224, .box_w = 14, .box_h = 14, .ofs_x = 0, .ofs_y = 0}, /* id = 254 */
    {.bitmap_index = 13454, .adv_w = 240, .box_w = 16, .box_h = 12, .ofs_x = 0, .ofs_y = 0}, /* id = 255 */
    {.bitmap_index = 13550, .adv_w = 112, .box_w = 8, .box_h = 14, .ofs_x = -1, .ofs_y = 0}, /* id = 256 */
    {.bitmap_index = 13606, .adv_w = 128, .box_w = 8, .box_h = 12, .ofs_x = 0, .ofs_y = 0}, /* id = 257 */
    {.bitmap_index = 13654, .adv_w = 176, .box_w = 11, .box_h = 14, .ofs_x = 0, .ofs_y = -6}, /* id = 258 */
    {.bitmap_index = 13731, .adv_w = 176, .box_w = 12, .box_h = 14, .ofs_x = 0, .ofs_y = -6}, /* id = 259 */
    {.bitmap_index = 13815, .adv_w = 176, .box_w = 11, .box_h = 13, .ofs_x = 0, .ofs_y = -6}, /* id = 260 */
    {.bitmap_index = 13887, .adv_w = 176, .box_w = 11, .box_h = 13, .ofs_x = 0, .ofs_y = -6}, /* id = 261 */
    {.bitmap_index = 13959, .adv_w = 144, .box_w = 9, .box_h = 13, .ofs_x = 0, .ofs_y = 0}, /* id = 262 */
    {.bitmap_index = 14018, .adv_w = 144, .box_w = 9, .box_h = 14, .ofs_x = 0, .ofs_y = 0}, /* id = 263 */
    {.bitmap_index = 14081, .adv_w = 96, .box_w = 6, .box_h = 15, .ofs_x = 0, .ofs_y = -5}, /* id = 264 */
    {.bitmap_index = 14126, .adv_w = 96, .box_w = 7, .box_h = 15, .ofs_x = -1, .ofs_y = -5}, /* id = 265 */
    {.bitmap_index = 14179, .adv_w = 96, .box_w = 7, .box_h = 15, .ofs_x = -1, .ofs_y = -4}, /* id = 266 */
    {.bitmap_index = 14232, .adv_w = 96, .box_w = 7, .box_h = 15, .ofs_x = -1, .ofs_y = -5}, /* id = 267 */
    {.bitmap_index = 14285, .adv_w = 224, .box_w = 14, .box_h = 11, .ofs_x = 0, .ofs_y = 0}, /* id = 268 */
    {.bitmap_index = 14362, .adv_w = 240, .box_w = 16, .box_h = 11, .ofs_x = 0, .ofs_y = 0}, /* id = 269 */
    {.bitmap_index = 14450, .adv_w = 112, .box_w = 8, .box_h = 11, .ofs_x = -1, .ofs_y = 0}, /* id = 270 */
    {.bitmap_index = 14494, .adv_w = 128, .box_w = 8, .box_h = 11, .ofs_x = 0, .ofs_y = 0}, /* id = 271 */
    {.bitmap_index = 14538, .adv_w = 224, .box_w = 14, .box_h = 13, .ofs_x = 0, .ofs_y = 0}, /* id = 272 */
    {.bitmap_index = 14629, .adv_w = 240, .box_w = 16, .box_h = 13, .ofs_x = 0, .ofs_y = 0}, /* id = 273 */
    {.bitmap_index = 14733, .adv_w = 128, .box_w = 8, .box_h = 13, .ofs_x = 0, .ofs_y = 0}, /* id = 274 */
    {.bitmap_index = 14785, .adv_w = 128, .box_w = 8, .box_h = 13, .ofs_x = 0, .ofs_y = 0}, /* id = 275 */
    {.bitmap_index = 14837, .adv_w = 176, .box_w = 11, .box_h = 9, .ofs_x = 0, .ofs_y = -4}, /* id = 276 */
    {.bitmap_index = 14887, .adv_w = 192, .box_w = 12, .box_h = 10, .ofs_x = 0, .ofs_y = -5}, /* id = 277 */
    {.bitmap_index = 14947, .adv_w = 128, .box_w = 9, .box_h = 15, .ofs_x = 0, .ofs_y = 0}, /* id = 278 */
    {.bitmap_index = 15015, .adv_w = 112, .box_w = 8, .box_h = 7, .ofs_x = 0, .ofs_y = -1}, /* id = 279 */
    {.bitmap_index = 15043, .adv_w = 80, .box_w = 5, .box_h = 11, .ofs_x = 0, .ofs_y = -5}, /* id = 280 */
    {.bitmap_index = 15071, .adv_w = 128, .box_w = 10, .box_h = 8, .ofs_x = -1, .ofs_y = -5}, /* id = 281 */
    {.bitmap_index = 15111, .adv_w = 192, .box_w = 13, .box_h = 8, .ofs_x = -1, .ofs_y = 0}, /* id = 282 */
    {.bitmap_index = 15163, .adv_w = 160, .box_w = 10, .box_h = 12, .ofs_x = 0, .ofs_y = -5}, /* id = 283 */
    {.bitmap_index = 15223, .adv_w = 192, .box_w = 12, .box_h = 8, .ofs_x = 0, .ofs_y = 0}, /* id = 284 */
    {.bitmap_index = 15271, .adv_w = 144, .box_w = 9, .box_h = 12, .ofs_x = 0, .ofs_y = -5}, /* id = 285 */
    {.bitmap_index = 15325, .adv_w = 224, .box_w = 14, .box_h = 7, .ofs_x = 0, .ofs_y = 0}, /* id = 286 */
    {.bitmap_index = 15374, .adv_w = 208, .box_w = 14, .box_h = 7, .ofs_x = 0, .ofs_y = -5}, /* id = 287 */
    {.bitmap_index = 15423, .adv_w = 240, .box_w = 15, .box_h = 13, .ofs_x = 0, .ofs_y = 0}, /* id = 288 */
    {.bitmap_index = 15521, .adv_w = 208, .box_w = 13, .box_h = 12, .ofs_x = 0, .ofs_y = -5}, /* id = 289 */
    {.bitmap_index = 15599, .adv_w = 80, .box_w = 5, .box_h = 5, .ofs_x = 0, .ofs_y = -5}, /* id = 290 */
    {.bitmap_index = 15612, .adv_w = 96, .box_w = 6, .box_h = 16, .ofs_x = 0, .ofs_y = 0}, /* id = 291 */
    {.bitmap_index = 15660, .adv_w = 224, .box_w = 14, .box_h = 14, .ofs_x = 0, .ofs_y = 0}, /* id = 292 */
    {.bitmap_index = 15758, .adv_w = 240, .box_w = 15, .box_h = 14, .ofs_x = 0, .ofs_y = 0}, /* id = 293 */
    {.bitmap_index = 15863, .adv_w = 112, .box_w = 8, .box_h = 15, .ofs_x = -1, .ofs_y = 0}, /* id = 294 */
    {.bitmap_index = 15923, .adv_w = 128, .box_w = 8, .box_h = 15, .ofs_x = 0, .ofs_y = 0}, /* id = 295 */
    {.bitmap_index = 15983, .adv_w = 112, .box_w = 7, .box_h = 16, .ofs_x = 0, .ofs_y = -5}, /* id = 296 */
    {.bitmap_index = 16039, .adv_w = 112, .box_w = 8, .box_h = 16, .ofs_x = 0, .ofs_y = -5}, /* id = 297 */
    {.bitmap_index = 16103, .adv_w = 112, .box_w = 7, .box_h = 15, .ofs_x = 0, .ofs_y = -5}, /* id = 298 */
    {.bitmap_index = 16156, .adv_w = 112, .box_w = 8, .box_h = 15, .ofs_x = 0, .ofs_y = -5}, /* id = 299 */
    {.bitmap_index = 16216, .adv_w = 112, .box_w = 7, .box_h = 15, .ofs_x = 0, .ofs_y = -5}, /* id = 300 */
    {.bitmap_index = 16269, .adv_w = 112, .box_w = 8, .box_h = 15, .ofs_x = 0, .ofs_y = -5}, /* id = 301 */
    {.bitmap_index = 16329, .adv_w = 112, .box_w = 7, .box_h = 17, .ofs_x = 0, .ofs_y = -5}, /* id = 302 */
    {.bitmap_index = 16389, .adv_w = 112, .box_w = 8, .box_h = 17, .ofs_x = 0, .ofs_y = -5}, /* id = 303 */
    {.bitmap_index = 16457, .adv_w = 112, .box_w = 7, .box_h = 15, .ofs_x = 0, .ofs_y = -5}, /* id = 304 */
    {.bitmap_index = 16510, .adv_w = 112, .box_w = 8, .box_h = 15, .ofs_x = 0, .ofs_y = -5}, /* id = 305 */
    {.bitmap_index = 16570, .adv_w = 80, .box_w = 5, .box_h = 6, .ofs_x = 0, .ofs_y = 0}, /* id = 306 */
    {.bitmap_index = 16585, .adv_w = 96, .box_w = 6, .box_h = 5, .ofs_x = 0, .ofs_y = 0}, /* id = 307 */
    {.bitmap_index = 16600, .adv_w = 176, .box_w = 11, .box_h = 12, .ofs_x = 0, .ofs_y = -5}, /* id = 308 */
    {.bitmap_index = 16666, .adv_w = 160, .box_w = 11, .box_h = 9, .ofs_x = 0, .ofs_y = -5}, /* id = 309 */
    {.bitmap_index = 16716, .adv_w = 80, .box_w = 7, .box_h = 10, .ofs_x = -2, .ofs_y = -4}, /* id = 310 */
    {.bitmap_index = 16751, .adv_w = 96, .box_w = 7, .box_h = 9, .ofs_x = -1, .ofs_y = -4}, /* id = 311 */
    {.bitmap_index = 16783, .adv_w = 112, .box_w = 7, .box_h = 18, .ofs_x = 0, .ofs_y = -4}, /* id = 312 */
    {.bitmap_index = 16846, .adv_w = 112, .box_w = 8, .box_h = 18, .ofs_x = -1, .ofs_y = -4}, /* id = 313 */
    {.bitmap_index = 16918, .adv_w = 320, .box_w = 20, .box_h = 15, .ofs_x = 0, .ofs_y = 0}, /* id = 314 */
    {.bitmap_index = 17068, .adv_w = 384, .box_w = 24, .box_h = 17, .ofs_x = 0, .ofs_y = -6}, /* id = 315 */
    {.bitmap_index = 17272, .adv_w = 80, .box_w = 5, .box_h = 12, .ofs_x = 0, .ofs_y = 0}, /* id = 316 */
    {.bitmap_index = 17302, .adv_w = 80, .box_w = 5, .box_h = 12, .ofs_x = 0, .ofs_y = 0}, /* id = 317 */
    {.bitmap_index = 17332, .adv_w = 96, .box_w = 6, .box_h = 11, .ofs_x = 0, .ofs_y = 0}, /* id = 318 */
    {.bitmap_index = 17365, .adv_w = 80, .box_w = 6, .box_h = 4, .ofs_x = 0, .ofs_y = 0}, /* id = 319 */
    {.bitmap_index = 17377, .adv_w = 80, .box_w = 5, .box_h = 5, .ofs_x = 0, .ofs_y = -5}, /* id = 320 */
    {.bitmap_index = 17390, .adv_w = 80, .box_w = 5, .box_h = 10, .ofs_x = 0, .ofs_y = 0}, /* id = 321 */
    {.bitmap_index = 17415, .adv_w = 80, .box_w = 5, .box_h = 10, .ofs_x = 0, .ofs_y = 0}, /* id = 322 */
    {.bitmap_index = 17440, .adv_w = 80, .box_w = 5, .box_h = 12, .ofs_x = 0, .ofs_y = 0}, /* id = 323 */
    {.bitmap_index = 17470, .adv_w = 80, .box_w = 5, .box_h = 11, .ofs_x = 0, .ofs_y = 0}, /* id = 324 */
    {.bitmap_index = 17498, .adv_w = 80, .box_w = 5, .box_h = 4, .ofs_x = 0, .ofs_y = -4}, /* id = 325 */
    {.bitmap_index = 17508, .adv_w = 80, .box_w = 5, .box_h = 6, .ofs_x = 0, .ofs_y = -4}, /* id = 326 */
    {.bitmap_index = 17523, .adv_w = 96, .box_w = 6, .box_h = 10, .ofs_x = 0, .ofs_y = 0}, /* id = 327 */
    {.bitmap_index = 17553, .adv_w = 80, .box_w = 6, .box_h = 10, .ofs_x = 0, .ofs_y = 0}, /* id = 328 */
    {.bitmap_index = 17583, .adv_w = 80, .box_w = 5, .box_h = 11, .ofs_x = 0, .ofs_y = 0}, /* id = 329 */
    {.bitmap_index = 17611, .adv_w = 80, .box_w = 5, .box_h = 11, .ofs_x = 0, .ofs_y = 0}, /* id = 330 */
    {.bitmap_index = 17639, .adv_w = 96, .box_w = 6, .box_h = 8, .ofs_x = 0, .ofs_y = -1}, /* id = 331 */
    {.bitmap_index = 17663, .adv_w = 48, .box_w = 7, .box_h = 14, .ofs_x = -2, .ofs_y = 0}, /* id = 332 */
    {.bitmap_index = 17712, .adv_w = 64, .box_w = 6, .box_h = 13, .ofs_x = -1, .ofs_y = 0}, /* id = 333 */
    {.bitmap_index = 17751, .adv_w = 64, .box_w = 4, .box_h = 15, .ofs_x = 0, .ofs_y = 0}, /* id = 334 */
    {.bitmap_index = 17781, .adv_w = 80, .box_w = 5, .box_h = 15, .ofs_x = 0, .ofs_y = 0}, /* id = 335 */
    {.bitmap_index = 17819, .adv_w = 112, .box_w = 7, .box_h = 16, .ofs_x = 0, .ofs_y = -5}, /* id = 336 */
    {.bitmap_index = 17875, .adv_w = 112, .box_w = 8, .box_h = 16, .ofs_x = 0, .ofs_y = -5}, /* id = 337 */
    {.bitmap_index = 17939, .adv_w = 64, .box_w = 4, .box_h = 17, .ofs_x = 0, .ofs_y = -6}, /* id = 338 */
    {.bitmap_index = 17973, .adv_w = 64, .box_w = 5, .box_h = 16, .ofs_x = 0, .ofs_y = -5}, /* id = 339 */
    {.bitmap_index = 18013, .adv_w = 176, .box_w = 11, .box_h = 15, .ofs_x = 0, .ofs_y = -5}, /* id = 340 */
    {.bitmap_index = 18096, .adv_w = 160, .box_w = 11, .box_h = 14, .ofs_x = 0, .ofs_y = -5}, /* id = 341 */
    {.bitmap_index = 18173, .adv_w = 96, .box_w = 6, .box_h = 11, .ofs_x = 0, .ofs_y = 0}, /* id = 342 */
    {.bitmap_index = 18206, .adv_w = 96, .box_w = 6, .box_h = 10, .ofs_x = 0, .ofs_y = 0}, /* id = 343 */
    {.bitmap_index = 18236, .adv_w = 48, .box_w = 3, .box_h = 11, .ofs_x = 0, .ofs_y = 0}, /* id = 344 */
    {.bitmap_index = 18253, .adv_w = 64, .box_w = 4, .box_h = 11, .ofs_x = 0, .ofs_y = 0}, /* id = 345 */
    {.bitmap_index = 18275, .adv_w = 224, .box_w = 14, .box_h = 10, .ofs_x = 0, .ofs_y = -4}, /* id = 346 */
    {.bitmap_index = 18345, .adv_w = 240, .box_w = 16, .box_h = 10, .ofs_x = 0, .ofs_y = -4}, /* id = 347 */
    {.bitmap_index = 18425, .adv_w = 80, .box_w = 6, .box_h = 10, .ofs_x = -1, .ofs_y = -4}, /* id = 348 */
    {.bitmap_index = 18455, .adv_w = 96, .box_w = 6, .box_h = 9, .ofs_x = 0, .ofs_y = -4}, /* id = 349 */
    {.bitmap_index = 18482, .adv_w = 128, .box_w = 8, .box_h = 11, .ofs_x = 0, .ofs_y = 0}, /* id = 350 */
    {.bitmap_index = 18526, .adv_w = 128, .box_w = 9, .box_h = 11, .ofs_x = 0, .ofs_y = 0}, /* id = 351 */
    {.bitmap_index = 18576, .adv_w = 224, .box_w = 14, .box_h = 8, .ofs_x = 0, .ofs_y = 0}, /* id = 352 */
    {.bitmap_index = 18632, .adv_w = 240, .box_w = 16, .box_h = 8, .ofs_x = 0, .ofs_y = 0}, /* id = 353 */
    {.bitmap_index = 18696, .adv_w = 80, .box_w = 6, .box_h = 10, .ofs_x = -1, .ofs_y = 0}, /* id = 354 */
    {.bitmap_index = 18726, .adv_w = 96, .box_w = 7, .box_h = 9, .ofs_x = -1, .ofs_y = 0}, /* id = 355 */
    {.bitmap_index = 18758, .adv_w = 224, .box_w = 14, .box_h = 9, .ofs_x = 0, .ofs_y = 0}, /* id = 356 */
    {.bitmap_index = 18821, .adv_w = 240, .box_w = 16, .box_h = 9, .ofs_x = 0, .ofs_y = 0}, /* id = 357 */
    {.bitmap_index = 18893, .adv_w = 80, .box_w = 6, .box_h = 11, .ofs_x = -1, .ofs_y = 0}, /* id = 358 */
    {.bitmap_index = 18926, .adv_w = 96, .box_w = 7, .box_h = 11, .ofs_x = -1, .ofs_y = 0}, /* id = 359 */
    {.bitmap_index = 18965, .adv_w = 176, .box_w = 11, .box_h = 14, .ofs_x = 0, .ofs_y = -6}, /* id = 360 */
    {.bitmap_index = 19042, .adv_w = 176, .box_w = 12, .box_h = 14, .ofs_x = 0, .ofs_y = -6}, /* id = 361 */
    {.bitmap_index = 19126, .adv_w = 176, .box_w = 11, .box_h = 11, .ofs_x = 0, .ofs_y = -4}, /* id = 362 */
    {.bitmap_index = 19187, .adv_w = 176, .box_w = 11, .box_h = 11, .ofs_x = 0, .ofs_y = -4}, /* id = 363 */
    {.bitmap_index = 19248, .adv_w = 176, .box_w = 11, .box_h = 14, .ofs_x = 0, .ofs_y = -6}, /* id = 364 */
    {.bitmap_index = 19325, .adv_w = 176, .box_w = 12, .box_h = 14, .ofs_x = 0, .ofs_y = -6}, /* id = 365 */
    {.bitmap_index = 19409, .adv_w = 176, .box_w = 11, .box_h = 7, .ofs_x = 0, .ofs_y = 0}, /* id = 366 */
    {.bitmap_index = 19448, .adv_w = 176, .box_w = 11, .box_h = 7, .ofs_x = 0, .ofs_y = 0}, /* id = 367 */
    {.bitmap_index = 19487, .adv_w = 176, .box_w = 11, .box_h = 17, .ofs_x = 0, .ofs_y = -6}, /* id = 368 */
    {.bitmap_index = 19581, .adv_w = 176, .box_w = 12, .box_h = 17, .ofs_x = 0, .ofs_y = -6}, /* id = 369 */
    {.bitmap_index = 19683, .adv_w = 176, .box_w = 11, .box_h = 10, .ofs_x = 0, .ofs_y = 0}, /* id = 370 */
    {.bitmap_index = 19738, .adv_w = 176, .box_w = 11, .box_h = 10, .ofs_x = 0, .ofs_y = 0}, /* id = 371 */
    {.bitmap_index = 19793, .adv_w = 128, .box_w = 8, .box_h = 8, .ofs_x = 0, .ofs_y = 0}, /* id = 372 */
    {.bitmap_index = 19825, .adv_w = 144, .box_w = 9, .box_h = 8, .ofs_x = 0, .ofs_y = 0}, /* id = 373 */
    {.bitmap_index = 19861, .adv_w = 128, .box_w = 8, .box_h = 11, .ofs_x = 0, .ofs_y = 0}, /* id = 374 */
    {.bitmap_index = 19905, .adv_w = 144, .box_w = 9, .box_h = 12, .ofs_x = 0, .ofs_y = 0}, /* id = 375 */
    {.bitmap_index = 19959, .adv_w = 96, .box_w = 6, .box_h = 10, .ofs_x = 0, .ofs_y = -5}, /* id = 376 */
    {.bitmap_index = 19989, .adv_w = 96, .box_w = 7, .box_h = 10, .ofs_x = -1, .ofs_y = -5}, /* id = 377 */
    {.bitmap_index = 20024, .adv_w = 96, .box_w = 6, .box_h = 14, .ofs_x = 0, .ofs_y = -5}, /* id = 378 */
    {.bitmap_index = 20066, .adv_w = 96, .box_w = 7, .box_h = 14, .ofs_x = -1, .ofs_y = -5}, /* id = 379 */
    {.bitmap_index = 20115, .adv_w = 304, .box_w = 19, .box_h = 11, .ofs_x = 0, .ofs_y = -5}, /* id = 380 */
    {.bitmap_index = 20220, .adv_w = 320, .box_w = 20, .box_h = 10, .ofs_x = 0, .ofs_y = -5}, /* id = 381 */
    {.bitmap_index = 20320, .adv_w = 208, .box_w = 14, .box_h = 6, .ofs_x = -1, .ofs_y = 0}, /* id = 382 */
    {.bitmap_index = 20362, .adv_w = 224, .box_w = 14, .box_h = 5, .ofs_x = 0, .ofs_y = 0}, /* id = 383 */
    {.bitmap_index = 20397, .adv_w = 304, .box_w = 19, .box_h = 16, .ofs_x = 0, .ofs_y = -5}, /* id = 384 */
    {.bitmap_index = 20549, .adv_w = 320, .box_w = 20, .box_h = 16, .ofs_x = 0, .ofs_y = -5}, /* id = 385 */
    {.bitmap_index = 20709, .adv_w = 208, .box_w = 14, .box_h = 11, .ofs_x = -1, .ofs_y = 0}, /* id = 386 */
    {.bitmap_index = 20786, .adv_w = 224, .box_w = 14, .box_h = 11, .ofs_x = 0, .ofs_y = 0}, /* id = 387 */
    {.bitmap_index = 20863, .adv_w = 320, .box_w = 20, .box_h = 12, .ofs_x = 0, .ofs_y = -5}, /* id = 388 */
    {.bitmap_index = 20983, .adv_w = 320, .box_w = 21, .box_h = 12, .ofs_x = 0, .ofs_y = -5}, /* id = 389 */
    {.bitmap_index = 21109, .adv_w = 208, .box_w = 14, .box_h = 7, .ofs_x = -1, .ofs_y = 0}, /* id = 390 */
    {.bitmap_index = 21158, .adv_w = 224, .box_w = 15, .box_h = 7, .ofs_x = -1, .ofs_y = 0}, /* id = 391 */
    {.bitmap_index = 21211, .adv_w = 320, .box_w = 20, .box_h = 15, .ofs_x = 0, .ofs_y = -5}, /* id = 392 */
    {.bitmap_index = 21361, .adv_w = 320, .box_w = 21, .box_h = 15, .ofs_x = 0, .ofs_y = -5}, /* id = 393 */
    {.bitmap_index = 21519, .adv_w = 208, .box_w = 14, .box_h = 10, .ofs_x = -1, .ofs_y = 0}, /* id = 394 */
    {.bitmap_index = 21589, .adv_w = 224, .box_w = 15, .box_h = 10, .ofs_x = -1, .ofs_y = 0}, /* id = 395 */
    {.bitmap_index = 21664, .adv_w = 208, .box_w = 13, .box_h = 11, .ofs_x = 0, .ofs_y = 0}, /* id = 396 */
    {.bitmap_index = 21736, .adv_w = 208, .box_w = 13, .box_h = 11, .ofs_x = 0, .ofs_y = 0}, /* id = 397 */
    {.bitmap_index = 21808, .adv_w = 176, .box_w = 12, .box_h = 11, .ofs_x = -1, .ofs_y = 0}, /* id = 398 */
    {.bitmap_index = 21874, .adv_w = 176, .box_w = 11, .box_h = 11, .ofs_x = 0, .ofs_y = 0}, /* id = 399 */
    {.bitmap_index = 21935, .adv_w = 208, .box_w = 13, .box_h = 11, .ofs_x = 0, .ofs_y = 0}, /* id = 400 */
    {.bitmap_index = 22007, .adv_w = 208, .box_w = 13, .box_h = 11, .ofs_x = 0, .ofs_y = 0}, /* id = 401 */
    {.bitmap_index = 22079, .adv_w = 176, .box_w = 12, .box_h = 11, .ofs_x = -1, .ofs_y = 0}, /* id = 402 */
    {.bitmap_index = 22145, .adv_w = 176, .box_w = 11, .box_h = 11, .ofs_x = 0, .ofs_y = 0}, /* id = 403 */
    {.bitmap_index = 22206, .adv_w = 160, .box_w = 10, .box_h = 15, .ofs_x = 0, .ofs_y = -6}, /* id = 404 */
    {.bitmap_index = 22281, .adv_w = 160, .box_w = 10, .box_h = 14, .ofs_x = 0, .ofs_y = -6}, /* id = 405 */
    {.bitmap_index = 22351, .adv_w = 144, .box_w = 9, .box_h = 8, .ofs_x = 0, .ofs_y = 0}, /* id = 406 */
    {.bitmap_index = 22387, .adv_w = 144, .box_w = 9, .box_h = 7, .ofs_x = 0, .ofs_y = 0}, /* id = 407 */
    {.bitmap_index = 22419, .adv_w = 160, .box_w = 10, .box_h = 18, .ofs_x = 0, .ofs_y = -6}, /* id = 408 */
    {.bitmap_index = 22509, .adv_w = 160, .box_w = 10, .box_h = 17, .ofs_x = 0, .ofs_y = -6}, /* id = 409 */
    {.bitmap_index = 22594, .adv_w = 144, .box_w = 9, .box_h = 11, .ofs_x = 0, .ofs_y = 0}, /* id = 410 */
    {.bitmap_index = 22644, .adv_w = 144, .box_w = 9, .box_h = 10, .ofs_x = 0, .ofs_y = 0}, /* id = 411 */
    {.bitmap_index = 22689, .adv_w = 224, .box_w = 14, .box_h = 12, .ofs_x = 0, .ofs_y = 0}, /* id = 412 */
    {.bitmap_index = 22773, .adv_w = 240, .box_w = 16, .box_h = 10, .ofs_x = 0, .ofs_y = 0}, /* id = 413 */
    {.bitmap_index = 22853, .adv_w = 112, .box_w = 8, .box_h = 12, .ofs_x = -1, .ofs_y = 0}, /* id = 414 */
    {.bitmap_index = 22901, .adv_w = 128, .box_w = 8, .box_h = 10, .ofs_x = 0, .ofs_y = 0}, /* id = 415 */
    {.bitmap_index = 22941, .adv_w = 176, .box_w = 11, .box_h = 14, .ofs_x = 0, .ofs_y = -4}, /* id = 416 */
    {.bitmap_index = 23018, .adv_w = 176, .box_w = 11, .box_h = 15, .ofs_x = 0, .ofs_y = -5}, /* id = 417 */
    {.bitmap_index = 23101, .adv_w = 112, .box_w = 8, .box_h = 12, .ofs_x = -1, .ofs_y = 0}, /* id = 418 */
    {.bitmap_index = 23149, .adv_w = 128, .box_w = 8, .box_h = 10, .ofs_x = 0, .ofs_y = 0}, /* id = 419 */
    {.bitmap_index = 23189, .adv_w = 224, .box_w = 14, .box_h = 11, .ofs_x = 0, .ofs_y = 0}, /* id = 420 */
    {.bitmap_index = 23266, .adv_w = 240, .box_w = 15, .box_h = 11, .ofs_x = 0, .ofs_y = 0}, /* id = 421 */
    {.bitmap_index = 23349, .adv_w = 112, .box_w = 8, .box_h = 11, .ofs_x = -1, .ofs_y = 0}, /* id = 422 */
    {.bitmap_index = 23393, .adv_w = 128, .box_w = 8, .box_h = 11, .ofs_x = 0, .ofs_y = 0}, /* id = 423 */
    {.bitmap_index = 23437, .adv_w = 160, .box_w = 10, .box_h = 15, .ofs_x = 0, .ofs_y = -4}, /* id = 424 */
    {.bitmap_index = 23512, .adv_w = 176, .box_w = 11, .box_h = 16, .ofs_x = 0, .ofs_y = -5}, /* id = 425 */
    {.bitmap_index = 23600, .adv_w = 64, .box_w = 5, .box_h = 11, .ofs_x = -1, .ofs_y = 0}, /* id = 426 */
    {.bitmap_index = 23628, .adv_w = 80, .box_w = 5, .box_h = 11, .ofs_x = 0, .ofs_y = 0}, /* id = 427 */
    {.bitmap_index = 23656, .adv_w = 160, .box_w = 10, .box_h = 12, .ofs_x = 0, .ofs_y = -5}, /* id = 428 */
    {.bitmap_index = 23716, .adv_w = 160, .box_w = 11, .box_h = 12, .ofs_x = 0, .ofs_y = -5}, /* id = 429 */
    {.bitmap_index = 23782, .adv_w = 144, .box_w = 9, .box_h = 7, .ofs_x = 0, .ofs_y = 0}, /* id = 430 */
    {.bitmap_index = 23814, .adv_w = 144, .box_w = 10, .box_h = 7, .ofs_x = -1, .ofs_y = 0}, /* id = 431 */
    {.bitmap_index = 23849, .adv_w = 176, .box_w = 11, .box_h = 11, .ofs_x = 0, .ofs_y = -4}, /* id = 432 */
    {.bitmap_index = 23910, .adv_w = 192, .box_w = 12, .box_h = 12, .ofs_x = 0, .ofs_y = -5}, /* id = 433 */
    {.bitmap_index = 23982, .adv_w = 80, .box_w = 5, .box_h = 10, .ofs_x = 0, .ofs_y = 0}, /* id = 434 */
    {.bitmap_index = 24007, .adv_w = 96, .box_w = 6, .box_h = 9, .ofs_x = 0, .ofs_y = 0}, /* id = 435 */
    {.bitmap_index = 24034, .adv_w = 128, .box_w = 8, .box_h = 8, .ofs_x = 0, .ofs_y = 0}, /* id = 436 */
    {.bitmap_index = 24066, .adv_w = 128, .box_w = 9, .box_h = 8, .ofs_x = 0, .ofs_y = 0}, /* id = 437 */
    {.bitmap_index = 24102, .adv_w = 192, .box_w = 12, .box_h = 8, .ofs_x = 0, .ofs_y = 0}, /* id = 438 */
    {.bitmap_index = 24150, .adv_w = 144, .box_w = 9, .box_h = 12, .ofs_x = 0, .ofs_y = -5}, /* id = 439 */
    {.bitmap_index = 24204, .adv_w = 112, .box_w = 7, .box_h = 12, .ofs_x = 0, .ofs_y = -5}, /* id = 440 */
    {.bitmap_index = 24246, .adv_w = 112, .box_w = 8, .box_h = 12, .ofs_x = 0, .ofs_y = -5}, /* id = 441 */
    {.bitmap_index = 24294, .adv_w = 176, .box_w = 11, .box_h = 12, .ofs_x = 0, .ofs_y = -5}, /* id = 442 */
    {.bitmap_index = 24360, .adv_w = 160, .box_w = 11, .box_h = 9, .ofs_x = 0, .ofs_y = -5}, /* id = 443 */
    {.bitmap_index = 24410, .adv_w = 176, .box_w = 11, .box_h = 15, .ofs_x = 0, .ofs_y = -8}, /* id = 444 */
    {.bitmap_index = 24493, .adv_w = 160, .box_w = 11, .box_h = 12, .ofs_x = 0, .ofs_y = -8}, /* id = 445 */
    {.bitmap_index = 24559, .adv_w = 80, .box_w = 7, .box_h = 10, .ofs_x = -2, .ofs_y = -4}, /* id = 446 */
    {.bitmap_index = 24594, .adv_w = 96, .box_w = 7, .box_h = 9, .ofs_x = -1, .ofs_y = -4}, /* id = 447 */
    {.bitmap_index = 24626, .adv_w = 144, .box_w = 9, .box_h = 14, .ofs_x = 0, .ofs_y = 0}, /* id = 448 */
    {.bitmap_index = 24689, .adv_w = 160, .box_w = 11, .box_h = 14, .ofs_x = -1, .ofs_y = 0}, /* id = 449 */
    {.bitmap_index = 24766, .adv_w = 160, .box_w = 10, .box_h = 15, .ofs_x = 0, .ofs_y = 0}, /* id = 450 */
    {.bitmap_index = 24841, .adv_w = 160, .box_w = 10, .box_h = 16, .ofs_x = 0, .ofs_y = 0}, /* id = 451 */
    {.bitmap_index = 24921, .adv_w = 144, .box_w = 9, .box_h = 17, .ofs_x = 0, .ofs_y = -6}, /* id = 452 */
    {.bitmap_index = 24998, .adv_w = 160, .box_w = 10, .box_h = 17, .ofs_x = 0, .ofs_y = -6}, /* id = 453 */
    {.bitmap_index = 25083, .adv_w = 144, .box_w = 9, .box_h = 11, .ofs_x = 0, .ofs_y = 0}, /* id = 454 */
    {.bitmap_index = 25133, .adv_w = 160, .box_w = 10, .box_h = 11, .ofs_x = 0, .ofs_y = 0}, /* id = 455 */
    {.bitmap_index = 25188, .adv_w = 0, .box_w = 0, .box_h = 0, .ofs_x = 0, .ofs_y = 0}, /* id = 456 */
};

static const uint16_t unicode_list[] = {

    0, 1, 2, 3, 4, 5, 6, 7, 8, 9,
    10, 11, 12, 13, 14, 15, 16, 17, 18, 19,
    20, 21, 22, 23, 24, 25, 26, 27, 28, 29,
    30, 31, 32, 33, 34, 35, 36, 37, 38, 39,
    40, 41, 42, 43, 44, 45, 46, 47, 48, 49,
    50, 51, 52, 53, 54, 55, 56, 57, 58, 59,
    60, 61, 62, 63, 64, 65, 66, 67, 68, 69,
    70, 71, 72, 73, 74, 75, 76, 77, 78, 79,
    80, 81, 82, 83, 84, 85, 86, 87, 88, 89,
    90, 91, 92, 93, 94, 1516, 1517, 1520, 1521, 1522,
    1525, 1531, 1535, 1537, 1538, 1539, 1540, 1541, 1542, 1543,
    1544, 1545, 1546, 1547, 1548, 1549, 1550, 1551, 1552, 1553,
    1554, 1555, 1556, 1557, 1558, 1559, 1560, 1561, 1562, 1565,
    1568, 1569, 1570, 1571, 1572, 1573, 1574, 1575, 1576, 1577,
    1578, 1579, 1580, 1581, 1582, 1583, 1584, 1585, 1586, 1587,
    1588, 1589, 1590, 1591, 1592, 1594, 1595, 1600, 1601, 1602,
    1603, 1604, 1605, 1606, 1607, 1608, 1609, 1610, 1611, 1612,
    1613, 1614, 1615, 1616, 1617, 1620, 1625, 1628, 1630, 1633,
    1637, 1638, 1640, 1641, 1649, 1651, 1653, 1654, 1656, 1658,
    1664, 1665, 1668, 1673, 1674, 1675, 1676, 1677, 1679, 1685,
    1690, 1692, 1693, 1694, 1696, 1697, 1698, 1699, 1702, 1703,
    1704, 1705, 1706, 1707, 1708, 1709, 1710, 1711, 1712, 1714,
    1715, 1716, 1717, 1724, 1725, 1726, 1737, 1744, 1745, 1746,
    1747, 1748, 1749, 1750, 1751, 1752, 1753, 1858, 1859, 8172,
    8173, 8174, 8175, 64304, 64305, 64310, 64311, 64312, 64313, 64326,
    64327, 64328, 64329, 64330, 64331, 64332, 64333, 64346, 64347, 64348,
    64349, 64360, 64361, 64362, 64363, 64364, 64365, 64366, 64367, 64368,
    64369, 64370, 64371, 64372, 64373, 64382, 64383, 64389, 64391, 64392,
    64393, 64394, 64395, 64396, 64397, 64398, 64399, 64400, 64401, 64415,
    64416, 64435, 64436, 64437, 64438, 64439, 64440, 64441, 64442, 64443,
    64444, 64446, 64447, 64450, 64451, 64456, 64457, 64476, 64477, 64478,
    64479, 64798, 64799, 64978, 64988, 65104, 65105, 65106, 65107, 65108,
    65110, 65111, 65112, 65113, 65114, 65115, 65116, 65117, 65118, 65119,
    65120, 65121, 65122, 65123, 65124, 65125, 65126, 65127, 65128, 65129,
    65130, 65131, 65132, 65133, 65134, 65135, 65136, 65137, 65138, 65139,
    65140, 65141, 65142, 65143, 65144, 65145, 65146, 65147, 65148, 65149,
    65150, 65151, 65152, 65153, 65154, 65155, 65156, 65157, 65158, 65159,
    65160, 65161, 65162, 65163, 65164, 65165, 65166, 65167, 65168, 65169,
    65170, 65171, 65172, 65173, 65174, 65175, 65176, 65177, 65178, 65179,
    65180, 65181, 65182, 65183, 65184, 65185, 65186, 65187, 65188, 65189,
    65190, 65191, 65192, 65193, 65194, 65195, 65196, 65197, 65198, 65199,
    65200, 65201, 65202, 65203, 65204, 65205, 65206, 65207, 65208, 65209,
    65210, 65211, 65212, 65213, 65214, 65215, 65216, 65217, 65218, 65219,
    65220, 65221, 65222, 65223, 65224, 65225, 65226, 65227, 65228, 65229,
    65230, 65231, 65232, 65233, 65234, 65235, 65236, 65237, 65238, 65239,
    65240, 65241, 65242, 65243, 65244, 65247,
};

static const lv_font_fmt_txt_cmap_t cmaps[] = {
    {
        .range_start = 0x20,
        .range_length = 65248,
        .glyph_id_start = 1,
        .unicode_list = unicode_list,
        .glyph_id_ofs_list = NULL,
        .list_length = 456,
        .type = LV_FONT_FMT_TXT_CMAP_SPARSE_TINY
    }
};

#if LVGL_VERSION_MAJOR == 8
static lv_font_fmt_txt_glyph_cache_t cache;
#endif

static const lv_font_fmt_txt_dsc_t font_dsc = {
    .glyph_bitmap = glyph_bitmap,
    .glyph_dsc = glyph_dsc,
    .cmaps = cmaps,
    .kern_dsc = NULL,
    .kern_scale = 0,
    .cmap_num = 1,
    .bpp = 4,
    .kern_classes = 0,
    .bitmap_format = LV_FONT_FMT_TXT_PLAIN,
#if LVGL_VERSION_MAJOR == 8
    .cache = &cache
#endif
};

const lv_font_t font_persian_16 = {
    .get_glyph_dsc = lv_font_get_glyph_dsc_fmt_txt,
    .get_glyph_bitmap = lv_font_get_bitmap_fmt_txt,
    .line_height = 26,
    .base_line = 9,
    .subpx = LV_FONT_SUBPX_NONE,
    .underline_position = -2,
    .underline_thickness = 1,
    .dsc = &font_dsc,
#if LV_VERSION_CHECK(8, 2, 0) || LVGL_VERSION_MAJOR >= 9
    .fallback = NULL,
#endif
    .user_data = NULL,
};

#endif /* VAZIRMATN_16 */
