/*
 * vazirmatn_24_vertical_fixed.c
 *
 * LVGL 8.4 native font, Vazirmatn Regular, 24 px, 4 bpp.
 * Generated from Vazirmatn-Regular.ttf.
 *
 * IMPORTANT for LVGL 8.x Persian/Arabic text:
 *   LV_USE_ARABIC_PERSIAN_CHARS must be enabled in lv_conf.h.
 *
 * This font contains both base Arabic/Persian characters and the
 * contextual Arabic presentation forms used by lv_txt_ap.c.
 */

#include <stdint.h>
#include "lvgl.h"

#ifndef VAZIRMATN_24
#define VAZIRMATN_24 1
#endif

#if VAZIRMATN_24

/* Glyph count: 456, bitmap bytes: 54688 */
static LV_ATTRIBUTE_LARGE_CONST const uint8_t glyph_bitmap[] = {
    0x00, 0x3F, 0xF0, 0x00, 0x03, 0xFF, 0x00, 0x00, 0x3F, 0xF0, 0x00, 0x03,
    0xFF, 0x00, 0x00, 0x3F, 0xF0, 0x00, 0x03, 0xFF, 0x00, 0x00, 0x3F, 0xF0,
    0x00, 0x03, 0xFF, 0x00, 0x00, 0x3F, 0xF0, 0x00, 0x03, 0xFF, 0x00, 0x00,
    0x3F, 0xF0, 0x00, 0x00, 0x00, 0x00, 0x00, 0x00, 0x00, 0x00, 0x08, 0xE8,
    0x00, 0x00, 0xEF, 0xE0, 0x00, 0x08, 0xE8, 0x00, 0x00, 0xFF, 0x5F, 0xF0,
    0x00, 0xFF, 0x5F, 0xF0, 0x00, 0xFF, 0x4F, 0xE0, 0x00, 0xFF, 0x3F, 0xC0,
    0x00, 0xFD, 0x3F, 0xA0, 0x00, 0xFB, 0x3F, 0x90, 0x00, 0x00, 0x00, 0x00,
    0x00, 0x00, 0x00, 0x00, 0x00, 0x00, 0x00, 0x00, 0x00, 0x00, 0x00, 0x00,
    0x00, 0x00, 0x00, 0x00, 0x00, 0x00, 0x00, 0x00, 0x00, 0x00, 0x00, 0x00,
    0x00, 0x00, 0x00, 0x00, 0x00, 0x00, 0x00, 0x00, 0x00, 0x00, 0x00, 0x00,
    0x00, 0x00, 0x00, 0x00, 0x00, 0x00, 0x00, 0x00, 0x00, 0x00, 0x00, 0xEB,
    0x00, 0x4F, 0x60, 0x00, 0x00, 0x00, 0x1F, 0x80, 0x07, 0xF3, 0x00, 0x00,
    0x00, 0x04, 0xF5, 0x00, 0xAF, 0x00, 0x00, 0x00, 0x00, 0x7F, 0x30, 0x0C,
    0xC0, 0x00, 0x00, 0x00, 0x0A, 0xF0, 0x00, 0xFA, 0x00, 0x00, 0x0F, 0xFF,
    0xFF, 0xFF, 0xFF, 0xFF, 0xF0, 0x00, 0xAA, 0xAF, 0xDA, 0xAC, 0xFB, 0xAA,
    0x00, 0x00, 0x04, 0xF6, 0x00, 0x9F, 0x10, 0x00, 0x00, 0x00, 0x7F, 0x30,
    0x0C, 0xC0, 0x00, 0x00, 0x00, 0x0A, 0xE0, 0x01, 0xF9, 0x00, 0x00, 0x0C,
    0xCC, 0xEF, 0xCC, 0xCF, 0xDC, 0xC0, 0x00, 0xFF, 0xFF, 0xFF, 0xFF, 0xFF,
    0xFF, 0x00, 0x00, 0x03, 0xF6, 0x00, 0x9F, 0x10, 0x00, 0x00, 0x00, 0x6F,
    0x30, 0x0B, 0xD0, 0x00, 0x00, 0x00, 0x09, 0xF1, 0x00, 0xEA, 0x00, 0x00,
    0x00, 0x00, 0xCD, 0x00, 0x2F, 0x80, 0x00, 0x00, 0x00, 0x0E, 0xA0, 0x05,
    0xF5, 0x00, 0x00, 0x00, 0x00, 0x00, 0x03, 0xFF, 0x00, 0x00, 0x00, 0x00,
    0x00, 0x3F, 0xF0, 0x00, 0x00, 0x00, 0x00, 0x49, 0xFF, 0x83, 0x00, 0x00,
    0x01, 0xAF, 0xFF, 0xFF, 0xF7, 0x00, 0x00, 0x9F, 0xD4, 0x11, 0x8F, 0xF4,
    0x00, 0x0E, 0xF4, 0x00, 0x00, 0xBF, 0xA0, 0x02, 0xFF, 0x10, 0x00, 0x05,
    0xFE, 0x00, 0x2F, 0xF2, 0x00, 0x00, 0x2A, 0xA0, 0x00, 0xEF, 0xA0, 0x00,
    0x00, 0x00, 0x00, 0x07, 0xFF, 0xC5, 0x00, 0x00, 0x00, 0x00, 0x07, 0xFF,
    0xFE, 0x81, 0x00, 0x00, 0x00, 0x03, 0x9F, 0xFF, 0xE5, 0x00, 0x00, 0x00,
    0x00, 0x17, 0xEF, 0xF4, 0x00, 0x00, 0x00, 0x00, 0x01, 0xDF, 0xB0, 0x06,
    0x71, 0x00, 0x00, 0x05, 0xFE, 0x00, 0xEF, 0x40, 0x00, 0x00, 0x3F, 0xF0,
    0x0B, 0xF9, 0x00, 0x00, 0x08, 0xFD, 0x00, 0x4F, 0xF9, 0x20, 0x28, 0xFF,
    0x70, 0x00, 0x6F, 0xFF, 0xFF, 0xFF, 0xA0, 0x00, 0x00, 0x28, 0xCF, 0xFA,
    0x50, 0x00, 0x00, 0x00, 0x03, 0xFF, 0x00, 0x00, 0x00, 0x00, 0x00, 0x3F,
    0xF0, 0x00, 0x00, 0x00, 0x6D, 0xFD, 0x70, 0x00, 0x00, 0x00, 0x00, 0x00,
    0x06, 0xFF, 0xDF, 0xF8, 0x00, 0x00, 0x00, 0x00, 0x00, 0x0D, 0xF7, 0x05,
    0xFF, 0x10, 0x03, 0x80, 0x00, 0x00, 0x0F, 0xF3, 0x00, 0xFF, 0x20, 0x0C,
    0xC0, 0x00, 0x00, 0x0F, 0xF3, 0x01, 0xFF, 0x20, 0x7F, 0x30, 0x00, 0x00,
    0x0C, 0xF9, 0x17, 0xFE, 0x02, 0xF7, 0x00, 0x00, 0x00, 0x04, 0xFF, 0xFF,
    0xF6, 0x0C, 0xC0, 0x00, 0x00, 0x00, 0x00, 0x39, 0xCA, 0x40, 0x7E, 0x20,
    0x00, 0x00, 0x00, 0x00, 0x00, 0x00, 0x02, 0xE7, 0x00, 0x00, 0x00, 0x00,
    0x00, 0x00, 0x00, 0x0B, 0xB0, 0x6D, 0xFD, 0x60, 0x00, 0x00, 0x00, 0x00,
    0x6E, 0x26, 0xFF, 0xDF, 0xF6, 0x00, 0x00, 0x00, 0x02, 0xE6, 0x0C, 0xF7,
    0x07, 0xFC, 0x00, 0x00, 0x00, 0x0B, 0xB0, 0x0F, 0xF3, 0x03, 0xFF, 0x00,
    0x00, 0x00, 0x5E, 0x20, 0x0F, 0xF3, 0x03, 0xFF, 0x00, 0x00, 0x00, 0xA5,
    0x00, 0x0D, 0xF7, 0x07, 0xFC, 0x00, 0x00, 0x00, 0x00, 0x00, 0x06, 0xFF,
    0xDF, 0xF6, 0x00, 0x00, 0x00, 0x00, 0x00, 0x00, 0x6D, 0xFD, 0x60, 0x00,
    0x00, 0x02, 0xAD, 0xFE, 0xA3, 0x00, 0x00, 0x00, 0x03, 0xEF, 0xED, 0xEF,
    0xF4, 0x00, 0x00, 0x00, 0xBF, 0xB1, 0x01, 0xAF, 0xC0, 0x00, 0x00, 0x0E,
    0xF4, 0x00, 0x03, 0xFE, 0x00, 0x00, 0x00, 0xEF, 0x40, 0x00, 0x7F, 0xC0,
    0x00, 0x00, 0x09, 0xFC, 0x00, 0x7F, 0xF4, 0x00, 0x00, 0x00, 0x1E, 0xFA,
    0xDF, 0xD4, 0x00, 0x00, 0x00, 0x00, 0x4F, 0xFF, 0x91, 0x00, 0x00, 0x00,
    0x00, 0x2D, 0xFF, 0xF9, 0x00, 0x00, 0x00, 0x00, 0x1D, 0xFA, 0x6F, 0xF8,
    0x00, 0x3F, 0xE0, 0x09, 0xFC, 0x00, 0x6F, 0xF7, 0x05, 0xFD, 0x00, 0xDF,
    0x50, 0x00, 0x7F, 0xF6, 0x9F, 0x90, 0x0E, 0xF3, 0x00, 0x00, 0x7F, 0xFE,
    0xF4, 0x00, 0xCF, 0x80, 0x00, 0x00, 0x8F, 0xFA, 0x00, 0x06, 0xFF, 0x60,
    0x00, 0x3C, 0xFF, 0xD1, 0x00, 0x09, 0xFF, 0xEC, 0xEF, 0xFD, 0xCF, 0xB0,
    0x00, 0x04, 0xAD, 0xFE, 0xB6, 0x12, 0xFF, 0x90, 0x0F, 0xF3, 0x0F, 0xF3,
    0x0F, 0xF3, 0x0F, 0xF3, 0x0F, 0xF3, 0x0F, 0xF3, 0x00, 0x00, 0x00, 0x00,
    0x00, 0x00, 0x00, 0x00, 0x00, 0x00, 0x00, 0x00, 0x00, 0x00, 0x00, 0x00,
    0x00, 0x00, 0x00, 0x00, 0x00, 0x00, 0x00, 0x00, 0x00, 0x00, 0x00, 0x02,
    0x00, 0x00, 0x00, 0x06, 0xF1, 0x00, 0x00, 0x07, 0xFB, 0x10, 0x00, 0x04,
    0xFD, 0x10, 0x00, 0x00, 0xDF, 0x40, 0x00, 0x00, 0x6F, 0xB0, 0x00, 0x00,
    0x0C, 0xF4, 0x00, 0x00, 0x02, 0xFE, 0x00, 0x00, 0x00, 0x7F, 0xB0, 0x00,
    0x00, 0x0A, 0xF8, 0x00, 0x00, 0x00, 0xCF, 0x50, 0x00, 0x00, 0x0E, 0xF4,
    0x00, 0x00, 0x00, 0xFF, 0x30, 0x00, 0x00, 0x0F, 0xF3, 0x00, 0x00, 0x00,
    0xEF, 0x40, 0x00, 0x00, 0x0C, 0xF5, 0x00, 0x00, 0x00, 0xAF, 0x70, 0x00,
    0x00, 0x07, 0xFA, 0x00, 0x00, 0x00, 0x3F, 0xE0, 0x00, 0x00, 0x00, 0xCF,
    0x40, 0x00, 0x00, 0x06, 0xFA, 0x00, 0x00, 0x00, 0x0D, 0xF3, 0x00, 0x00,
    0x00, 0x4F, 0xC0, 0x00, 0x00, 0x00, 0x8F, 0xB0, 0x00, 0x00, 0x00, 0x8F,
    0x20, 0x00, 0x00, 0x00, 0x30, 0x02, 0x00, 0x00, 0x00, 0x0E, 0x90, 0x00,
    0x00, 0x0A, 0xF9, 0x00, 0x00, 0x00, 0xBF, 0x60, 0x00, 0x00, 0x2E, 0xE1,
    0x00, 0x00, 0x08, 0xF8, 0x00, 0x00, 0x02, 0xFE, 0x00, 0x00, 0x00, 0xCF,
    0x50, 0x00, 0x00, 0x8F, 0x90, 0x00, 0x00, 0x5F, 0xC0, 0x00, 0x00, 0x3F,
    0xF0, 0x00, 0x00, 0x1F, 0xF1, 0x00, 0x00, 0x0F, 0xF2, 0x00, 0x00, 0x0F,
    0xF2, 0x00, 0x00, 0x1F, 0xF1, 0x00, 0x00, 0x2F, 0xF0, 0x00, 0x00, 0x5F,
    0xC0, 0x00, 0x00, 0x8F, 0x90, 0x00, 0x00, 0xCF, 0x50, 0x00, 0x02, 0xFE,
    0x10, 0x00, 0x08, 0xF9, 0x00, 0x00, 0x1E, 0xE2, 0x00, 0x00, 0xAF, 0x70,
    0x00, 0x09, 0xFA, 0x00, 0x00, 0x0E, 0xA0, 0x00, 0x00, 0x03, 0x00, 0x00,
    0x00, 0x00, 0x00, 0x0F, 0xF3, 0x00, 0x00, 0x00, 0x00, 0x0F, 0xF3, 0x00,
    0x00, 0x01, 0x00, 0x0F, 0xF3, 0x00, 0x10, 0x0B, 0xD8, 0x2F, 0xF3, 0x6B,
    0xC0, 0x0A, 0xEF, 0xFF, 0xFF, 0xFF, 0xC1, 0x00, 0x04, 0xCF, 0xFD, 0x62,
    0x00, 0x00, 0x03, 0xFE, 0xEE, 0x30, 0x00, 0x00, 0x1D, 0xF5, 0x6F, 0xC0,
    0x00, 0x00, 0x9F, 0x90, 0x0A, 0xF8, 0x00, 0x00, 0x2A, 0x10, 0x01, 0xB3,
    0x00, 0x00, 0x00, 0x00, 0x00, 0x00, 0x00, 0x00, 0x00, 0x00, 0x00, 0x00,
    0x00, 0x00, 0x00, 0x00, 0x00, 0x00, 0x00, 0x00, 0x00, 0x00, 0x00, 0x00,
    0x00, 0x00, 0x00, 0x00, 0x00, 0x00, 0x00, 0x00, 0x00, 0x00, 0x00, 0x00,
    0x00, 0x00, 0x00, 0x00, 0x00, 0x00, 0x00, 0x00, 0x00, 0x03, 0xFF, 0x00,
    0x00, 0x00, 0x00, 0x00, 0x3F, 0xF0, 0x00, 0x00, 0x00, 0x00, 0x03, 0xFF,
    0x00, 0x00, 0x00, 0x00, 0x00, 0x3F, 0xF0, 0x00, 0x00, 0x00, 0xFF, 0xFF,
    0xFF, 0xFF, 0xFF, 0x00, 0x0C, 0xCC, 0xCF, 0xFC, 0xCC, 0xC0, 0x00, 0x00,
    0x03, 0xFF, 0x00, 0x00, 0x00, 0x00, 0x00, 0x3F, 0xF0, 0x00, 0x00, 0x00,
    0x00, 0x03, 0xFF, 0x00, 0x00, 0x00, 0x00, 0x00, 0x3F, 0xF0, 0x00, 0x00,
    0x00, 0x00, 0x00, 0x00, 0x00, 0x00, 0x00, 0x00, 0xFF, 0x30, 0x00, 0xFF,
    0x20, 0x01, 0xFF, 0x10, 0x05, 0xFC, 0x00, 0x0C, 0xF5, 0x00, 0x09, 0x90,
    0x00, 0x00, 0x00, 0x00, 0x00, 0xCC, 0xCC, 0xCC, 0xCC, 0x00, 0x0F, 0xFF,
    0xFF, 0xFF, 0xF0, 0x00, 0x00, 0x00, 0x00, 0x00, 0x00, 0x00, 0x00, 0x00,
    0x00, 0x00, 0x00, 0x00, 0x00, 0x00, 0x00, 0x00, 0x00, 0x00, 0x00, 0x00,
    0x00, 0x00, 0x00, 0x00, 0x00, 0x00, 0x00, 0x00, 0x8E, 0x80, 0x00, 0x0E,
    0xFE, 0x00, 0x00, 0x8E, 0x80, 0x00, 0x00, 0x00, 0x00, 0x0D, 0xE1, 0x00,
    0x00, 0x00, 0x4F, 0x90, 0x00, 0x00, 0x00, 0x9F, 0x30, 0x00, 0x00, 0x01,
    0xED, 0x00, 0x00, 0x00, 0x06, 0xF7, 0x00, 0x00, 0x00, 0x0C, 0xF1, 0x00,
    0x00, 0x00, 0x2F, 0xA0, 0x00, 0x00, 0x00, 0x8F, 0x50, 0x00, 0x00, 0x00,
    0xEE, 0x00, 0x00, 0x00, 0x05, 0xF8, 0x00, 0x00, 0x00, 0x0B, 0xF2, 0x00,
    0x00, 0x00, 0x1F, 0xC0, 0x00, 0x00, 0x00, 0x7F, 0x60, 0x00, 0x00, 0x00,
    0xDE, 0x10, 0x00, 0x00, 0x04, 0xF9, 0x00, 0x00, 0x00, 0x09, 0xF3, 0x00,
    0x00, 0x00, 0x1E, 0xD0, 0x00, 0x00, 0x00, 0x6F, 0x70, 0x00, 0x00, 0x00,
    0x58, 0x10, 0x00, 0x00, 0x00, 0x00, 0x03, 0xAD, 0xFD, 0xA3, 0x00, 0x00,
    0x06, 0xFF, 0xEC, 0xEF, 0xF6, 0x00, 0x02, 0xEF, 0x80, 0x00, 0x8F, 0xE2,
    0x00, 0x8F, 0xB0, 0x00, 0x00, 0xBF, 0x80, 0x0C, 0xF6, 0x00, 0x00, 0x06,
    0xFC, 0x00, 0xEF, 0x40, 0x00, 0x00, 0x4F, 0xE0, 0x0F, 0xF3, 0x00, 0x00,
    0x03, 0xFF, 0x00, 0xFF, 0x30, 0x00, 0x00, 0x3F, 0xF0, 0x0F, 0xF3, 0x00,
    0x00, 0x03, 0xFF, 0x00, 0xFF, 0x30, 0x00, 0x00, 0x3F, 0xF0, 0x0F, 0xF3,
    0x00, 0x00, 0x03, 0xFF, 0x00, 0xEF, 0x40, 0x00, 0x00, 0x4F, 0xE0, 0x0B,
    0xF6, 0x00, 0x00, 0x06, 0xFB, 0x00, 0x7F, 0xC0, 0x00, 0x00, 0xBF, 0x70,
    0x01, 0xEF, 0x80, 0x00, 0x8F, 0xE1, 0x00, 0x05, 0xFF, 0xEC, 0xEF, 0xF5,
    0x00, 0x00, 0x03, 0xAD, 0xFD, 0xA3, 0x00, 0x00, 0x00, 0x00, 0x02, 0x8D,
    0x30, 0x00, 0x00, 0x01, 0x6C, 0xFF, 0xF3, 0x00, 0x00, 0x06, 0xFF, 0xFD,
    0xFF, 0x30, 0x00, 0x00, 0x8E, 0x93, 0x0F, 0xF3, 0x00, 0x00, 0x01, 0x00,
    0x00, 0xFF, 0x30, 0x00, 0x00, 0x00, 0x00, 0x0F, 0xF3, 0x00, 0x00, 0x00,
    0x00, 0x00, 0xFF, 0x30, 0x00, 0x00, 0x00, 0x00, 0x0F, 0xF3, 0x00, 0x00,
    0x00, 0x00, 0x00, 0xFF, 0x30, 0x00, 0x00, 0x00, 0x00, 0x0F, 0xF3, 0x00,
    0x00, 0x00, 0x00, 0x00, 0xFF, 0x30, 0x00, 0x00, 0x00, 0x00, 0x0F, 0xF3,
    0x00, 0x00, 0x00, 0x00, 0x00, 0xFF, 0x30, 0x00, 0x00, 0x00, 0x00, 0x0F,
    0xF3, 0x00, 0x00, 0x00, 0x00, 0x00, 0xFF, 0x30, 0x00, 0x00, 0x00, 0x00,
    0x0F, 0xF3, 0x00, 0x00, 0x00, 0x00, 0x00, 0xFF, 0x30, 0x00, 0x00, 0x00,
    0x03, 0xAD, 0xFE, 0xC7, 0x00, 0x00, 0x07, 0xFF, 0xFD, 0xEF, 0xFC, 0x10,
    0x04, 0xFF, 0x70, 0x00, 0x5E, 0xF8, 0x00, 0xBF, 0x90, 0x00, 0x00, 0x7F,
    0xD0, 0x0E, 0xF4, 0x00, 0x00, 0x03, 0xFF, 0x00, 0x33, 0x00, 0x00, 0x00,
    0x5F, 0xC0, 0x00, 0x00, 0x00, 0x00, 0x0A, 0xF7, 0x00, 0x00, 0x00, 0x00,
    0x05, 0xFE, 0x10, 0x00, 0x00, 0x00, 0x04, 0xFF, 0x40, 0x00, 0x00, 0x00,
    0x03, 0xEF, 0x70, 0x00, 0x00, 0x00, 0x03, 0xEF, 0x80, 0x00, 0x00, 0x00,
    0x03, 0xEF, 0x80, 0x00, 0x00, 0x00, 0x03, 0xEF, 0x90, 0x00, 0x00, 0x00,
    0x03, 0xEF, 0x90, 0x00, 0x00, 0x00, 0x03, 0xEF, 0xA0, 0x00, 0x00, 0x00,
    0x00, 0xEF, 0xFC, 0xCC, 0xCC, 0xCC, 0xC0, 0x0F, 0xFF, 0xFF, 0xFF, 0xFF,
    0xFF, 0x00, 0x00, 0x06, 0xBE, 0xFD, 0x91, 0x00, 0x00, 0x0B, 0xFF, 0xDD,
    0xFF, 0xE2, 0x00, 0x07, 0xFE, 0x40, 0x01, 0xBF, 0xB0, 0x00, 0xDF, 0x60,
    0x00, 0x03, 0xFF, 0x10, 0x07, 0x71, 0x00, 0x00, 0x1F, 0xF2, 0x00, 0x00,
    0x00, 0x00, 0x03, 0xFE, 0x00, 0x00, 0x00, 0x00, 0x03, 0xDF, 0x70, 0x00,
    0x00, 0x09, 0xCD, 0xFE, 0x70, 0x00, 0x00, 0x00, 0xBF, 0xFF, 0xE9, 0x10,
    0x00, 0x00, 0x00, 0x01, 0x3A, 0xFD, 0x20, 0x00, 0x00, 0x00, 0x00, 0x09,
    0xFA, 0x00, 0x00, 0x00, 0x00, 0x00, 0x4F, 0xE0, 0x0A, 0xB3, 0x00, 0x00,
    0x04, 0xFE, 0x00, 0xCF, 0x70, 0x00, 0x00, 0x7F, 0xC0, 0x06, 0xFE, 0x50,
    0x00, 0x5E, 0xF5, 0x00, 0x09, 0xFF, 0xEC, 0xEF, 0xF9, 0x00, 0x00, 0x04,
    0xAE, 0xFE, 0xA4, 0x00, 0x00, 0x00, 0x00, 0x00, 0x00, 0xAF, 0xF0, 0x00,
    0x00, 0x00, 0x00, 0x4F, 0xFF, 0x00, 0x00, 0x00, 0x00, 0x1D, 0xFF, 0xF0,
    0x00, 0x00, 0x00, 0x09, 0xFA, 0xFF, 0x00, 0x00, 0x00, 0x04, 0xFC, 0x3F,
    0xF0, 0x00, 0x00, 0x01, 0xDF, 0x33, 0xFF, 0x00, 0x00, 0x00, 0x9F, 0x80,
    0x3F, 0xF0, 0x00, 0x00, 0x4F, 0xD0, 0x03, 0xFF, 0x00, 0x00, 0x1D, 0xF4,
    0x00, 0x3F, 0xF0, 0x00, 0x08, 0xF9, 0x00, 0x03, 0xFF, 0x00, 0x03, 0xFD,
    0x10, 0x00, 0x3F, 0xF0, 0x00, 0xCF, 0xEC, 0xCC, 0xCC, 0xFF, 0xCC, 0x0F,
    0xFF, 0xFF, 0xFF, 0xFF, 0xFF, 0xF0, 0x00, 0x00, 0x00, 0x03, 0xFF, 0x00,
    0x00, 0x00, 0x00, 0x00, 0x3F, 0xF0, 0x00, 0x00, 0x00, 0x00, 0x03, 0xFF,
    0x00, 0x00, 0x00, 0x00, 0x00, 0x3F, 0xF0, 0x00, 0x00, 0x2F, 0xFF, 0xFF,
    0xFF, 0xFA, 0x00, 0x04, 0xFE, 0xCC, 0xCC, 0xCC, 0x80, 0x00, 0x5F, 0xA0,
    0x00, 0x00, 0x00, 0x00, 0x07, 0xF9, 0x00, 0x00, 0x00, 0x00, 0x00, 0x8F,
    0x70, 0x00, 0x00, 0x00, 0x00, 0x0A, 0xF6, 0x00, 0x00, 0x00, 0x00, 0x00,
    0xBF, 0x9B, 0xEE, 0xC7, 0x00, 0x00, 0x0D, 0xFF, 0xEC, 0xEF, 0xFB, 0x00,
    0x00, 0x8C, 0x60, 0x00, 0x5F, 0xF7, 0x00, 0x00, 0x00, 0x00, 0x00, 0x8F,
    0xD0, 0x00, 0x00, 0x00, 0x00, 0x02, 0xFF, 0x10, 0x00, 0x00, 0x00, 0x00,
    0x1F, 0xF2, 0x05, 0xA6, 0x00, 0x00, 0x02, 0xFF, 0x10, 0x5F, 0xD0, 0x00,
    0x00, 0x7F, 0xD0, 0x00, 0xDF, 0x91, 0x00, 0x5E, 0xF7, 0x00, 0x03, 0xEF,
    0xFD, 0xEF, 0xFA, 0x00, 0x00, 0x02, 0x9D, 0xFE, 0xC6, 0x00, 0x00, 0x00,
    0x00, 0x00, 0x49, 0xDE, 0x80, 0x00, 0x00, 0x01, 0xBF, 0xFF, 0xD7, 0x00,
    0x00, 0x01, 0xCF, 0xC4, 0x00, 0x00, 0x00, 0x00, 0x9F, 0xA0, 0x00, 0x00,
    0x00, 0x00, 0x2F, 0xD0, 0x00, 0x00, 0x00, 0x00, 0x07, 0xF7, 0x39, 0xBB,
    0x82, 0x00, 0x00, 0xBF, 0xBF, 0xFF, 0xFF, 0xF4, 0x00, 0x0D, 0xFF, 0xB3,
    0x12, 0xBF, 0xE1, 0x00, 0xEF, 0xB0, 0x00, 0x00, 0xCF, 0x80, 0x0F, 0xF3,
    0x00, 0x00, 0x06, 0xFC, 0x00, 0xFF, 0x30, 0x00, 0x00, 0x3F, 0xE0, 0x0E,
    0xF4, 0x00, 0x00, 0x03, 0xFE, 0x00, 0xBF, 0x80, 0x00, 0x00, 0x6F, 0xD0,
    0x06, 0xFE, 0x10, 0x00, 0x0B, 0xF8, 0x00, 0x1D, 0xFB, 0x10, 0x07, 0xFE,
    0x20, 0x00, 0x3E, 0xFF, 0xDE, 0xFF, 0x50, 0x00, 0x00, 0x19, 0xDF, 0xDA,
    0x30, 0x00, 0x0F, 0xFF, 0xFF, 0xFF, 0xFF, 0xFF, 0xF0, 0xCC, 0xCC, 0xCC,
    0xCC, 0xCD, 0xFD, 0x00, 0x00, 0x00, 0x00, 0x00, 0xBF, 0x60, 0x00, 0x00,
    0x00, 0x00, 0x3F, 0xE0, 0x00, 0x00, 0x00, 0x00, 0x0B, 0xF7, 0x00, 0x00,
    0x00, 0x00, 0x03, 0xFE, 0x10, 0x00, 0x00, 0x00, 0x00, 0xAF, 0x80, 0x00,
    0x00, 0x00, 0x00, 0x2F, 0xF2, 0x00, 0x00, 0x00, 0x00, 0x09, 0xF9, 0x00,
    0x00, 0x00, 0x00, 0x02, 0xFF, 0x20, 0x00, 0x00, 0x00, 0x00, 0x9F, 0xA0,
    0x00, 0x00, 0x00, 0x00, 0x2F, 0xF3, 0x00, 0x00, 0x00, 0x00, 0x08, 0xFB,
    0x00, 0x00, 0x00, 0x00, 0x01, 0xEF, 0x40, 0x00, 0x00, 0x00, 0x00, 0x8F,
    0xC0, 0x00, 0x00, 0x00, 0x00, 0x1E, 0xF5, 0x00, 0x00, 0x00, 0x00, 0x07,
    0xFD, 0x00, 0x00, 0x00, 0x00, 0x00, 0x17, 0xCE, 0xED, 0x81, 0x00, 0x00,
    0x1C, 0xFF, 0xDD, 0xFF, 0xE2, 0x00, 0x09, 0xFD, 0x30, 0x02, 0xCF, 0xB0,
    0x00, 0xDF, 0x60, 0x00, 0x03, 0xFF, 0x10, 0x0E, 0xF3, 0x00, 0x00, 0x1F,
    0xF2, 0x00, 0xCF, 0x70, 0x00, 0x04, 0xFE, 0x00, 0x04, 0xFE, 0x61, 0x15,
    0xEF, 0x60, 0x00, 0x04, 0xDF, 0xFF, 0xFE, 0x50, 0x00, 0x00, 0x6F, 0xFE,
    0xDE, 0xFA, 0x20, 0x00, 0x4F, 0xF7, 0x00, 0x07, 0xFD, 0x10, 0x0B, 0xF9,
    0x00, 0x00, 0x09, 0xF9, 0x00, 0xEF, 0x40, 0x00, 0x00, 0x4F, 0xD0, 0x0E,
    0xF4, 0x00, 0x00, 0x04, 0xFE, 0x00, 0xCF, 0x80, 0x00, 0x00, 0x8F, 0xC0,
    0x06, 0xFF, 0x50, 0x00, 0x5F, 0xF6, 0x00, 0x09, 0xFF, 0xED, 0xEF, 0xF9,
    0x00, 0x00, 0x05, 0xAE, 0xFE, 0xA4, 0x00, 0x00, 0x00, 0x03, 0xAD, 0xFD,
    0x92, 0x00, 0x00, 0x06, 0xFF, 0xEC, 0xEF, 0xE3, 0x00, 0x03, 0xFF, 0x70,
    0x01, 0xAF, 0xD0, 0x00, 0xAF, 0xA0, 0x00, 0x00, 0xCF, 0x60, 0x0D, 0xF5,
    0x00, 0x00, 0x06, 0xFB, 0x00, 0xFF, 0x30, 0x00, 0x00, 0x4F, 0xE0, 0x0E,
    0xF5, 0x00, 0x00, 0x03, 0xFF, 0x00, 0xAF, 0xA0, 0x00, 0x00, 0x7F, 0xF0,
    0x04, 0xFF, 0x70, 0x01, 0x7F, 0xFE, 0x00, 0x08, 0xFF, 0xED, 0xEF, 0xAF,
    0xD0, 0x00, 0x05, 0xCE, 0xEB, 0x44, 0xFB, 0x00, 0x00, 0x00, 0x00, 0x00,
    0x8F, 0x80, 0x00, 0x00, 0x00, 0x00, 0x0D, 0xF3, 0x00, 0x00, 0x00, 0x00,
    0x09, 0xFC, 0x00, 0x00, 0x00, 0x00, 0x3B, 0xFE, 0x20, 0x00, 0x00, 0x7D,
    0xEF, 0xFD, 0x30, 0x00, 0x00, 0x08, 0xED, 0xA5, 0x00, 0x00, 0x00, 0x00,
    0x8E, 0x80, 0x00, 0x0E, 0xFE, 0x00, 0x00, 0x8E, 0x80, 0x00, 0x00, 0x00,
    0x00, 0x00, 0x00, 0x00, 0x00, 0x00, 0x00, 0x00, 0x00, 0x00, 0x00, 0x00,
    0x08, 0xE8, 0x00, 0x00, 0xEF, 0xE0, 0x00, 0x08, 0xE8, 0x00, 0x08, 0xE8,
    0x00, 0xEF, 0xE0, 0x08, 0xE8, 0x00, 0x00, 0x00, 0x00, 0x00, 0x00, 0x00,
    0x00, 0x00, 0x00, 0x00, 0x00, 0x00, 0x00, 0x00, 0x00, 0x00, 0x00, 0x00,
    0x00, 0x00, 0xFF, 0x30, 0x0F, 0xF2, 0x01, 0xFF, 0x10, 0x3F, 0xC0, 0x09,
    0xF5, 0x00, 0x79, 0x00, 0x00, 0x00, 0x00, 0x00, 0x00, 0x00, 0x00, 0x17,
    0x60, 0x00, 0x00, 0x00, 0x18, 0xEF, 0x80, 0x00, 0x00, 0x29, 0xFF, 0xFC,
    0x30, 0x00, 0x3A, 0xFF, 0xE9, 0x30, 0x00, 0x0B, 0xFF, 0xD7, 0x10, 0x00,
    0x00, 0x0F, 0xFC, 0x20, 0x00, 0x00, 0x00, 0x07, 0xDF, 0xFA, 0x40, 0x00,
    0x00, 0x00, 0x06, 0xDF, 0xFD, 0x71, 0x00, 0x00, 0x00, 0x05, 0xCF, 0xFE,
    0x50, 0x00, 0x00, 0x00, 0x04, 0xBF, 0x80, 0x00, 0x00, 0x00, 0x00, 0x03,
    0x40, 0x00, 0x00, 0x00, 0x00, 0x00, 0x00, 0x00, 0x00, 0x00, 0x00, 0x00,
    0x00, 0x00, 0xFF, 0xFF, 0xFF, 0xFF, 0xFF, 0x00, 0x0C, 0xCC, 0xCC, 0xCC,
    0xCC, 0xC0, 0x00, 0x00, 0x00, 0x00, 0x00, 0x00, 0x00, 0x00, 0x00, 0x00,
    0x00, 0x00, 0x00, 0x00, 0xCC, 0xCC, 0xCC, 0xCC, 0xCC, 0x00, 0x0F, 0xFF,
    0xFF, 0xFF, 0xFF, 0xF0, 0x00, 0x00, 0x00, 0x00, 0x00, 0x00, 0x00, 0x00,
    0x00, 0x00, 0x00, 0x00, 0x00, 0x00, 0x00, 0x00, 0x00, 0x00, 0x00, 0x00,
    0x00, 0xB4, 0x00, 0x00, 0x00, 0x00, 0x00, 0x0F, 0xFD, 0x61, 0x00, 0x00,
    0x00, 0x00, 0x7D, 0xFF, 0xE8, 0x10, 0x00, 0x00, 0x00, 0x04, 0xAF, 0xFF,
    0x93, 0x00, 0x00, 0x00, 0x00, 0x17, 0xDF, 0xFB, 0x00, 0x00, 0x00, 0x00,
    0x03, 0xCF, 0xF0, 0x00, 0x00, 0x01, 0x6C, 0xFF, 0xD6, 0x00, 0x00, 0x39,
    0xEF, 0xFC, 0x50, 0x00, 0x00, 0xCF, 0xFF, 0xA3, 0x00, 0x00, 0x00, 0x0F,
    0xE8, 0x20, 0x00, 0x00, 0x00, 0x00, 0x71, 0x00, 0x00, 0x00, 0x00, 0x00,
    0x00, 0x00, 0x00, 0x00, 0x00, 0x00, 0x00, 0x00, 0x00, 0x00, 0x00, 0x00,
    0x00, 0x00, 0x19, 0xDF, 0xEB, 0x30, 0x00, 0x2E, 0xFF, 0xDE, 0xFF, 0x40,
    0x0A, 0xFB, 0x10, 0x0A, 0xFD, 0x00, 0xEF, 0x40, 0x00, 0x2F, 0xF2, 0x00,
    0x00, 0x00, 0x00, 0xFF, 0x20, 0x00, 0x00, 0x00, 0x4F, 0xE0, 0x00, 0x00,
    0x00, 0x2D, 0xF7, 0x00, 0x00, 0x00, 0x2D, 0xFB, 0x00, 0x00, 0x00, 0x1D,
    0xFB, 0x10, 0x00, 0x00, 0x08, 0xFC, 0x10, 0x00, 0x00, 0x00, 0xDF, 0x60,
    0x00, 0x00, 0x00, 0x0C, 0xC3, 0x00, 0x00, 0x00, 0x00, 0x00, 0x00, 0x00,
    0x00, 0x00, 0x00, 0x00, 0x00, 0x00, 0x00, 0x00, 0x8A, 0x00, 0x00, 0x00,
    0x00, 0x0F, 0xF2, 0x00, 0x00, 0x00, 0x00, 0xAD, 0x00, 0x00, 0x00, 0x00,
    0x00, 0x00, 0x16, 0xAD, 0xEE, 0xDA, 0x50, 0x00, 0x00, 0x00, 0x00, 0x00,
    0x05, 0xDF, 0xFE, 0xDC, 0xEF, 0xFD, 0x30, 0x00, 0x00, 0x00, 0x00, 0x8F,
    0xFA, 0x40, 0x00, 0x01, 0x5D, 0xF4, 0x00, 0x00, 0x00, 0x07, 0xFF, 0x60,
    0x00, 0x00, 0x00, 0x00, 0x9E, 0x20, 0x00, 0x00, 0x3F, 0xF5, 0x00, 0x00,
    0x00, 0x00, 0x00, 0x0B, 0xA0, 0x00, 0x00, 0xBF, 0xA0, 0x00, 0x05, 0xCE,
    0xD8, 0x00, 0x03, 0xF2, 0x00, 0x02, 0xFF, 0x20, 0x00, 0x6F, 0xFD, 0xEF,
    0xB0, 0x00, 0xC6, 0x00, 0x07, 0xFB, 0x00, 0x03, 0xFD, 0x30, 0x0E, 0xC0,
    0x00, 0x8A, 0x00, 0x0B, 0xF7, 0x00, 0x0B, 0xF4, 0x00, 0x0F, 0xA0, 0x00,
    0x5C, 0x00, 0x0D, 0xF4, 0x00, 0x1F, 0xC0, 0x00, 0x2F, 0x90, 0x00, 0x4E,
    0x00, 0x0E, 0xF3, 0x00, 0x5F, 0x80, 0x00, 0x3F, 0x70, 0x00, 0x3F, 0x00,
    0x0F, 0xF3, 0x00, 0x7F, 0x50, 0x00, 0x4F, 0x60, 0x00, 0x4E, 0x00, 0x0E,
    0xF4, 0x00, 0x9F, 0x50, 0x00, 0x6F, 0x40, 0x00, 0x6C, 0x00, 0x0D, 0xF5,
    0x00, 0x8F, 0x60, 0x00, 0xBF, 0x40, 0x00, 0xC8, 0x00, 0x0A, 0xF9, 0x00,
    0x5F, 0xC1, 0x07, 0xFF, 0x90, 0x08, 0xF2, 0x00, 0x06, 0xFD, 0x00, 0x1E,
    0xFE, 0xDF, 0x5E, 0xFD, 0xEF, 0x80, 0x00, 0x02, 0xFF, 0x40, 0x03, 0xCF,
    0xC4, 0x04, 0xCF, 0xD6, 0x00, 0x00, 0x00, 0xAF, 0xD0, 0x00, 0x00, 0x00,
    0x00, 0x00, 0x00, 0x00, 0x00, 0x00, 0x2E, 0xFB, 0x10, 0x00, 0x00, 0x00,
    0x00, 0x00, 0x00, 0x00, 0x00, 0x04, 0xEF, 0xD6, 0x10, 0x00, 0x04, 0x40,
    0x00, 0x00, 0x00, 0x00, 0x00, 0x3C, 0xFF, 0xFD, 0xCD, 0xFF, 0xA0, 0x00,
    0x00, 0x00, 0x00, 0x00, 0x00, 0x49, 0xDE, 0xFE, 0xB6, 0x00, 0x00, 0x00,
    0x00, 0x00, 0x00, 0x00, 0x5F, 0xE1, 0x00, 0x00, 0x00, 0x00, 0x00, 0x00,
    0xBF, 0xF6, 0x00, 0x00, 0x00, 0x00, 0x00, 0x02, 0xFF, 0xFC, 0x00, 0x00,
    0x00, 0x00, 0x00, 0x07, 0xF9, 0xEF, 0x30, 0x00, 0x00, 0x00, 0x00, 0x0D,
    0xF4, 0x9F, 0x80, 0x00, 0x00, 0x00, 0x00, 0x4F, 0xD0, 0x3F, 0xE0, 0x00,
    0x00, 0x00, 0x00, 0xAF, 0x80, 0x0D, 0xF5, 0x00, 0x00, 0x00, 0x01, 0xEF,
    0x30, 0x08, 0xFB, 0x00, 0x00, 0x00, 0x06, 0xFD, 0x00, 0x02, 0xFF, 0x20,
    0x00, 0x00, 0x0C, 0xF7, 0x00, 0x00, 0xCF, 0x70, 0x00, 0x00, 0x3F, 0xF2,
    0x00, 0x00, 0x7F, 0xD0, 0x00, 0x00, 0x8F, 0xFF, 0xFF, 0xFF, 0xFF, 0xF4,
    0x00, 0x00, 0xEF, 0xED, 0xDD, 0xDD, 0xDE, 0xF9, 0x00, 0x05, 0xFE, 0x10,
    0x00, 0x00, 0x05, 0xFE, 0x10, 0x0B, 0xF9, 0x00, 0x00, 0x00, 0x00, 0xEF,
    0x60, 0x1F, 0xF4, 0x00, 0x00, 0x00, 0x00, 0x8F, 0xC0, 0x7F, 0xD0, 0x00,
    0x00, 0x00, 0x00, 0x2F, 0xF2, 0x00, 0xFF, 0xFF, 0xFF, 0xEC, 0x81, 0x00,
    0x00, 0x0F, 0xFC, 0xCC, 0xCD, 0xFF, 0xE3, 0x00, 0x00, 0xFF, 0x30, 0x00,
    0x02, 0xCF, 0xC0, 0x00, 0x0F, 0xF3, 0x00, 0x00, 0x03, 0xFF, 0x10, 0x00,
    0xFF, 0x30, 0x00, 0x00, 0x1F, 0xF2, 0x00, 0x0F, 0xF3, 0x00, 0x00, 0x04,
    0xFE, 0x00, 0x00, 0xFF, 0x30, 0x00, 0x03, 0xDF, 0x80, 0x00, 0x0F, 0xFC,
    0xCC, 0xCE, 0xFF, 0x80, 0x00, 0x00, 0xFF, 0xFF, 0xFF, 0xFF, 0xF8, 0x00,
    0x00, 0x0F, 0xF3, 0x00, 0x01, 0x6E, 0xF7, 0x00, 0x00, 0xFF, 0x30, 0x00,
    0x00, 0x6F, 0xE0, 0x00, 0x0F, 0xF3, 0x00, 0x00, 0x01, 0xFF, 0x20, 0x00,
    0xFF, 0x30, 0x00, 0x00, 0x1F, 0xF2, 0x00, 0x0F, 0xF3, 0x00, 0x00, 0x05,
    0xFE, 0x00, 0x00, 0xFF, 0x30, 0x00, 0x04, 0xDF, 0x90, 0x00, 0x0F, 0xFC,
    0xCC, 0xCE, 0xFF, 0xC1, 0x00, 0x00, 0xFF, 0xFF, 0xFF, 0xEC, 0x70, 0x00,
    0x00, 0x00, 0x00, 0x39, 0xDE, 0xEC, 0x81, 0x00, 0x00, 0x00, 0x07, 0xFF,
    0xEC, 0xDF, 0xFE, 0x30, 0x00, 0x00, 0x6F, 0xE6, 0x00, 0x01, 0xAF, 0xE1,
    0x00, 0x02, 0xEF, 0x50, 0x00, 0x00, 0x1D, 0xF8, 0x00, 0x07, 0xFB, 0x00,
    0x00, 0x00, 0x07, 0xFD, 0x00, 0x0B, 0xF6, 0x00, 0x00, 0x00, 0x02, 0x88,
    0x00, 0x0D, 0xF4, 0x00, 0x00, 0x00, 0x00, 0x00, 0x00, 0x0F, 0xF3, 0x00,
    0x00, 0x00, 0x00, 0x00, 0x00, 0x0F, 0xF3, 0x00, 0x00, 0x00, 0x00, 0x00,
    0x00, 0x0F, 0xF3, 0x00, 0x00, 0x00, 0x00, 0x00, 0x00, 0x0D, 0xF4, 0x00,
    0x00, 0x00, 0x00, 0x00, 0x00, 0x0C, 0xF7, 0x00, 0x00, 0x00, 0x02, 0x87,
    0x00, 0x07, 0xFB, 0x00, 0x00, 0x00, 0x07, 0xFD, 0x00, 0x02, 0xEF, 0x50,
    0x00, 0x00, 0x0D, 0xF7, 0x00, 0x00, 0x7F, 0xE6, 0x00, 0x02, 0xBF, 0xD1,
    0x00, 0x00, 0x08, 0xFF, 0xEC, 0xDF, 0xFD, 0x30, 0x00, 0x00, 0x00, 0x3A,
    0xDF, 0xEC, 0x71, 0x00, 0x00, 0x00, 0xFF, 0xFF, 0xFE, 0xC7, 0x10, 0x00,
    0x00, 0x00, 0xFF, 0xCC, 0xCD, 0xFF, 0xE5, 0x00, 0x00, 0x00, 0xFF, 0x30,
    0x00, 0x18, 0xFF, 0x50, 0x00, 0x00, 0xFF, 0x30, 0x00, 0x00, 0x5F, 0xE2,
    0x00, 0x00, 0xFF, 0x30, 0x00, 0x00, 0x0B, 0xF8, 0x00, 0x00, 0xFF, 0x30,
    0x00, 0x00, 0x05, 0xFD, 0x00, 0x00, 0xFF, 0x30, 0x00, 0x00, 0x02, 0xFF,
    0x00, 0x00, 0xFF, 0x30, 0x00, 0x00, 0x00, 0xFF, 0x20, 0x00, 0xFF, 0x30,
    0x00, 0x00, 0x00, 0xFF, 0x30, 0x00, 0xFF, 0x30, 0x00, 0x00, 0x00, 0xFF,
    0x20, 0x00, 0xFF, 0x30, 0x00, 0x00, 0x02, 0xFF, 0x00, 0x00, 0xFF, 0x30,
    0x00, 0x00, 0x05, 0xFD, 0x00, 0x00, 0xFF, 0x30, 0x00, 0x00, 0x0B, 0xF8,
    0x00, 0x00, 0xFF, 0x30, 0x00, 0x00, 0x6F, 0xE2, 0x00, 0x00, 0xFF, 0x30,
    0x00, 0x28, 0xFF, 0x50, 0x00, 0x00, 0xFF, 0xCC, 0xCD, 0xFF, 0xE5, 0x00,
    0x00, 0x00, 0xFF, 0xFF, 0xFD, 0xC7, 0x10, 0x00, 0x00, 0x00, 0xFF, 0xFF,
    0xFF, 0xFF, 0xFF, 0xF0, 0x00, 0xFF, 0xCC, 0xCC, 0xCC, 0xCC, 0xC0, 0x00,
    0xFF, 0x30, 0x00, 0x00, 0x00, 0x00, 0x00, 0xFF, 0x30, 0x00, 0x00, 0x00,
    0x00, 0x00, 0xFF, 0x30, 0x00, 0x00, 0x00, 0x00, 0x00, 0xFF, 0x30, 0x00,
    0x00, 0x00, 0x00, 0x00, 0xFF, 0x30, 0x00, 0x00, 0x00, 0x00, 0x00, 0xFF,
    0xCC, 0xCC, 0xCC, 0xC6, 0x00, 0x00, 0xFF, 0xFF, 0xFF, 0xFF, 0xF8, 0x00,
    0x00, 0xFF, 0x30, 0x00, 0x00, 0x00, 0x00, 0x00, 0xFF, 0x30, 0x00, 0x00,
    0x00, 0x00, 0x00, 0xFF, 0x30, 0x00, 0x00, 0x00, 0x00, 0x00, 0xFF, 0x30,
    0x00, 0x00, 0x00, 0x00, 0x00, 0xFF, 0x30, 0x00, 0x00, 0x00, 0x00, 0x00,
    0xFF, 0x30, 0x00, 0x00, 0x00, 0x00, 0x00, 0xFF, 0xCC, 0xCC, 0xCC, 0xCC,
    0xC0, 0x00, 0xFF, 0xFF, 0xFF, 0xFF, 0xFF, 0xF0, 0x00, 0xFF, 0xFF, 0xFF,
    0xFF, 0xFF, 0x80, 0x0F, 0xFC, 0xCC, 0xCC, 0xCC, 0xC6, 0x00, 0xFF, 0x30,
    0x00, 0x00, 0x00, 0x00, 0x0F, 0xF3, 0x00, 0x00, 0x00, 0x00, 0x00, 0xFF,
    0x30, 0x00, 0x00, 0x00, 0x00, 0x0F, 0xF3, 0x00, 0x00, 0x00, 0x00, 0x00,
    0xFF, 0x30, 0x00, 0x00, 0x00, 0x00, 0x0F, 0xFC, 0xCC, 0xCC, 0xCC, 0x60,
    0x00, 0xFF, 0xFF, 0xFF, 0xFF, 0xF8, 0x00, 0x0F, 0xF3, 0x00, 0x00, 0x00,
    0x00, 0x00, 0xFF, 0x30, 0x00, 0x00, 0x00, 0x00, 0x0F, 0xF3, 0x00, 0x00,
    0x00, 0x00, 0x00, 0xFF, 0x30, 0x00, 0x00, 0x00, 0x00, 0x0F, 0xF3, 0x00,
    0x00, 0x00, 0x00, 0x00, 0xFF, 0x30, 0x00, 0x00, 0x00, 0x00, 0x0F, 0xF3,
    0x00, 0x00, 0x00, 0x00, 0x00, 0xFF, 0x30, 0x00, 0x00, 0x00, 0x00, 0x00,
    0x00, 0x4A, 0xDF, 0xED, 0x92, 0x00, 0x00, 0x00, 0x09, 0xFF, 0xEC, 0xDF,
    0xFF, 0x60, 0x00, 0x00, 0x8F, 0xE6, 0x00, 0x01, 0x8F, 0xF4, 0x00, 0x02,
    0xFF, 0x40, 0x00, 0x00, 0x09, 0xFB, 0x00, 0x08, 0xFB, 0x00, 0x00, 0x00,
    0x02, 0xED, 0x10, 0x0B, 0xF6, 0x00, 0x00, 0x00, 0x00, 0x00, 0x00, 0x0E,
    0xF4, 0x00, 0x00, 0x00, 0x00, 0x00, 0x00, 0x0F, 0xF3, 0x00, 0x00, 0x00,
    0x00, 0x00, 0x00, 0x0F, 0xF3, 0x00, 0x00, 0xCC, 0xCC, 0xCC, 0x20, 0x0E,
    0xF3, 0x00, 0x00, 0xFF, 0xFF, 0xFF, 0x30, 0x0D, 0xF4, 0x00, 0x00, 0x00,
    0x00, 0xFF, 0x30, 0x0B, 0xF7, 0x00, 0x00, 0x00, 0x00, 0xFF, 0x30, 0x06,
    0xFD, 0x00, 0x00, 0x00, 0x00, 0xFF, 0x30, 0x01, 0xEF, 0x70, 0x00, 0x00,
    0x00, 0xFF, 0x30, 0x00, 0x5F, 0xF9, 0x10, 0x00, 0x2A, 0xFF, 0x20, 0x00,
    0x05, 0xEF, 0xFD, 0xCE, 0xFF, 0xE4, 0x00, 0x00, 0x00, 0x28, 0xCE, 0xFE,
    0xB7, 0x10, 0x00, 0x00, 0xFF, 0x30, 0x00, 0x00, 0x00, 0x3F, 0xF0, 0x00,
    0x0F, 0xF3, 0x00, 0x00, 0x00, 0x03, 0xFF, 0x00, 0x00, 0xFF, 0x30, 0x00,
    0x00, 0x00, 0x3F, 0xF0, 0x00, 0x0F, 0xF3, 0x00, 0x00, 0x00, 0x03, 0xFF,
    0x00, 0x00, 0xFF, 0x30, 0x00, 0x00, 0x00, 0x3F, 0xF0, 0x00, 0x0F, 0xF3,
    0x00, 0x00, 0x00, 0x03, 0xFF, 0x00, 0x00, 0xFF, 0x30, 0x00, 0x00, 0x00,
    0x3F, 0xF0, 0x00, 0x0F, 0xFC, 0xCC, 0xCC, 0xCC, 0xCC, 0xFF, 0x00, 0x00,
    0xFF, 0xFF, 0xFF, 0xFF, 0xFF, 0xFF, 0xF0, 0x00, 0x0F, 0xF3, 0x00, 0x00,
    0x00, 0x03, 0xFF, 0x00, 0x00, 0xFF, 0x30, 0x00, 0x00, 0x00, 0x3F, 0xF0,
    0x00, 0x0F, 0xF3, 0x00, 0x00, 0x00, 0x03, 0xFF, 0x00, 0x00, 0xFF, 0x30,
    0x00, 0x00, 0x00, 0x3F, 0xF0, 0x00, 0x0F, 0xF3, 0x00, 0x00, 0x00, 0x03,
    0xFF, 0x00, 0x00, 0xFF, 0x30, 0x00, 0x00, 0x00, 0x3F, 0xF0, 0x00, 0x0F,
    0xF3, 0x00, 0x00, 0x00, 0x03, 0xFF, 0x00, 0x00, 0xFF, 0x30, 0x00, 0x00,
    0x00, 0x3F, 0xF0, 0x00, 0x00, 0xFF, 0x30, 0x00, 0x0F, 0xF3, 0x00, 0x00,
    0xFF, 0x30, 0x00, 0x0F, 0xF3, 0x00, 0x00, 0xFF, 0x30, 0x00, 0x0F, 0xF3,
    0x00, 0x00, 0xFF, 0x30, 0x00, 0x0F, 0xF3, 0x00, 0x00, 0xFF, 0x30, 0x00,
    0x0F, 0xF3, 0x00, 0x00, 0xFF, 0x30, 0x00, 0x0F, 0xF3, 0x00, 0x00, 0xFF,
    0x30, 0x00, 0x0F, 0xF3, 0x00, 0x00, 0xFF, 0x30, 0x00, 0x0F, 0xF3, 0x00,
    0x00, 0xFF, 0x30, 0x00, 0x00, 0x00, 0x00, 0x00, 0x03, 0xFF, 0x00, 0x00,
    0x00, 0x00, 0x00, 0x3F, 0xF0, 0x00, 0x00, 0x00, 0x00, 0x03, 0xFF, 0x00,
    0x00, 0x00, 0x00, 0x00, 0x3F, 0xF0, 0x00, 0x00, 0x00, 0x00, 0x03, 0xFF,
    0x00, 0x00, 0x00, 0x00, 0x00, 0x3F, 0xF0, 0x00, 0x00, 0x00, 0x00, 0x03,
    0xFF, 0x00, 0x00, 0x00, 0x00, 0x00, 0x3F, 0xF0, 0x00, 0x00, 0x00, 0x00,
    0x03, 0xFF, 0x00, 0x00, 0x00, 0x00, 0x00, 0x3F, 0xF0, 0x00, 0x00, 0x00,
    0x00, 0x03, 0xFF, 0x00, 0x00, 0x00, 0x00, 0x00, 0x3F, 0xF0, 0x0C, 0xD3,
    0x00, 0x00, 0x04, 0xFE, 0x00, 0xCF, 0x70, 0x00, 0x00, 0x8F, 0xB0, 0x07,
    0xFE, 0x50, 0x00, 0x6F, 0xF5, 0x00, 0x0B, 0xFF, 0xED, 0xEF, 0xF9, 0x00,
    0x00, 0x06, 0xBE, 0xFE, 0xA4, 0x00, 0x00, 0x00, 0xFF, 0x30, 0x00, 0x00,
    0x0A, 0xFE, 0x20, 0x0F, 0xF3, 0x00, 0x00, 0x09, 0xFE, 0x30, 0x00, 0xFF,
    0x30, 0x00, 0x08, 0xFF, 0x40, 0x00, 0x0F, 0xF3, 0x00, 0x06, 0xFF, 0x50,
    0x00, 0x00, 0xFF, 0x30, 0x05, 0xFF, 0x70, 0x00, 0x00, 0x0F, 0xF3, 0x04,
    0xFF, 0x80, 0x00, 0x00, 0x00, 0xFF, 0x33, 0xEF, 0xA0, 0x00, 0x00, 0x00,
    0x0F, 0xF4, 0xDF, 0xE1, 0x00, 0x00, 0x00, 0x00, 0xFF, 0xEF, 0xFF, 0x80,
    0x00, 0x00, 0x00, 0x0F, 0xFF, 0xC7, 0xFF, 0x40, 0x00, 0x00, 0x00, 0xFF,
    0xC1, 0x0A, 0xFE, 0x20, 0x00, 0x00, 0x0F, 0xF3, 0x00, 0x1D, 0xFC, 0x00,
    0x00, 0x00, 0xFF, 0x30, 0x00, 0x3E, 0xF8, 0x00, 0x00, 0x0F, 0xF3, 0x00,
    0x00, 0x6F, 0xF5, 0x00, 0x00, 0xFF, 0x30, 0x00, 0x00, 0x9F, 0xE2, 0x00,
    0x0F, 0xF3, 0x00, 0x00, 0x01, 0xCF, 0xC0, 0x00, 0xFF, 0x30, 0x00, 0x00,
    0x02, 0xEF, 0x90, 0x00, 0xFF, 0x30, 0x00, 0x00, 0x00, 0x00, 0x0F, 0xF3,
    0x00, 0x00, 0x00, 0x00, 0x00, 0xFF, 0x30, 0x00, 0x00, 0x00, 0x00, 0x0F,
    0xF3, 0x00, 0x00, 0x00, 0x00, 0x00, 0xFF, 0x30, 0x00, 0x00, 0x00, 0x00,
    0x0F, 0xF3, 0x00, 0x00, 0x00, 0x00, 0x00, 0xFF, 0x30, 0x00, 0x00, 0x00,
    0x00, 0x0F, 0xF3, 0x00, 0x00, 0x00, 0x00, 0x00, 0xFF, 0x30, 0x00, 0x00,
    0x00, 0x00, 0x0F, 0xF3, 0x00, 0x00, 0x00, 0x00, 0x00, 0xFF, 0x30, 0x00,
    0x00, 0x00, 0x00, 0x0F, 0xF3, 0x00, 0x00, 0x00, 0x00, 0x00, 0xFF, 0x30,
    0x00, 0x00, 0x00, 0x00, 0x0F, 0xF3, 0x00, 0x00, 0x00, 0x00, 0x00, 0xFF,
    0x30, 0x00, 0x00, 0x00, 0x00, 0x0F, 0xFD, 0xDD, 0xDD, 0xDD, 0xD6, 0x00,
    0xFF, 0xFF, 0xFF, 0xFF, 0xFF, 0x80, 0x00, 0xFF, 0xF2, 0x00, 0x00, 0x00,
    0x00, 0x02, 0xFF, 0xF0, 0x00, 0x0F, 0xFF, 0x80, 0x00, 0x00, 0x00, 0x00,
    0x8F, 0xFF, 0x00, 0x00, 0xFF, 0xFE, 0x00, 0x00, 0x00, 0x00, 0x0E, 0xFF,
    0xF0, 0x00, 0x0F, 0xFD, 0xF5, 0x00, 0x00, 0x00, 0x05, 0xFD, 0xFF, 0x00,
    0x00, 0xFF, 0x8F, 0xB0, 0x00, 0x00, 0x00, 0xBF, 0x8F, 0xF0, 0x00, 0x0F,
    0xF3, 0xEF, 0x20, 0x00, 0x00, 0x2F, 0xE3, 0xFF, 0x00, 0x00, 0xFF, 0x38,
    0xF8, 0x00, 0x00, 0x08, 0xF8, 0x3F, 0xF0, 0x00, 0x0F, 0xF3, 0x2F, 0xE0,
    0x00, 0x00, 0xEF, 0x23, 0xFF, 0x00, 0x00, 0xFF, 0x30, 0xBF, 0x50, 0x00,
    0x5F, 0xB0, 0x3F, 0xF0, 0x00, 0x0F, 0xF3, 0x05, 0xFB, 0x00, 0x0B, 0xF5,
    0x03, 0xFF, 0x00, 0x00, 0xFF, 0x30, 0x0E, 0xF2, 0x02, 0xFE, 0x00, 0x3F,
    0xF0, 0x00, 0x0F, 0xF3, 0x00, 0x8F, 0x80, 0x8F, 0x80, 0x03, 0xFF, 0x00,
    0x00, 0xFF, 0x30, 0x02, 0xFE, 0x1E, 0xF2, 0x00, 0x3F, 0xF0, 0x00, 0x0F,
    0xF3, 0x00, 0x0B, 0xFB, 0xFB, 0x00, 0x03, 0xFF, 0x00, 0x00, 0xFF, 0x30,
    0x00, 0x5F, 0xFF, 0x50, 0x00, 0x3F, 0xF0, 0x00, 0x0F, 0xF3, 0x00, 0x00,
    0xEF, 0xE0, 0x00, 0x03, 0xFF, 0x00, 0x00, 0xFF, 0x30, 0x00, 0x08, 0xF8,
    0x00, 0x00, 0x3F, 0xF0, 0x00, 0x00, 0xFF, 0x80, 0x00, 0x00, 0x00, 0x0F,
    0xF3, 0x00, 0x0F, 0xFF, 0x30, 0x00, 0x00, 0x00, 0xFF, 0x30, 0x00, 0xFF,
    0xFC, 0x00, 0x00, 0x00, 0x0F, 0xF3, 0x00, 0x0F, 0xFF, 0xF8, 0x00, 0x00,
    0x00, 0xFF, 0x30, 0x00, 0xFF, 0x9F, 0xF3, 0x00, 0x00, 0x0F, 0xF3, 0x00,
    0x0F, 0xF3, 0xBF, 0xD0, 0x00, 0x00, 0xFF, 0x30, 0x00, 0xFF, 0x32, 0xEF,
    0x80, 0x00, 0x0F, 0xF3, 0x00, 0x0F, 0xF3, 0x06, 0xFF, 0x30, 0x00, 0xFF,
    0x30, 0x00, 0xFF, 0x30, 0x0B, 0xFD, 0x00, 0x0F, 0xF3, 0x00, 0x0F, 0xF3,
    0x00, 0x2E, 0xF8, 0x00, 0xFF, 0x30, 0x00, 0xFF, 0x30, 0x00, 0x6F, 0xF3,
    0x0F, 0xF3, 0x00, 0x0F, 0xF3, 0x00, 0x00, 0xBF, 0xD1, 0xFF, 0x30, 0x00,
    0xFF, 0x30, 0x00, 0x02, 0xEF, 0x9F, 0xF3, 0x00, 0x0F, 0xF3, 0x00, 0x00,
    0x06, 0xFF, 0xFF, 0x30, 0x00, 0xFF, 0x30, 0x00, 0x00, 0x0B, 0xFF, 0xF3,
    0x00, 0x0F, 0xF3, 0x00, 0x00, 0x00, 0x2E, 0xFF, 0x30, 0x00, 0xFF, 0x30,
    0x00, 0x00, 0x00, 0x6F, 0xF3, 0x00, 0x00, 0x00, 0x28, 0xCE, 0xEC, 0x82,
    0x00, 0x00, 0x00, 0x00, 0x5E, 0xFF, 0xDD, 0xFF, 0xF5, 0x00, 0x00, 0x00,
    0x4F, 0xF8, 0x10, 0x01, 0x7F, 0xF5, 0x00, 0x00, 0x1D, 0xF6, 0x00, 0x00,
    0x00, 0x6F, 0xE1, 0x00, 0x06, 0xFC, 0x00, 0x00, 0x00, 0x00, 0xCF, 0x60,
    0x00, 0xBF, 0x70, 0x00, 0x00, 0x00, 0x07, 0xFB, 0x00, 0x0D, 0xF4, 0x00,
    0x00, 0x00, 0x00, 0x4F, 0xD0, 0x00, 0xEF, 0x30, 0x00, 0x00, 0x00, 0x03,
    0xFE, 0x00, 0x0F, 0xF3, 0x00, 0x00, 0x00, 0x00, 0x3F, 0xF0, 0x00, 0xEF,
    0x30, 0x00, 0x00, 0x00, 0x03, 0xFE, 0x00, 0x0D, 0xF4, 0x00, 0x00, 0x00,
    0x00, 0x4F, 0xD0, 0x00, 0xBF, 0x70, 0x00, 0x00, 0x00, 0x07, 0xFB, 0x00,
    0x06, 0xFC, 0x00, 0x00, 0x00, 0x00, 0xCF, 0x60, 0x00, 0x1E, 0xF6, 0x00,
    0x00, 0x00, 0x6F, 0xE1, 0x00, 0x00, 0x4F, 0xF8, 0x10, 0x01, 0x7F, 0xF5,
    0x00, 0x00, 0x00, 0x5E, 0xFF, 0xDD, 0xFF, 0xF6, 0x00, 0x00, 0x00, 0x00,
    0x28, 0xCE, 0xEC, 0x82, 0x00, 0x00, 0x00, 0x00, 0xFF, 0xFF, 0xFF, 0xFD,
    0xA5, 0x00, 0x00, 0x0F, 0xFC, 0xCC, 0xCC, 0xEF, 0xFA, 0x00, 0x00, 0xFF,
    0x30, 0x00, 0x00, 0x5E, 0xF7, 0x00, 0x0F, 0xF3, 0x00, 0x00, 0x00, 0x6F,
    0xE0, 0x00, 0xFF, 0x30, 0x00, 0x00, 0x01, 0xFF, 0x20, 0x0F, 0xF3, 0x00,
    0x00, 0x00, 0x1F, 0xF2, 0x00, 0xFF, 0x30, 0x00, 0x00, 0x06, 0xFE, 0x00,
    0x0F, 0xF3, 0x00, 0x00, 0x04, 0xEF, 0x90, 0x00, 0xFF, 0xCC, 0xCC, 0xCE,
    0xFF, 0xB1, 0x00, 0x0F, 0xFF, 0xFF, 0xFF, 0xEB, 0x60, 0x00, 0x00, 0xFF,
    0x30, 0x00, 0x00, 0x00, 0x00, 0x00, 0x0F, 0xF3, 0x00, 0x00, 0x00, 0x00,
    0x00, 0x00, 0xFF, 0x30, 0x00, 0x00, 0x00, 0x00, 0x00, 0x0F, 0xF3, 0x00,
    0x00, 0x00, 0x00, 0x00, 0x00, 0xFF, 0x30, 0x00, 0x00, 0x00, 0x00, 0x00,
    0x0F, 0xF3, 0x00, 0x00, 0x00, 0x00, 0x00, 0x00, 0xFF, 0x30, 0x00, 0x00,
    0x00, 0x00, 0x00, 0x00, 0x00, 0x28, 0xCE, 0xEC, 0x82, 0x00, 0x00, 0x00,
    0x00, 0x5E, 0xFF, 0xDD, 0xFF, 0xF5, 0x00, 0x00, 0x00, 0x5F, 0xF8, 0x10,
    0x01, 0x7F, 0xF5, 0x00, 0x00, 0x1E, 0xF6, 0x00, 0x00, 0x00, 0x6F, 0xE1,
    0x00, 0x06, 0xFC, 0x00, 0x00, 0x00, 0x00, 0xCF, 0x60, 0x00, 0xBF, 0x70,
    0x00, 0x00, 0x00, 0x07, 0xFB, 0x00, 0x0D, 0xF4, 0x00, 0x00, 0x00, 0x00,
    0x4F, 0xD0, 0x00, 0xEF, 0x30, 0x00, 0x00, 0x00, 0x03, 0xFE, 0x00, 0x0F,
    0xF3, 0x00, 0x00, 0x00, 0x00, 0x3F, 0xF0, 0x00, 0xEF, 0x30, 0x00, 0x00,
    0x00, 0x03, 0xFE, 0x00, 0x0D, 0xF4, 0x00, 0x00, 0x00, 0x00, 0x4F, 0xD0,
    0x00, 0xBF, 0x70, 0x00, 0x00, 0x00, 0x07, 0xFB, 0x00, 0x06, 0xFC, 0x00,
    0x00, 0x00, 0x00, 0xCF, 0x60, 0x00, 0x1E, 0xF7, 0x00, 0x00, 0x00, 0x6F,
    0xE1, 0x00, 0x00, 0x4F, 0xF8, 0x10, 0x01, 0x7F, 0xF6, 0x00, 0x00, 0x00,
    0x5E, 0xFF, 0xDD, 0xFF, 0xF8, 0x00, 0x00, 0x00, 0x00, 0x28, 0xCE, 0xED,
    0xFF, 0xB1, 0x00, 0x00, 0x00, 0x00, 0x00, 0x00, 0x04, 0xEF, 0xD3, 0x00,
    0x00, 0x00, 0x00, 0x00, 0x00, 0x02, 0xCF, 0xB0, 0x00, 0x00, 0x00, 0x00,
    0x00, 0x00, 0x00, 0x71, 0x00, 0x00, 0xFF, 0xFF, 0xFF, 0xED, 0xA4, 0x00,
    0x00, 0x0F, 0xFC, 0xCC, 0xCD, 0xFF, 0xF8, 0x00, 0x00, 0xFF, 0x30, 0x00,
    0x01, 0x7F, 0xF6, 0x00, 0x0F, 0xF3, 0x00, 0x00, 0x00, 0x9F, 0xC0, 0x00,
    0xFF, 0x30, 0x00, 0x00, 0x04, 0xFE, 0x00, 0x0F, 0xF3, 0x00, 0x00, 0x00,
    0x4F, 0xE0, 0x00, 0xFF, 0x30, 0x00, 0x00, 0x09, 0xFB, 0x00, 0x0F, 0xF3,
    0x00, 0x00, 0x18, 0xFF, 0x40, 0x00, 0xFF, 0xCC, 0xCC, 0xDF, 0xFF, 0x60,
    0x00, 0x0F, 0xFF, 0xFF, 0xFF, 0xFE, 0x20, 0x00, 0x00, 0xFF, 0x30, 0x00,
    0x4F, 0xF4, 0x00, 0x00, 0x0F, 0xF3, 0x00, 0x00, 0xAF, 0xC0, 0x00, 0x00,
    0xFF, 0x30, 0x00, 0x02, 0xFF, 0x50, 0x00, 0x0F, 0xF3, 0x00, 0x00, 0x08,
    0xFD, 0x00, 0x00, 0xFF, 0x30, 0x00, 0x00, 0x1E, 0xF6, 0x00, 0x0F, 0xF3,
    0x00, 0x00, 0x00, 0x7F, 0xE1, 0x00, 0xFF, 0x30, 0x00, 0x00, 0x00, 0xDF,
    0x70, 0x00, 0x00, 0x6B, 0xEF, 0xDA, 0x40, 0x00, 0x00, 0x1B, 0xFF, 0xED,
    0xEF, 0xF8, 0x00, 0x00, 0x9F, 0xD3, 0x00, 0x05, 0xEF, 0x60, 0x01, 0xFF,
    0x40, 0x00, 0x00, 0x6F, 0xD0, 0x02, 0xFF, 0x10, 0x00, 0x00, 0x1F, 0xF2,
    0x01, 0xFF, 0x50, 0x00, 0x00, 0x00, 0x00, 0x00, 0x9F, 0xE6, 0x00, 0x00,
    0x00, 0x00, 0x00, 0x1A, 0xFF, 0xE9, 0x40, 0x00, 0x00, 0x00, 0x00, 0x4C,
    0xFF, 0xFE, 0x70, 0x00, 0x00, 0x00, 0x00, 0x28, 0xDF, 0xFC, 0x10, 0x00,
    0x00, 0x00, 0x00, 0x05, 0xEF, 0xA0, 0x00, 0x00, 0x00, 0x00, 0x00, 0x4F,
    0xF1, 0x0E, 0xF4, 0x00, 0x00, 0x00, 0x1F, 0xF2, 0x0B, 0xF9, 0x00, 0x00,
    0x00, 0x4F, 0xF1, 0x03, 0xFF, 0x92, 0x00, 0x04, 0xDF, 0xA0, 0x00, 0x4E,
    0xFF, 0xDC, 0xEF, 0xFC, 0x10, 0x00, 0x01, 0x7C, 0xEF, 0xEB, 0x60, 0x00,
    0x0F, 0xFF, 0xFF, 0xFF, 0xFF, 0xFF, 0xFF, 0x0C, 0xCC, 0xCC, 0xCF, 0xFC,
    0xCC, 0xCC, 0x00, 0x00, 0x00, 0x3F, 0xF0, 0x00, 0x00, 0x00, 0x00, 0x00,
    0x3F, 0xF0, 0x00, 0x00, 0x00, 0x00, 0x00, 0x3F, 0xF0, 0x00, 0x00, 0x00,
    0x00, 0x00, 0x3F, 0xF0, 0x00, 0x00, 0x00, 0x00, 0x00, 0x3F, 0xF0, 0x00,
    0x00, 0x00, 0x00, 0x00, 0x3F, 0xF0, 0x00, 0x00, 0x00, 0x00, 0x00, 0x3F,
    0xF0, 0x00, 0x00, 0x00, 0x00, 0x00, 0x3F, 0xF0, 0x00, 0x00, 0x00, 0x00,
    0x00, 0x3F, 0xF0, 0x00, 0x00, 0x00, 0x00, 0x00, 0x3F, 0xF0, 0x00, 0x00,
    0x00, 0x00, 0x00, 0x3F, 0xF0, 0x00, 0x00, 0x00, 0x00, 0x00, 0x3F, 0xF0,
    0x00, 0x00, 0x00, 0x00, 0x00, 0x3F, 0xF0, 0x00, 0x00, 0x00, 0x00, 0x00,
    0x3F, 0xF0, 0x00, 0x00, 0x00, 0x00, 0x00, 0x3F, 0xF0, 0x00, 0x00, 0x00,
    0xFF, 0x30, 0x00, 0x00, 0x00, 0xFF, 0x30, 0x00, 0xFF, 0x30, 0x00, 0x00,
    0x00, 0xFF, 0x30, 0x00, 0xFF, 0x30, 0x00, 0x00, 0x00, 0xFF, 0x30, 0x00,
    0xFF, 0x30, 0x00, 0x00, 0x00, 0xFF, 0x30, 0x00, 0xFF, 0x30, 0x00, 0x00,
    0x00, 0xFF, 0x30, 0x00, 0xFF, 0x30, 0x00, 0x00, 0x00, 0xFF, 0x30, 0x00,
    0xFF, 0x30, 0x00, 0x00, 0x00, 0xFF, 0x30, 0x00, 0xFF, 0x30, 0x00, 0x00,
    0x00, 0xFF, 0x30, 0x00, 0xFF, 0x30, 0x00, 0x00, 0x00, 0xFF, 0x30, 0x00,
    0xFF, 0x30, 0x00, 0x00, 0x00, 0xFF, 0x30, 0x00, 0xFF, 0x30, 0x00, 0x00,
    0x00, 0xFF, 0x30, 0x00, 0xFF, 0x30, 0x00, 0x00, 0x00, 0xFF, 0x20, 0x00,
    0xDF, 0x50, 0x00, 0x00, 0x02, 0xFF, 0x00, 0x00, 0x9F, 0xA0, 0x00, 0x00,
    0x08, 0xFC, 0x00, 0x00, 0x3F, 0xF9, 0x10, 0x01, 0x7F, 0xF4, 0x00, 0x00,
    0x05, 0xEF, 0xFD, 0xDF, 0xFF, 0x60, 0x00, 0x00, 0x00, 0x28, 0xCE, 0xED,
    0x82, 0x00, 0x00, 0x7F, 0xE0, 0x00, 0x00, 0x00, 0x00, 0xAF, 0xC2, 0xFF,
    0x50, 0x00, 0x00, 0x00, 0x1E, 0xF6, 0x0B, 0xFA, 0x00, 0x00, 0x00, 0x05,
    0xFF, 0x10, 0x5F, 0xE1, 0x00, 0x00, 0x00, 0xBF, 0xA0, 0x01, 0xEF, 0x50,
    0x00, 0x00, 0x1F, 0xF4, 0x00, 0x09, 0xFA, 0x00, 0x00, 0x06, 0xFE, 0x00,
    0x00, 0x4F, 0xF1, 0x00, 0x00, 0xBF, 0x80, 0x00, 0x00, 0xDF, 0x60, 0x00,
    0x2F, 0xF3, 0x00, 0x00, 0x08, 0xFB, 0x00, 0x07, 0xFC, 0x00, 0x00, 0x00,
    0x2F, 0xF1, 0x00, 0xCF, 0x70, 0x00, 0x00, 0x00, 0xCF, 0x60, 0x2F, 0xF1,
    0x00, 0x00, 0x00, 0x06, 0xFB, 0x07, 0xFA, 0x00, 0x00, 0x00, 0x00, 0x1F,
    0xF2, 0xDF, 0x50, 0x00, 0x00, 0x00, 0x00, 0xAF, 0xAF, 0xE0, 0x00, 0x00,
    0x00, 0x00, 0x04, 0xFF, 0xF9, 0x00, 0x00, 0x00, 0x00, 0x00, 0x0E, 0xFF,
    0x30, 0x00, 0x00, 0x00, 0x00, 0x00, 0x8F, 0xD0, 0x00, 0x00, 0x00, 0x2F,
    0xF1, 0x00, 0x00, 0x04, 0xFD, 0x00, 0x00, 0x00, 0x9F, 0xA0, 0xEF, 0x50,
    0x00, 0x00, 0x9F, 0xF2, 0x00, 0x00, 0x0C, 0xF6, 0x0A, 0xF8, 0x00, 0x00,
    0x0D, 0xFF, 0x70, 0x00, 0x01, 0xFF, 0x30, 0x6F, 0xC0, 0x00, 0x02, 0xFE,
    0xFB, 0x00, 0x00, 0x4F, 0xE0, 0x03, 0xFF, 0x00, 0x00, 0x6F, 0x8E, 0xE0,
    0x00, 0x08, 0xFA, 0x00, 0x0E, 0xF4, 0x00, 0x0B, 0xF4, 0xAF, 0x40, 0x00,
    0xBF, 0x70, 0x00, 0xBF, 0x70, 0x01, 0xFE, 0x06, 0xF8, 0x00, 0x0E, 0xF3,
    0x00, 0x07, 0xFB, 0x00, 0x4F, 0xA0, 0x1F, 0xC0, 0x03, 0xFE, 0x00, 0x00,
    0x3F, 0xE0, 0x09, 0xF6, 0x00, 0xCF, 0x20, 0x6F, 0xB0, 0x00, 0x00, 0xEF,
    0x20, 0xDF, 0x20, 0x08, 0xF6, 0x0A, 0xF7, 0x00, 0x00, 0x0B, 0xF6, 0x2F,
    0xC0, 0x00, 0x4F, 0xA0, 0xDF, 0x30, 0x00, 0x00, 0x7F, 0x97, 0xF8, 0x00,
    0x00, 0xEE, 0x2F, 0xE0, 0x00, 0x00, 0x04, 0xFC, 0xAF, 0x30, 0x00, 0x0A,
    0xF7, 0xFB, 0x00, 0x00, 0x00, 0x0F, 0xEE, 0xE0, 0x00, 0x00, 0x6F, 0xDF,
    0x80, 0x00, 0x00, 0x00, 0xBF, 0xFA, 0x00, 0x00, 0x02, 0xFF, 0xF4, 0x00,
    0x00, 0x00, 0x08, 0xFF, 0x50, 0x00, 0x00, 0x0C, 0xFF, 0x10, 0x00, 0x00,
    0x00, 0x4F, 0xF1, 0x00, 0x00, 0x00, 0x8F, 0xC0, 0x00, 0x00, 0x0D, 0xFB,
    0x00, 0x00, 0x00, 0x0A, 0xFE, 0x10, 0x4F, 0xF6, 0x00, 0x00, 0x04, 0xFF,
    0x50, 0x00, 0x9F, 0xE1, 0x00, 0x01, 0xDF, 0xA0, 0x00, 0x01, 0xDF, 0xA0,
    0x00, 0x8F, 0xE2, 0x00, 0x00, 0x05, 0xFF, 0x40, 0x3F, 0xF6, 0x00, 0x00,
    0x00, 0x0A, 0xFD, 0x1C, 0xFB, 0x00, 0x00, 0x00, 0x00, 0x1E, 0xFD, 0xFF,
    0x20, 0x00, 0x00, 0x00, 0x00, 0x6F, 0xFF, 0x70, 0x00, 0x00, 0x00, 0x00,
    0x00, 0xEF, 0xF1, 0x00, 0x00, 0x00, 0x00, 0x00, 0x7F, 0xFF, 0x90, 0x00,
    0x00, 0x00, 0x00, 0x2F, 0xFB, 0xFF, 0x40, 0x00, 0x00, 0x00, 0x0C, 0xFC,
    0x0B, 0xFD, 0x00, 0x00, 0x00, 0x06, 0xFF, 0x30, 0x2E, 0xF8, 0x00, 0x00,
    0x02, 0xEF, 0x80, 0x00, 0x7F, 0xF3, 0x00, 0x00, 0xBF, 0xD1, 0x00, 0x00,
    0xCF, 0xC0, 0x00, 0x5F, 0xF4, 0x00, 0x00, 0x03, 0xFF, 0x70, 0x1E, 0xFA,
    0x00, 0x00, 0x00, 0x09, 0xFE, 0x20, 0x9F, 0xE1, 0x00, 0x00, 0x00, 0x0C,
    0xFC, 0x02, 0xEF, 0x70, 0x00, 0x00, 0x04, 0xFF, 0x30, 0x08, 0xFE, 0x10,
    0x00, 0x00, 0xCF, 0xA0, 0x00, 0x1E, 0xF8, 0x00, 0x00, 0x5F, 0xF2, 0x00,
    0x00, 0x6F, 0xE1, 0x00, 0x0C, 0xF8, 0x00, 0x00, 0x00, 0xDF, 0x80, 0x05,
    0xFE, 0x10, 0x00, 0x00, 0x04, 0xFE, 0x10, 0xDF, 0x70, 0x00, 0x00, 0x00,
    0x0B, 0xF8, 0x6F, 0xD0, 0x00, 0x00, 0x00, 0x00, 0x3F, 0xFD, 0xF5, 0x00,
    0x00, 0x00, 0x00, 0x00, 0xAF, 0xFC, 0x00, 0x00, 0x00, 0x00, 0x00, 0x02,
    0xFF, 0x40, 0x00, 0x00, 0x00, 0x00, 0x00, 0x0F, 0xF3, 0x00, 0x00, 0x00,
    0x00, 0x00, 0x00, 0xFF, 0x30, 0x00, 0x00, 0x00, 0x00, 0x00, 0x0F, 0xF3,
    0x00, 0x00, 0x00, 0x00, 0x00, 0x00, 0xFF, 0x30, 0x00, 0x00, 0x00, 0x00,
    0x00, 0x0F, 0xF3, 0x00, 0x00, 0x00, 0x00, 0x00, 0x00, 0xFF, 0x30, 0x00,
    0x00, 0x00, 0x0F, 0xFF, 0xFF, 0xFF, 0xFF, 0xFF, 0xF0, 0x0C, 0xCC, 0xCC,
    0xCC, 0xCC, 0xEF, 0xE0, 0x00, 0x00, 0x00, 0x00, 0x03, 0xFF, 0x60, 0x00,
    0x00, 0x00, 0x00, 0x0C, 0xFA, 0x00, 0x00, 0x00, 0x00, 0x00, 0x8F, 0xE1,
    0x00, 0x00, 0x00, 0x00, 0x03, 0xFF, 0x50, 0x00, 0x00, 0x00, 0x00, 0x1D,
    0xF9, 0x00, 0x00, 0x00, 0x00, 0x00, 0x9F, 0xD1, 0x00, 0x00, 0x00, 0x00,
    0x04, 0xFF, 0x40, 0x00, 0x00, 0x00, 0x00, 0x1E, 0xF9, 0x00, 0x00, 0x00,
    0x00, 0x00, 0xAF, 0xD1, 0x00, 0x00, 0x00, 0x00, 0x05, 0xFF, 0x30, 0x00,
    0x00, 0x00, 0x00, 0x2E, 0xF8, 0x00, 0x00, 0x00, 0x00, 0x00, 0xBF, 0xC0,
    0x00, 0x00, 0x00, 0x00, 0x06, 0xFF, 0x30, 0x00, 0x00, 0x00, 0x00, 0x0E,
    0xFE, 0xCC, 0xCC, 0xCC, 0xCC, 0xC0, 0x0F, 0xFF, 0xFF, 0xFF, 0xFF, 0xFF,
    0xF0, 0x00, 0xFF, 0xFF, 0x80, 0x0F, 0xFC, 0xC6, 0x00, 0xFF, 0x30, 0x00,
    0x0F, 0xF3, 0x00, 0x00, 0xFF, 0x30, 0x00, 0x0F, 0xF3, 0x00, 0x00, 0xFF,
    0x30, 0x00, 0x0F, 0xF3, 0x00, 0x00, 0xFF, 0x30, 0x00, 0x0F, 0xF3, 0x00,
    0x00, 0xFF, 0x30, 0x00, 0x0F, 0xF3, 0x00, 0x00, 0xFF, 0x30, 0x00, 0x0F,
    0xF3, 0x00, 0x00, 0xFF, 0x30, 0x00, 0x0F, 0xF3, 0x00, 0x00, 0xFF, 0x30,
    0x00, 0x0F, 0xF3, 0x00, 0x00, 0xFF, 0x30, 0x00, 0x0F, 0xF3, 0x00, 0x00,
    0xFF, 0x30, 0x00, 0x0F, 0xFC, 0xC6, 0x00, 0xFF, 0xFF, 0x80, 0x5F, 0xB0,
    0x00, 0x00, 0x00, 0x0E, 0xF2, 0x00, 0x00, 0x00, 0x08, 0xF8, 0x00, 0x00,
    0x00, 0x03, 0xFD, 0x00, 0x00, 0x00, 0x00, 0xCF, 0x40, 0x00, 0x00, 0x00,
    0x6F, 0xA0, 0x00, 0x00, 0x00, 0x1E, 0xF1, 0x00, 0x00, 0x00, 0x09, 0xF7,
    0x00, 0x00, 0x00, 0x04, 0xFC, 0x00, 0x00, 0x00, 0x00, 0xDF, 0x30, 0x00,
    0x00, 0x00, 0x7F, 0x90, 0x00, 0x00, 0x00, 0x2F, 0xE1, 0x00, 0x00, 0x00,
    0x0B, 0xF5, 0x00, 0x00, 0x00, 0x05, 0xFB, 0x00, 0x00, 0x00, 0x00, 0xEF,
    0x20, 0x00, 0x00, 0x00, 0x8F, 0x80, 0x00, 0x00, 0x00, 0x2F, 0xD0, 0x00,
    0x00, 0x00, 0x0C, 0xF4, 0x00, 0x00, 0x00, 0x04, 0x84, 0x8F, 0xFF, 0xF3,
    0x6C, 0xCF, 0xF3, 0x00, 0x0F, 0xF3, 0x00, 0x0F, 0xF3, 0x00, 0x0F, 0xF3,
    0x00, 0x0F, 0xF3, 0x00, 0x0F, 0xF3, 0x00, 0x0F, 0xF3, 0x00, 0x0F, 0xF3,
    0x00, 0x0F, 0xF3, 0x00, 0x0F, 0xF3, 0x00, 0x0F, 0xF3, 0x00, 0x0F, 0xF3,
    0x00, 0x0F, 0xF3, 0x00, 0x0F, 0xF3, 0x00, 0x0F, 0xF3, 0x00, 0x0F, 0xF3,
    0x00, 0x0F, 0xF3, 0x00, 0x0F, 0xF3, 0x00, 0x0F, 0xF3, 0x00, 0x0F, 0xF3,
    0x6C, 0xCF, 0xF3, 0x8F, 0xFF, 0xF3, 0x00, 0x00, 0x66, 0x00, 0x00, 0x00,
    0x02, 0xFF, 0x20, 0x00, 0x00, 0x09, 0xFF, 0x90, 0x00, 0x00, 0x1E, 0xEE,
    0xE1, 0x00, 0x00, 0x6F, 0x88, 0xF6, 0x00, 0x00, 0xCF, 0x22, 0xFC, 0x00,
    0x03, 0xFB, 0x00, 0xBF, 0x30, 0x0A, 0xF5, 0x00, 0x5F, 0x90, 0x1F, 0xE0,
    0x00, 0x0E, 0xF1, 0x00, 0x00, 0x00, 0x00, 0x00, 0x00, 0x00, 0x00, 0x00,
    0x00, 0x00, 0x00, 0x00, 0x00, 0x00, 0x00, 0x00, 0x00, 0x00, 0x00, 0x00,
    0x00, 0x00, 0x00, 0x00, 0x00, 0x00, 0x00, 0x00, 0x00, 0x00, 0x00, 0x00,
    0x00, 0x00, 0x00, 0x00, 0x00, 0x00, 0x00, 0x00, 0x00, 0x00, 0x00, 0x00,
    0x0C, 0xCC, 0xCC, 0xCC, 0xCC, 0xCC, 0x0F, 0xFF, 0xFF, 0xFF, 0xFF, 0xFF,
    0x17, 0x83, 0x00, 0x00, 0x7F, 0xD1, 0x00, 0x00, 0x9F, 0x90, 0x00, 0x00,
    0xBF, 0x40, 0x00, 0x00, 0x00, 0x00, 0x00, 0x00, 0x00, 0x00, 0x00, 0x00,
    0x00, 0x00, 0x00, 0x00, 0x00, 0x00, 0x00, 0x00, 0x00, 0x00, 0x00, 0x00,
    0x00, 0x00, 0x00, 0x00, 0x00, 0x00, 0x00, 0x00, 0x00, 0x00, 0x00, 0x00,
    0x00, 0x00, 0x00, 0x00, 0x00, 0x00, 0x00, 0x00, 0x00, 0x00, 0x00, 0x00,
    0x00, 0x00, 0x00, 0x00, 0x00, 0x00, 0x00, 0x00, 0x07, 0xCE, 0xFD, 0x91,
    0x00, 0x00, 0x1C, 0xFF, 0xDD, 0xFF, 0xE2, 0x00, 0x0A, 0xFC, 0x20, 0x02,
    0xCF, 0xA0, 0x00, 0x9A, 0x20, 0x00, 0x04, 0xFE, 0x00, 0x00, 0x00, 0x00,
    0x00, 0x3F, 0xF0, 0x00, 0x00, 0x6B, 0xEF, 0xFF, 0xFF, 0x00, 0x01, 0xCF,
    0xFE, 0xDC, 0xCF, 0xF0, 0x00, 0x9F, 0xD4, 0x00, 0x03, 0xFF, 0x00, 0x0E,
    0xF5, 0x00, 0x00, 0x3F, 0xF0, 0x00, 0xEF, 0x40, 0x00, 0x05, 0xFF, 0x00,
    0x0B, 0xFB, 0x10, 0x05, 0xEF, 0xF1, 0x00, 0x3E, 0xFE, 0xDE, 0xFD, 0xFF,
    0x20, 0x00, 0x2A, 0xEF, 0xC7, 0x0B, 0xC5, 0x00, 0x00, 0xFF, 0x30, 0x00,
    0x00, 0x00, 0x00, 0x0F, 0xF3, 0x00, 0x00, 0x00, 0x00, 0x00, 0xFF, 0x30,
    0x00, 0x00, 0x00, 0x00, 0x0F, 0xF3, 0x00, 0x00, 0x00, 0x00, 0x00, 0xFF,
    0x30, 0x00, 0x00, 0x00, 0x00, 0x0F, 0xF3, 0x7C, 0xEE, 0xB4, 0x00, 0x00,
    0xFF, 0xCF, 0xED, 0xEF, 0xF6, 0x00, 0x0F, 0xFE, 0x50, 0x01, 0x9F, 0xF2,
    0x00, 0xFF, 0x50, 0x00, 0x00, 0xCF, 0x80, 0x0F, 0xF3, 0x00, 0x00, 0x06,
    0xFC, 0x00, 0xFF, 0x30, 0x00, 0x00, 0x4F, 0xE0, 0x0F, 0xF3, 0x00, 0x00,
    0x03, 0xFF, 0x00, 0xFF, 0x30, 0x00, 0x00, 0x4F, 0xE0, 0x0F, 0xF3, 0x00,
    0x00, 0x06, 0xFC, 0x00, 0xFF, 0x60, 0x00, 0x00, 0xCF, 0x80, 0x0F, 0xFE,
    0x50, 0x01, 0x9F, 0xE2, 0x00, 0xFF, 0xCF, 0xEC, 0xEF, 0xF5, 0x00, 0x0F,
    0xF1, 0x7C, 0xEE, 0xB4, 0x00, 0x00, 0x02, 0x8D, 0xEE, 0xB6, 0x00, 0x00,
    0x03, 0xEF, 0xFD, 0xEF, 0xFA, 0x00, 0x01, 0xDF, 0x91, 0x00, 0x5E, 0xF7,
    0x00, 0x7F, 0xC0, 0x00, 0x00, 0x7F, 0xD0, 0x0C, 0xF6, 0x00, 0x00, 0x02,
    0x88, 0x00, 0xEF, 0x30, 0x00, 0x00, 0x00, 0x00, 0x0F, 0xF3, 0x00, 0x00,
    0x00, 0x00, 0x00, 0xEF, 0x30, 0x00, 0x00, 0x00, 0x00, 0x0C, 0xF6, 0x00,
    0x00, 0x00, 0x33, 0x00, 0x7F, 0xC0, 0x00, 0x00, 0x5F, 0xD0, 0x01, 0xEF,
    0x91, 0x00, 0x4E, 0xF7, 0x00, 0x03, 0xEF, 0xED, 0xEF, 0xFA, 0x00, 0x00,
    0x02, 0x8D, 0xEE, 0xB5, 0x00, 0x00, 0x00, 0x00, 0x00, 0x00, 0x03, 0xFF,
    0x00, 0x00, 0x00, 0x00, 0x00, 0x03, 0xFF, 0x00, 0x00, 0x00, 0x00, 0x00,
    0x03, 0xFF, 0x00, 0x00, 0x00, 0x00, 0x00, 0x03, 0xFF, 0x00, 0x00, 0x00,
    0x00, 0x00, 0x03, 0xFF, 0x00, 0x00, 0x03, 0xAE, 0xFD, 0x73, 0xFF, 0x00,
    0x00, 0x5F, 0xFF, 0xDE, 0xFD, 0xFF, 0x00, 0x01, 0xEF, 0xA1, 0x00, 0x4E,
    0xFF, 0x00, 0x07, 0xFC, 0x00, 0x00, 0x05, 0xFF, 0x00, 0x0C, 0xF7, 0x00,
    0x00, 0x03, 0xFF, 0x00, 0x0E, 0xF4, 0x00, 0x00, 0x03, 0xFF, 0x00, 0x0F,
    0xF3, 0x00, 0x00, 0x03, 0xFF, 0x00, 0x0E, 0xF4, 0x00, 0x00, 0x03, 0xFF,
    0x00, 0x0C, 0xF6, 0x00, 0x00, 0x03, 0xFF, 0x00, 0x07, 0xFC, 0x00, 0x00,
    0x05, 0xFF, 0x00, 0x01, 0xEF, 0x91, 0x00, 0x4E, 0xFF, 0x00, 0x00, 0x4E,
    0xFE, 0xDE, 0xFD, 0xFF, 0x00, 0x00, 0x03, 0xAE, 0xFD, 0x81, 0xFF, 0x00,
    0x00, 0x01, 0x7D, 0xEE, 0xB4, 0x00, 0x00, 0x02, 0xDF, 0xFD, 0xEF, 0xF7,
    0x00, 0x01, 0xDF, 0xA1, 0x00, 0x5F, 0xF3, 0x00, 0x6F, 0xC0, 0x00, 0x00,
    0x8F, 0x90, 0x0B, 0xF6, 0x00, 0x00, 0x04, 0xFD, 0x00, 0xEF, 0xDC, 0xCC,
    0xCC, 0xDF, 0xE0, 0x0F, 0xFF, 0xFF, 0xFF, 0xFF, 0xFF, 0x00, 0xEF, 0x30,
    0x00, 0x00, 0x00, 0x00, 0x0C, 0xF6, 0x00, 0x00, 0x00, 0x00, 0x00, 0x7F,
    0xD1, 0x00, 0x00, 0x04, 0x00, 0x01, 0xDF, 0xB2, 0x00, 0x18, 0xF9, 0x00,
    0x03, 0xEF, 0xFD, 0xDF, 0xFD, 0x20, 0x00, 0x01, 0x8C, 0xEE, 0xC7, 0x10,
    0x00, 0x00, 0x00, 0x4B, 0xEE, 0x60, 0x00, 0x5F, 0xFE, 0xC7, 0x00, 0x0C,
    0xFA, 0x00, 0x00, 0x00, 0xFF, 0x30, 0x00, 0x00, 0x0F, 0xF3, 0x00, 0x00,
    0xFF, 0xFF, 0xFF, 0xF0, 0x0C, 0xCF, 0xFC, 0xCC, 0x00, 0x00, 0xFF, 0x30,
    0x00, 0x00, 0x0F, 0xF3, 0x00, 0x00, 0x00, 0xFF, 0x30, 0x00, 0x00, 0x0F,
    0xF3, 0x00, 0x00, 0x00, 0xFF, 0x30, 0x00, 0x00, 0x0F, 0xF3, 0x00, 0x00,
    0x00, 0xFF, 0x30, 0x00, 0x00, 0x0F, 0xF3, 0x00, 0x00, 0x00, 0xFF, 0x30,
    0x00, 0x00, 0x0F, 0xF3, 0x00, 0x00, 0x00, 0xFF, 0x30, 0x00, 0x00, 0x03,
    0xAE, 0xFC, 0x71, 0xFF, 0x00, 0x05, 0xFF, 0xFD, 0xEF, 0xCF, 0xF0, 0x01,
    0xEF, 0x91, 0x00, 0x4E, 0xFF, 0x00, 0x8F, 0xC0, 0x00, 0x00, 0x5F, 0xF0,
    0x0C, 0xF7, 0x00, 0x00, 0x03, 0xFF, 0x00, 0xEF, 0x40, 0x00, 0x00, 0x3F,
    0xF0, 0x0F, 0xF3, 0x00, 0x00, 0x03, 0xFF, 0x00, 0xEF, 0x40, 0x00, 0x00,
    0x3F, 0xF0, 0x0C, 0xF6, 0x00, 0x00, 0x03, 0xFF, 0x00, 0x7F, 0xC0, 0x00,
    0x00, 0x5F, 0xF0, 0x01, 0xEF, 0x91, 0x00, 0x4E, 0xFF, 0x00, 0x05, 0xFF,
    0xEC, 0xEF, 0xDF, 0xF0, 0x00, 0x03, 0xAE, 0xFD, 0x73, 0xFF, 0x00, 0x00,
    0x00, 0x00, 0x00, 0x5F, 0xE0, 0x00, 0x41, 0x00, 0x00, 0x09, 0xFB, 0x00,
    0x2E, 0xC3, 0x00, 0x07, 0xFF, 0x40, 0x00, 0x9F, 0xFE, 0xDF, 0xFF, 0x70,
    0x00, 0x00, 0x4A, 0xDF, 0xEA, 0x40, 0x00, 0x00, 0xFF, 0x30, 0x00, 0x00,
    0x00, 0x00, 0x0F, 0xF3, 0x00, 0x00, 0x00, 0x00, 0x00, 0xFF, 0x30, 0x00,
    0x00, 0x00, 0x00, 0x0F, 0xF3, 0x00, 0x00, 0x00, 0x00, 0x00, 0xFF, 0x30,
    0x00, 0x00, 0x00, 0x00, 0x0F, 0xF3, 0x5C, 0xEE, 0xB4, 0x00, 0x00, 0xFF,
    0xBF, 0xED, 0xFF, 0xF3, 0x00, 0x0F, 0xFF, 0x60, 0x01, 0xCF, 0xB0, 0x00,
    0xFF, 0x60, 0x00, 0x05, 0xFE, 0x00, 0x0F, 0xF3, 0x00, 0x00, 0x3F, 0xF0,
    0x00, 0xFF, 0x30, 0x00, 0x03, 0xFF, 0x00, 0x0F, 0xF3, 0x00, 0x00, 0x3F,
    0xF0, 0x00, 0xFF, 0x30, 0x00, 0x03, 0xFF, 0x00, 0x0F, 0xF3, 0x00, 0x00,
    0x3F, 0xF0, 0x00, 0xFF, 0x30, 0x00, 0x03, 0xFF, 0x00, 0x0F, 0xF3, 0x00,
    0x00, 0x3F, 0xF0, 0x00, 0xFF, 0x30, 0x00, 0x03, 0xFF, 0x00, 0x0F, 0xF3,
    0x00, 0x00, 0x3F, 0xF0, 0x00, 0xAC, 0x00, 0x00, 0xFF, 0x20, 0x00, 0x8A,
    0x00, 0x00, 0x00, 0x00, 0x00, 0xFF, 0x30, 0x00, 0xFF, 0x30, 0x00, 0xFF,
    0x30, 0x00, 0xFF, 0x30, 0x00, 0xFF, 0x30, 0x00, 0xFF, 0x30, 0x00, 0xFF,
    0x30, 0x00, 0xFF, 0x30, 0x00, 0xFF, 0x30, 0x00, 0xFF, 0x30, 0x00, 0xFF,
    0x30, 0x00, 0xFF, 0x30, 0x00, 0xFF, 0x30, 0x00, 0x0A, 0xC0, 0x00, 0x00,
    0xFF, 0x20, 0x00, 0x08, 0xA0, 0x00, 0x00, 0x00, 0x00, 0x00, 0x0F, 0xF3,
    0x00, 0x00, 0xFF, 0x30, 0x00, 0x0F, 0xF3, 0x00, 0x00, 0xFF, 0x30, 0x00,
    0x0F, 0xF3, 0x00, 0x00, 0xFF, 0x30, 0x00, 0x0F, 0xF3, 0x00, 0x00, 0xFF,
    0x30, 0x00, 0x0F, 0xF3, 0x00, 0x00, 0xFF, 0x30, 0x00, 0x0F, 0xF3, 0x00,
    0x00, 0xFF, 0x30, 0x00, 0x0F, 0xF3, 0x00, 0x00, 0xFF, 0x30, 0x00, 0x0F,
    0xF2, 0x00, 0x05, 0xFF, 0x00, 0x7D, 0xFF, 0xA0, 0x06, 0xEE, 0x91, 0x00,
    0x00, 0xFF, 0x30, 0x00, 0x00, 0x00, 0x00, 0x0F, 0xF3, 0x00, 0x00, 0x00,
    0x00, 0x00, 0xFF, 0x30, 0x00, 0x00, 0x00, 0x00, 0x0F, 0xF3, 0x00, 0x00,
    0x00, 0x00, 0x00, 0xFF, 0x30, 0x00, 0x00, 0x00, 0x00, 0x0F, 0xF3, 0x00,
    0x03, 0xEF, 0x70, 0x00, 0xFF, 0x30, 0x03, 0xEF, 0x80, 0x00, 0x0F, 0xF3,
    0x02, 0xDF, 0xA0, 0x00, 0x00, 0xFF, 0x31, 0xDF, 0xB0, 0x00, 0x00, 0x0F,
    0xF3, 0xCF, 0xC1, 0x00, 0x00, 0x00, 0xFF, 0xCF, 0xF3, 0x00, 0x00, 0x00,
    0x0F, 0xFF, 0xFF, 0xB0, 0x00, 0x00, 0x00, 0xFF, 0xE4, 0xEF, 0x70, 0x00,
    0x00, 0x0F, 0xF4, 0x05, 0xFF, 0x40, 0x00, 0x00, 0xFF, 0x30, 0x09, 0xFD,
    0x10, 0x00, 0x0F, 0xF3, 0x00, 0x1D, 0xFA, 0x00, 0x00, 0xFF, 0x30, 0x00,
    0x3F, 0xF6, 0x00, 0x0F, 0xF3, 0x00, 0x00, 0x6F, 0xE3, 0x00, 0xFF, 0x30,
    0x00, 0xFF, 0x30, 0x00, 0xFF, 0x30, 0x00, 0xFF, 0x30, 0x00, 0xFF, 0x30,
    0x00, 0xFF, 0x30, 0x00, 0xFF, 0x30, 0x00, 0xFF, 0x30, 0x00, 0xFF, 0x30,
    0x00, 0xFF, 0x30, 0x00, 0xFF, 0x30, 0x00, 0xFF, 0x30, 0x00, 0xFF, 0x30,
    0x00, 0xFF, 0x30, 0x00, 0xFF, 0x30, 0x00, 0xFF, 0x30, 0x00, 0xFF, 0x30,
    0x00, 0xFF, 0x30, 0x00, 0xFF, 0x27, 0xCE, 0xEB, 0x30, 0x18, 0xDF, 0xEA,
    0x20, 0x00, 0x0F, 0xFC, 0xFD, 0xDF, 0xFF, 0x5D, 0xFD, 0xDF, 0xFE, 0x10,
    0x00, 0xFF, 0xD3, 0x00, 0x2D, 0xFF, 0xD3, 0x00, 0x3D, 0xF8, 0x00, 0x0F,
    0xF4, 0x00, 0x00, 0x5F, 0xF5, 0x00, 0x00, 0x7F, 0xB0, 0x00, 0xFF, 0x30,
    0x00, 0x03, 0xFF, 0x00, 0x00, 0x05, 0xFC, 0x00, 0x0F, 0xF3, 0x00, 0x00,
    0x3F, 0xF0, 0x00, 0x00, 0x5F, 0xC0, 0x00, 0xFF, 0x30, 0x00, 0x03, 0xFF,
    0x00, 0x00, 0x05, 0xFC, 0x00, 0x0F, 0xF3, 0x00, 0x00, 0x3F, 0xF0, 0x00,
    0x00, 0x5F, 0xC0, 0x00, 0xFF, 0x30, 0x00, 0x03, 0xFF, 0x00, 0x00, 0x05,
    0xFC, 0x00, 0x0F, 0xF3, 0x00, 0x00, 0x3F, 0xF0, 0x00, 0x00, 0x5F, 0xC0,
    0x00, 0xFF, 0x30, 0x00, 0x03, 0xFF, 0x00, 0x00, 0x05, 0xFC, 0x00, 0x0F,
    0xF3, 0x00, 0x00, 0x3F, 0xF0, 0x00, 0x00, 0x5F, 0xC0, 0x00, 0xFF, 0x30,
    0x00, 0x03, 0xFF, 0x00, 0x00, 0x05, 0xFC, 0x00, 0x00, 0xFF, 0x35, 0xCE,
    0xEB, 0x40, 0x00, 0x0F, 0xFA, 0xFE, 0xDF, 0xFF, 0x40, 0x00, 0xFF, 0xF6,
    0x00, 0x1C, 0xFB, 0x00, 0x0F, 0xF6, 0x00, 0x00, 0x5F, 0xE0, 0x00, 0xFF,
    0x30, 0x00, 0x03, 0xFF, 0x00, 0x0F, 0xF3, 0x00, 0x00, 0x3F, 0xF0, 0x00,
    0xFF, 0x30, 0x00, 0x03, 0xFF, 0x00, 0x0F, 0xF3, 0x00, 0x00, 0x3F, 0xF0,
    0x00, 0xFF, 0x30, 0x00, 0x03, 0xFF, 0x00, 0x0F, 0xF3, 0x00, 0x00, 0x3F,
    0xF0, 0x00, 0xFF, 0x30, 0x00, 0x03, 0xFF, 0x00, 0x0F, 0xF3, 0x00, 0x00,
    0x3F, 0xF0, 0x00, 0xFF, 0x30, 0x00, 0x03, 0xFF, 0x00, 0x00, 0x02, 0x9D,
    0xFD, 0xA2, 0x00, 0x00, 0x00, 0x3E, 0xFE, 0xDE, 0xFF, 0x50, 0x00, 0x01,
    0xDF, 0xA1, 0x00, 0x8F, 0xE2, 0x00, 0x07, 0xFD, 0x00, 0x00, 0x0A, 0xF9,
    0x00, 0x0C, 0xF7, 0x00, 0x00, 0x04, 0xFE, 0x00, 0x0E, 0xF4, 0x00, 0x00,
    0x01, 0xFF, 0x10, 0x0F, 0xF3, 0x00, 0x00, 0x00, 0xFF, 0x20, 0x0E, 0xF4,
    0x00, 0x00, 0x01, 0xFF, 0x10, 0x0C, 0xF7, 0x00, 0x00, 0x04, 0xFE, 0x00,
    0x07, 0xFC, 0x00, 0x00, 0x0A, 0xF9, 0x00, 0x01, 0xDF, 0xA1, 0x00, 0x8F,
    0xE2, 0x00, 0x00, 0x3E, 0xFE, 0xDE, 0xFF, 0x50, 0x00, 0x00, 0x02, 0x9D,
    0xFD, 0xA3, 0x00, 0x00, 0x00, 0xFF, 0x17, 0xCE, 0xEB, 0x40, 0x00, 0x0F,
    0xFC, 0xFD, 0xDF, 0xFF, 0x60, 0x00, 0xFF, 0xD4, 0x00, 0x1A, 0xFF, 0x20,
    0x0F, 0xF4, 0x00, 0x00, 0x0D, 0xF8, 0x00, 0xFF, 0x30, 0x00, 0x00, 0x7F,
    0xC0, 0x0F, 0xF3, 0x00, 0x00, 0x04, 0xFE, 0x00, 0xFF, 0x30, 0x00, 0x00,
    0x3F, 0xF0, 0x0F, 0xF3, 0x00, 0x00, 0x04, 0xFE, 0x00, 0xFF, 0x30, 0x00,
    0x00, 0x7F, 0xC0, 0x0F, 0xF4, 0x00, 0x00, 0x0D, 0xF8, 0x00, 0xFF, 0xD3,
    0x00, 0x1A, 0xFE, 0x20, 0x0F, 0xFD, 0xFD, 0xDF, 0xFF, 0x50, 0x00, 0xFF,
    0x37, 0xCF, 0xEB, 0x40, 0x00, 0x0F, 0xF3, 0x00, 0x00, 0x00, 0x00, 0x00,
    0xFF, 0x30, 0x00, 0x00, 0x00, 0x00, 0x0F, 0xF3, 0x00, 0x00, 0x00, 0x00,
    0x00, 0xFF, 0x30, 0x00, 0x00, 0x00, 0x00, 0x0F, 0xF3, 0x00, 0x00, 0x00,
    0x00, 0x00, 0x03, 0xAE, 0xFD, 0x71, 0xFF, 0x00, 0x00, 0x5F, 0xFF, 0xDD,
    0xFD, 0xFF, 0x00, 0x01, 0xEF, 0xA1, 0x00, 0x4D, 0xFF, 0x00, 0x08, 0xFD,
    0x00, 0x00, 0x04, 0xFF, 0x00, 0x0C, 0xF7, 0x00, 0x00, 0x03, 0xFF, 0x00,
    0x0E, 0xF4, 0x00, 0x00, 0x03, 0xFF, 0x00, 0x0F, 0xF3, 0x00, 0x00, 0x03,
    0xFF, 0x00, 0x0E, 0xF4, 0x00, 0x00, 0x03, 0xFF, 0x00, 0x0C, 0xF7, 0x00,
    0x00, 0x03, 0xFF, 0x00, 0x07, 0xFD, 0x00, 0x00, 0x04, 0xFF, 0x00, 0x01,
    0xEF, 0xA1, 0x00, 0x4D, 0xFF, 0x00, 0x00, 0x5F, 0xFF, 0xDD, 0xFD, 0xFF,
    0x00, 0x00, 0x03, 0xAE, 0xFD, 0x73, 0xFF, 0x00, 0x00, 0x00, 0x00, 0x00,
    0x03, 0xFF, 0x00, 0x00, 0x00, 0x00, 0x00, 0x03, 0xFF, 0x00, 0x00, 0x00,
    0x00, 0x00, 0x03, 0xFF, 0x00, 0x00, 0x00, 0x00, 0x00, 0x03, 0xFF, 0x00,
    0x00, 0x00, 0x00, 0x00, 0x03, 0xFF, 0x00, 0x00, 0xFF, 0x3A, 0xEE, 0x00,
    0xFF, 0xEF, 0xDD, 0x00, 0xFF, 0xD3, 0x00, 0x00, 0xFF, 0x40, 0x00, 0x00,
    0xFF, 0x30, 0x00, 0x00, 0xFF, 0x30, 0x00, 0x00, 0xFF, 0x30, 0x00, 0x00,
    0xFF, 0x30, 0x00, 0x00, 0xFF, 0x30, 0x00, 0x00, 0xFF, 0x30, 0x00, 0x00,
    0xFF, 0x30, 0x00, 0x00, 0xFF, 0x30, 0x00, 0x00, 0xFF, 0x30, 0x00, 0x00,
    0x03, 0xAE, 0xFD, 0x91, 0x00, 0x00, 0x5F, 0xFE, 0xDF, 0xFE, 0x20, 0x00,
    0xEF, 0x80, 0x01, 0xCF, 0xA0, 0x02, 0xFF, 0x10, 0x00, 0x4E, 0xD0, 0x01,
    0xFF, 0x60, 0x00, 0x00, 0x00, 0x00, 0x8F, 0xFC, 0x73, 0x00, 0x00, 0x00,
    0x04, 0xBF, 0xFF, 0xD5, 0x00, 0x00, 0x00, 0x01, 0x5A, 0xFF, 0x70, 0x02,
    0x20, 0x00, 0x00, 0x7F, 0xD0, 0x0E, 0xF4, 0x00, 0x00, 0x4F, 0xF0, 0x09,
    0xFC, 0x20, 0x01, 0xAF, 0xB0, 0x01, 0xCF, 0xFD, 0xDF, 0xFE, 0x30, 0x00,
    0x07, 0xCE, 0xFD, 0x92, 0x00, 0x00, 0x0F, 0xF3, 0x00, 0x00, 0x00, 0xFF,
    0x30, 0x00, 0x00, 0x0F, 0xF3, 0x00, 0x00, 0xFF, 0xFF, 0xFF, 0xF0, 0x0C,
    0xCF, 0xFC, 0xCC, 0x00, 0x00, 0xFF, 0x30, 0x00, 0x00, 0x0F, 0xF3, 0x00,
    0x00, 0x00, 0xFF, 0x30, 0x00, 0x00, 0x0F, 0xF3, 0x00, 0x00, 0x00, 0xFF,
    0x30, 0x00, 0x00, 0x0F, 0xF3, 0x00, 0x00, 0x00, 0xFF, 0x30, 0x00, 0x00,
    0x0F, 0xF3, 0x00, 0x00, 0x00, 0xEF, 0x60, 0x00, 0x00, 0x09, 0xFF, 0xDD,
    0x10, 0x00, 0x19, 0xEF, 0xD1, 0x00, 0xFF, 0x30, 0x00, 0x03, 0xFF, 0x00,
    0x0F, 0xF3, 0x00, 0x00, 0x3F, 0xF0, 0x00, 0xFF, 0x30, 0x00, 0x03, 0xFF,
    0x00, 0x0F, 0xF3, 0x00, 0x00, 0x3F, 0xF0, 0x00, 0xFF, 0x30, 0x00, 0x03,
    0xFF, 0x00, 0x0F, 0xF3, 0x00, 0x00, 0x3F, 0xF0, 0x00, 0xFF, 0x30, 0x00,
    0x03, 0xFF, 0x00, 0x0F, 0xF3, 0x00, 0x00, 0x3F, 0xF0, 0x00, 0xFF, 0x30,
    0x00, 0x03, 0xFF, 0x00, 0x0E, 0xF5, 0x00, 0x00, 0x5F, 0xF0, 0x00, 0xAF,
    0xC1, 0x00, 0x4E, 0xFF, 0x00, 0x03, 0xEF, 0xFD, 0xEF, 0xDF, 0xF0, 0x00,
    0x03, 0xBE, 0xFD, 0x82, 0xFF, 0x00, 0x7F, 0xC0, 0x00, 0x00, 0x3F, 0xE1,
    0x1F, 0xF2, 0x00, 0x00, 0x7F, 0xA0, 0x0B, 0xF6, 0x00, 0x00, 0xCF, 0x50,
    0x06, 0xFB, 0x00, 0x02, 0xFE, 0x00, 0x01, 0xFF, 0x10, 0x07, 0xF9, 0x00,
    0x00, 0xAF, 0x60, 0x0B, 0xF4, 0x00, 0x00, 0x5F, 0xB0, 0x1F, 0xE0, 0x00,
    0x00, 0x0E, 0xF1, 0x6F, 0x80, 0x00, 0x00, 0x09, 0xF6, 0xBF, 0x30, 0x00,
    0x00, 0x04, 0xFB, 0xFD, 0x00, 0x00, 0x00, 0x00, 0xDF, 0xF8, 0x00, 0x00,
    0x00, 0x00, 0x8F, 0xF2, 0x00, 0x00, 0x00, 0x00, 0x3F, 0xC0, 0x00, 0x00,
    0x5F, 0xC0, 0x00, 0x01, 0xFF, 0x10, 0x00, 0x0C, 0xF5, 0x1F, 0xF1, 0x00,
    0x05, 0xFF, 0x50, 0x00, 0x1F, 0xF1, 0x0C, 0xF5, 0x00, 0x0A, 0xFF, 0x90,
    0x00, 0x5F, 0xB0, 0x08, 0xF9, 0x00, 0x0E, 0xDE, 0xE0, 0x00, 0x8F, 0x70,
    0x03, 0xFC, 0x00, 0x4F, 0x89, 0xF4, 0x00, 0xCF, 0x30, 0x00, 0xEF, 0x10,
    0x8F, 0x45, 0xF8, 0x01, 0xFE, 0x00, 0x00, 0xAF, 0x50, 0xDE, 0x01, 0xED,
    0x04, 0xF9, 0x00, 0x00, 0x6F, 0x92, 0xF9, 0x00, 0xAF, 0x28, 0xF5, 0x00,
    0x00, 0x1F, 0xD7, 0xF5, 0x00, 0x6F, 0x7C, 0xF1, 0x00, 0x00, 0x0C, 0xFD,
    0xF1, 0x00, 0x1F, 0xCF, 0xC0, 0x00, 0x00, 0x08, 0xFF, 0xB0, 0x00, 0x0B,
    0xFF, 0x80, 0x00, 0x00, 0x04, 0xFF, 0x60, 0x00, 0x07, 0xFF, 0x30, 0x00,
    0x00, 0x00, 0xEF, 0x20, 0x00, 0x02, 0xFE, 0x00, 0x00, 0x2E, 0xF6, 0x00,
    0x00, 0x9F, 0xD1, 0x06, 0xFE, 0x10, 0x03, 0xFF, 0x40, 0x00, 0xBF, 0x90,
    0x0C, 0xFA, 0x00, 0x00, 0x2F, 0xF3, 0x6F, 0xE1, 0x00, 0x00, 0x07, 0xFC,
    0xEF, 0x50, 0x00, 0x00, 0x00, 0xCF, 0xFB, 0x00, 0x00, 0x00, 0x00, 0x6F,
    0xF4, 0x00, 0x00, 0x00, 0x01, 0xDF, 0xFC, 0x00, 0x00, 0x00, 0x09, 0xFB,
    0xCF, 0x70, 0x00, 0x00, 0x4F, 0xF2, 0x4F, 0xE2, 0x00, 0x00, 0xDF, 0x80,
    0x0A, 0xFB, 0x00, 0x08, 0xFD, 0x10, 0x01, 0xEF, 0x60, 0x3F, 0xF5, 0x00,
    0x00, 0x6F, 0xE2, 0x8F, 0xC0, 0x00, 0x00, 0x6F, 0xD0, 0x3F, 0xF2, 0x00,
    0x00, 0xBF, 0x80, 0x0D, 0xF7, 0x00, 0x01, 0xFF, 0x30, 0x07, 0xFC, 0x00,
    0x05, 0xFD, 0x00, 0x02, 0xFF, 0x20, 0x0A, 0xF8, 0x00, 0x00, 0xCF, 0x70,
    0x0E, 0xF3, 0x00, 0x00, 0x6F, 0xC0, 0x4F, 0xD0, 0x00, 0x00, 0x1F, 0xF2,
    0x8F, 0x70, 0x00, 0x00, 0x0B, 0xF7, 0xDF, 0x20, 0x00, 0x00, 0x05, 0xFD,
    0xFC, 0x00, 0x00, 0x00, 0x01, 0xEF, 0xF7, 0x00, 0x00, 0x00, 0x00, 0xAF,
    0xF2, 0x00, 0x00, 0x00, 0x00, 0x5F, 0xC0, 0x00, 0x00, 0x00, 0x00, 0x8F,
    0x60, 0x00, 0x00, 0x00, 0x00, 0xDF, 0x10, 0x00, 0x00, 0x00, 0x19, 0xFA,
    0x00, 0x00, 0x00, 0x0E, 0xFF, 0xE2, 0x00, 0x00, 0x00, 0x0E, 0xEB, 0x30,
    0x00, 0x00, 0x00, 0x0F, 0xFF, 0xFF, 0xFF, 0xFF, 0xF0, 0x0C, 0xCC, 0xCC,
    0xCC, 0xFF, 0xE0, 0x00, 0x00, 0x00, 0x05, 0xFF, 0x40, 0x00, 0x00, 0x00,
    0x2E, 0xF8, 0x00, 0x00, 0x00, 0x00, 0xCF, 0xB0, 0x00, 0x00, 0x00, 0x09,
    0xFE, 0x20, 0x00, 0x00, 0x00, 0x5F, 0xF4, 0x00, 0x00, 0x00, 0x02, 0xEF,
    0x80, 0x00, 0x00, 0x00, 0x0C, 0xFB, 0x00, 0x00, 0x00, 0x00, 0x9F, 0xE1,
    0x00, 0x00, 0x00, 0x05, 0xFF, 0x40, 0x00, 0x00, 0x00, 0x0E, 0xFE, 0xCC,
    0xCC, 0xCC, 0xC0, 0x0F, 0xFF, 0xFF, 0xFF, 0xFF, 0xF0, 0x00, 0x00, 0x00,
    0x42, 0x00, 0x00, 0x2C, 0xF7, 0x00, 0x01, 0xDF, 0x70, 0x00, 0x08, 0xFA,
    0x00, 0x00, 0x0D, 0xF5, 0x00, 0x00, 0x0E, 0xF3, 0x00, 0x00, 0x0F, 0xF3,
    0x00, 0x00, 0x0F, 0xF3, 0x00, 0x00, 0x0F, 0xF2, 0x00, 0x00, 0x3F, 0xF1,
    0x00, 0x01, 0xAF, 0xB0, 0x00, 0x6E, 0xFD, 0x20, 0x00, 0x8F, 0xFA, 0x10,
    0x00, 0x03, 0xCF, 0x90, 0x00, 0x00, 0x4F, 0xE0, 0x00, 0x00, 0x1F, 0xF2,
    0x00, 0x00, 0x0F, 0xF3, 0x00, 0x00, 0x0F, 0xF3, 0x00, 0x00, 0x0F, 0xF3,
    0x00, 0x00, 0x0D, 0xF5, 0x00, 0x00, 0x09, 0xF9, 0x00, 0x00, 0x02, 0xEF,
    0x40, 0x00, 0x00, 0x4E, 0xF6, 0x00, 0x00, 0x01, 0x73, 0x00, 0xFF, 0x30,
    0x00, 0xFF, 0x30, 0x00, 0xFF, 0x30, 0x00, 0xFF, 0x30, 0x00, 0xFF, 0x30,
    0x00, 0xFF, 0x30, 0x00, 0xFF, 0x30, 0x00, 0xFF, 0x30, 0x00, 0xFF, 0x30,
    0x00, 0xFF, 0x30, 0x00, 0xFF, 0x30, 0x00, 0xFF, 0x30, 0x00, 0xFF, 0x30,
    0x00, 0xFF, 0x30, 0x00, 0xFF, 0x30, 0x00, 0xFF, 0x30, 0x00, 0xFF, 0x30,
    0x00, 0xFF, 0x30, 0x00, 0xFF, 0x30, 0x00, 0xFF, 0x30, 0x00, 0x88, 0x10,
    0x15, 0x00, 0x00, 0x00, 0x5F, 0xD3, 0x00, 0x00, 0x05, 0xFE, 0x30, 0x00,
    0x00, 0x8F, 0xB0, 0x00, 0x00, 0x3F, 0xF0, 0x00, 0x00, 0x1F, 0xF2, 0x00,
    0x00, 0x0F, 0xF3, 0x00, 0x00, 0x0F, 0xF3, 0x00, 0x00, 0x0F, 0xF3, 0x00,
    0x00, 0x0D, 0xF5, 0x00, 0x00, 0x08, 0xFC, 0x10, 0x00, 0x00, 0xBF, 0xE6,
    0x00, 0x00, 0x7F, 0xF8, 0x00, 0x06, 0xFD, 0x40, 0x00, 0x0C, 0xF6, 0x00,
    0x00, 0x0F, 0xF3, 0x00, 0x00, 0x0F, 0xF3, 0x00, 0x00, 0x0F, 0xF3, 0x00,
    0x00, 0x0F, 0xF2, 0x00, 0x00, 0x2F, 0xF1, 0x00, 0x00, 0x7F, 0xC0, 0x00,
    0x03, 0xEF, 0x40, 0x00, 0x4F, 0xF6, 0x00, 0x00, 0x18, 0x20, 0x00, 0x00,
    0x00, 0x01, 0x9B, 0xA4, 0x00, 0x00, 0x08, 0x81, 0x00, 0x1D, 0xFF, 0xFF,
    0x70, 0x00, 0x2F, 0xF1, 0x00, 0x9F, 0xC2, 0x2A, 0xF8, 0x00, 0xAF, 0xC0,
    0x00, 0xDF, 0x50, 0x00, 0x9F, 0xEE, 0xFF, 0x40, 0x00, 0x99, 0x20, 0x00,
    0x06, 0xDF, 0xC4, 0x00, 0x00, 0x00, 0x00, 0x00, 0x00, 0x00, 0x00, 0x00,
    0x00, 0x00, 0x00, 0x00, 0x00, 0x00, 0x00, 0x00, 0x00, 0x00, 0x00, 0x00,
    0x00, 0x00, 0x00, 0x00, 0x00, 0x00, 0x00, 0x00, 0x00, 0x00, 0x00, 0x00,
    0x00, 0x00, 0x00, 0x00, 0x00, 0x00, 0x00, 0x00, 0x00, 0x01, 0xA3, 0x00,
    0x00, 0xAB, 0x00, 0x00, 0x5F, 0x30, 0x00, 0x0B, 0xF1, 0x00, 0x00, 0xEF,
    0xB0, 0x00, 0x0E, 0xFF, 0x00, 0x00, 0x8E, 0x90, 0x00, 0x00, 0x00, 0x00,
    0x02, 0x00, 0x00, 0x00, 0x00, 0x1F, 0xA0, 0x00, 0x00, 0x00, 0x6F, 0x70,
    0x00, 0x00, 0x00, 0xBF, 0x20, 0x00, 0x00, 0x01, 0xFC, 0x00, 0x00, 0x00,
    0x06, 0xF7, 0x00, 0x00, 0x00, 0x0B, 0xF2, 0x00, 0x00, 0x00, 0x1F, 0xB0,
    0x00, 0x00, 0x00, 0x6F, 0x60, 0x00, 0x00, 0x00, 0xBF, 0x10, 0x00, 0x00,
    0x02, 0xFB, 0x00, 0x00, 0x00, 0x07, 0xF6, 0x00, 0x00, 0x00, 0x0C, 0xF1,
    0x00, 0x00, 0x00, 0x2F, 0xB0, 0x00, 0x00, 0x00, 0x7F, 0x60, 0x00, 0x00,
    0x00, 0xCF, 0x10, 0x00, 0x00, 0x02, 0xFA, 0x00, 0x00, 0x00, 0x07, 0xF5,
    0x00, 0x00, 0x00, 0x0D, 0xE1, 0x00, 0x00, 0x00, 0x3F, 0xA0, 0x00, 0x00,
    0x00, 0x04, 0x30, 0x00, 0x00, 0x00, 0x00, 0x00, 0x00, 0x01, 0xAE, 0xC3,
    0x00, 0x00, 0x00, 0x13, 0x01, 0xD9, 0x15, 0xC0, 0x00, 0x00, 0x05, 0xC0,
    0xAA, 0x00, 0x1E, 0x00, 0x00, 0x00, 0x1F, 0x8E, 0x11, 0x3B, 0xA0, 0x00,
    0x00, 0x00, 0xFC, 0xEF, 0xEC, 0x81, 0x00, 0x00, 0x00, 0x3D, 0x00, 0x00,
    0x00, 0x00, 0x00, 0x00, 0x00, 0x40, 0x00, 0x00, 0x00, 0x00, 0x00, 0x00,
    0x00, 0x00, 0x00, 0x00, 0x00, 0x00, 0x00, 0x00, 0x03, 0xDD, 0x40, 0x00,
    0x00, 0x00, 0x00, 0x94, 0x01, 0x11, 0x3A, 0x10, 0x00, 0x00, 0x88, 0x00,
    0x00, 0x00, 0x7A, 0x00, 0x00, 0x00, 0x00, 0x00, 0x00, 0x00, 0x00, 0x00,
    0x03, 0x00, 0x00, 0x00, 0x00, 0x00, 0x30, 0x00, 0xD1, 0x00, 0x00, 0x00,
    0x00, 0x0E, 0x00, 0x0D, 0x10, 0x00, 0x00, 0x00, 0x00, 0xE0, 0x00, 0x40,
    0x00, 0x00, 0x00, 0x00, 0x05, 0x00, 0x00, 0x00, 0x00, 0x00, 0x00, 0x00,
    0x00, 0x00, 0x08, 0x60, 0x00, 0x00, 0x05, 0xA0, 0x00, 0x00, 0x1B, 0x40,
    0x00, 0x03, 0xC1, 0x00, 0x00, 0x00, 0x00, 0x3D, 0xD5, 0x00, 0x00, 0x00,
    0x00, 0x00, 0x00, 0x2B, 0xED, 0x60, 0x00, 0x00, 0x00, 0x00, 0x0C, 0x71,
    0x24, 0x00, 0x00, 0x00, 0x04, 0x80, 0xE1, 0x00, 0x00, 0x00, 0x00, 0x00,
    0x3E, 0x4B, 0xA6, 0x9D, 0x00, 0x00, 0x00, 0x00, 0xFF, 0xEC, 0xA6, 0x30,
    0x00, 0x00, 0x00, 0x2F, 0x00, 0x00, 0x00, 0x00, 0x00, 0x00, 0x01, 0x50,
    0x00, 0x00, 0x00, 0x00, 0x00, 0x00, 0x00, 0x00, 0x00, 0x00, 0x00, 0x00,
    0x00, 0x00, 0x03, 0xDD, 0x40, 0x00, 0x00, 0x00, 0x00, 0x94, 0x01, 0x11,
    0x3A, 0x10, 0x00, 0x00, 0x88, 0x00, 0x00, 0x00, 0x7A, 0x00, 0x00, 0x00,
    0x00, 0x00, 0x00, 0x00, 0x00, 0x00, 0x03, 0x00, 0x00, 0x00, 0x00, 0x00,
    0x30, 0x00, 0xD1, 0x00, 0x00, 0x00, 0x00, 0x0E, 0x00, 0x0D, 0x10, 0x00,
    0x00, 0x00, 0x00, 0xE0, 0x00, 0x40, 0x00, 0x00, 0x00, 0x00, 0x05, 0x00,
    0x00, 0x00, 0x00, 0x00, 0x00, 0x00, 0x00, 0x00, 0x08, 0x60, 0x00, 0x00,
    0x05, 0xA0, 0x00, 0x00, 0x1B, 0x40, 0x00, 0x03, 0xC1, 0x00, 0x00, 0x00,
    0x00, 0x3D, 0xD5, 0x00, 0x00, 0x00, 0x00, 0x2C, 0xEC, 0x61, 0x00, 0x00,
    0x00, 0x00, 0x0A, 0x61, 0x5C, 0xEB, 0x30, 0x00, 0x00, 0x00, 0x00, 0x4B,
    0xFD, 0xB3, 0x12, 0x00, 0x00, 0x00, 0x9E, 0x93, 0x00, 0x06, 0xA0, 0x00,
    0x00, 0x6D, 0x30, 0x00, 0x00, 0x2E, 0x00, 0x00, 0x0D, 0x40, 0x00, 0x00,
    0x01, 0xE0, 0x00, 0x00, 0xF1, 0x00, 0x00, 0x00, 0x3C, 0x00, 0x00, 0x0D,
    0x40, 0x00, 0x00, 0x0B, 0x70, 0x00, 0x00, 0x6D, 0x51, 0x00, 0x5C, 0xB0,
    0x00, 0x00, 0x00, 0x4B, 0xEF, 0x37, 0x60, 0x00, 0x00, 0x00, 0x00, 0x00,
    0x00, 0x00, 0x00, 0x00, 0x00, 0x00, 0x00, 0x00, 0x00, 0x00, 0x00, 0x00,
    0x00, 0x00, 0x00, 0x00, 0x00, 0x00, 0x00, 0x00, 0x00, 0x00, 0x3D, 0xD4,
    0x00, 0x00, 0x00, 0x00, 0x09, 0x40, 0x11, 0x13, 0xA1, 0x00, 0x00, 0x08,
    0x80, 0x00, 0x00, 0x07, 0xA0, 0x00, 0x00, 0x00, 0x00, 0x00, 0x00, 0x00,
    0x00, 0x00, 0x30, 0x00, 0x00, 0x00, 0x00, 0x03, 0x00, 0x0D, 0x10, 0x00,
    0x00, 0x00, 0x00, 0xE0, 0x00, 0xD1, 0x00, 0x00, 0x00, 0x00, 0x0E, 0x00,
    0x04, 0x00, 0x00, 0x00, 0x00, 0x00, 0x50, 0x00, 0x00, 0x00, 0x00, 0x00,
    0x00, 0x00, 0x00, 0x00, 0x86, 0x00, 0x00, 0x00, 0x5A, 0x00, 0x00, 0x01,
    0xB4, 0x00, 0x00, 0x3C, 0x10, 0x00, 0x00, 0x00, 0x03, 0xDD, 0x50, 0x00,
    0x00, 0x00, 0x00, 0x00, 0x15, 0x00, 0x00, 0x00, 0x00, 0x00, 0x00, 0x01,
    0xE0, 0x00, 0x00, 0x00, 0x00, 0x00, 0x00, 0x1E, 0x00, 0x00, 0x00, 0x00,
    0x00, 0x00, 0x01, 0xE2, 0xBE, 0xC3, 0x00, 0x00, 0x00, 0x00, 0x1E, 0xE9,
    0x16, 0xC0, 0x00, 0x00, 0x00, 0x01, 0xFA, 0x00, 0x1F, 0x00, 0x00, 0x00,
    0x00, 0x3D, 0x10, 0x29, 0xB0, 0x00, 0x00, 0x00, 0xBE, 0xED, 0xEE, 0x91,
    0x00, 0x00, 0x00, 0x02, 0x22, 0x21, 0x00, 0x00, 0x00, 0x00, 0x00, 0x00,
    0x00, 0x00, 0x00, 0x00, 0x00, 0x00, 0x00, 0x00, 0x00, 0x00, 0x00, 0x00,
    0x00, 0x00, 0x00, 0x3D, 0xD4, 0x00, 0x00, 0x00, 0x00, 0x09, 0x40, 0x11,
    0x13, 0xA1, 0x00, 0x00, 0x08, 0x80, 0x00, 0x00, 0x07, 0xA0, 0x00, 0x00,
    0x00, 0x00, 0x00, 0x00, 0x00, 0x00, 0x00, 0x30, 0x00, 0x00, 0x00, 0x00,
    0x03, 0x00, 0x0D, 0x10, 0x00, 0x00, 0x00, 0x00, 0xE0, 0x00, 0xD1, 0x00,
    0x00, 0x00, 0x00, 0x0E, 0x00, 0x04, 0x00, 0x00, 0x00, 0x00, 0x00, 0x50,
    0x00, 0x00, 0x00, 0x00, 0x00, 0x00, 0x00, 0x00, 0x00, 0x86, 0x00, 0x00,
    0x00, 0x5A, 0x00, 0x00, 0x01, 0xB4, 0x00, 0x00, 0x3C, 0x10, 0x00, 0x00,
    0x00, 0x03, 0xDD, 0x50, 0x00, 0x00, 0x00, 0x00, 0x01, 0xA3, 0x00, 0x00,
    0xAB, 0x00, 0x00, 0x5F, 0x30, 0x00, 0x0B, 0xF1, 0x00, 0x00, 0xEF, 0xB0,
    0x00, 0x0E, 0xFF, 0x00, 0x00, 0x8E, 0x90, 0x00, 0x00, 0x00, 0x00, 0x00,
    0x00, 0x00, 0x00, 0x08, 0xE8, 0x00, 0x00, 0xEF, 0xE0, 0x00, 0x08, 0xE8,
    0x00, 0x00, 0x19, 0xDF, 0xD8, 0x10, 0x02, 0xDF, 0xFF, 0xFF, 0xA0, 0x0A,
    0xFC, 0x42, 0x4B, 0x30, 0x0E, 0xF2, 0x00, 0x00, 0x00, 0x0E, 0xF1, 0x00,
    0x00, 0x00, 0x0A, 0xFA, 0x00, 0x00, 0x00, 0x01, 0xDF, 0x70, 0x00, 0x00,
    0x00, 0x2E, 0xF3, 0x00, 0x00, 0x00, 0x06, 0xFA, 0x00, 0x00, 0x00, 0x01,
    0xFE, 0x00, 0x00, 0x00, 0x00, 0xFF, 0x00, 0x00, 0x00, 0x00, 0x00, 0x00,
    0x00, 0x00, 0x00, 0x00, 0x00, 0x00, 0x00, 0x00, 0x8E, 0x80, 0x00, 0x00,
    0x00, 0xEF, 0xE0, 0x00, 0x00, 0x00, 0x8E, 0x80, 0x00, 0x00, 0x00, 0x01,
    0x00, 0x00, 0x00, 0x04, 0xDF, 0xFC, 0x40, 0x00, 0x4F, 0xFF, 0xFF, 0x80,
    0x00, 0xCF, 0xA1, 0x15, 0x20, 0x00, 0xFF, 0x10, 0x00, 0x00, 0x00, 0xDF,
    0x40, 0x00, 0x00, 0x00, 0x6F, 0xE5, 0x6B, 0xE0, 0x00, 0x0B, 0xFF, 0xFF,
    0xF0, 0x04, 0xCF, 0xFE, 0x95, 0x10, 0x08, 0xFC, 0x50, 0x00, 0x00, 0x04,
    0x40, 0x00, 0x00, 0x00, 0x00, 0x00, 0x00, 0x00, 0x00, 0x01, 0xBE, 0x60,
    0x02, 0xA0, 0x1D, 0xD4, 0xCA, 0x2C, 0xF2, 0x7E, 0x20, 0x09, 0xFD, 0x40,
    0x03, 0x00, 0x00, 0x20, 0x00, 0x00, 0x00, 0xFF, 0x00, 0x00, 0x00, 0x00,
    0xFF, 0x00, 0x00, 0x00, 0x00, 0xFF, 0x00, 0x00, 0x00, 0x00, 0xFF, 0x00,
    0x00, 0x00, 0x00, 0xFF, 0x00, 0x00, 0x00, 0x00, 0xFF, 0x00, 0x00, 0x00,
    0x00, 0xFF, 0x00, 0x00, 0x00, 0x00, 0xFF, 0x00, 0x00, 0x00, 0x00, 0xFF,
    0x00, 0x00, 0x00, 0x00, 0xFF, 0x00, 0x00, 0x00, 0x00, 0xFF, 0x00, 0x00,
    0x00, 0x00, 0xFF, 0x00, 0x00, 0x00, 0x00, 0xFF, 0x00, 0x00, 0x00, 0x00,
    0xFF, 0x00, 0x00, 0x00, 0x00, 0xFF, 0x00, 0x00, 0x03, 0xCE, 0x80, 0x0D,
    0x83, 0x30, 0x0E, 0x20, 0x21, 0x07, 0xED, 0xE2, 0x3E, 0xB5, 0x00, 0x12,
    0x00, 0x00, 0x00, 0xFF, 0x00, 0x00, 0xFF, 0x00, 0x00, 0xFF, 0x00, 0x00,
    0xFF, 0x00, 0x00, 0xFF, 0x00, 0x00, 0xFF, 0x00, 0x00, 0xFF, 0x00, 0x00,
    0xFF, 0x00, 0x00, 0xFF, 0x00, 0x00, 0xFF, 0x00, 0x00, 0xFF, 0x00, 0x00,
    0xFF, 0x00, 0x00, 0xFF, 0x00, 0x00, 0xFF, 0x00, 0x00, 0xFF, 0x00, 0x00,
    0x03, 0xDE, 0x40, 0x00, 0x00, 0x00, 0xC7, 0x32, 0x00, 0x00, 0x00, 0x0E,
    0x10, 0x10, 0x00, 0x00, 0x00, 0x8D, 0xCD, 0x00, 0x00, 0x00, 0x2C, 0xE8,
    0x20, 0x00, 0x00, 0x02, 0x61, 0x00, 0x00, 0x00, 0x00, 0x00, 0x00, 0x00,
    0x00, 0x00, 0x01, 0xAE, 0xD7, 0x00, 0x00, 0x00, 0xCF, 0xFF, 0xF8, 0x00,
    0x00, 0x5F, 0xC3, 0x5E, 0xF2, 0x00, 0x0B, 0xF5, 0x00, 0x7F, 0x80, 0x00,
    0xEF, 0x10, 0x03, 0xFC, 0x00, 0x0F, 0xF1, 0x00, 0x1F, 0xE0, 0x00, 0xDF,
    0x93, 0x25, 0xFF, 0x00, 0x06, 0xFF, 0xFF, 0xFF, 0xE0, 0x00, 0x06, 0xCF,
    0xEC, 0xFD, 0x00, 0x00, 0x00, 0x00, 0x3F, 0xA0, 0x00, 0x00, 0x00, 0x0B,
    0xF4, 0x00, 0x00, 0x00, 0x09, 0xFC, 0x00, 0x00, 0x00, 0x5C, 0xFE, 0x20,
    0x00, 0x08, 0xEF, 0xFC, 0x20, 0x00, 0x00, 0x7F, 0xC6, 0x00, 0x00, 0x00,
    0x01, 0x10, 0x00, 0x00, 0x00, 0x00, 0x00, 0xFF, 0x00, 0x00, 0xFF, 0x00,
    0x00, 0xFF, 0x00, 0x00, 0xFF, 0x00, 0x00, 0xFF, 0x00, 0x00, 0xFF, 0x00,
    0x00, 0xFF, 0x00, 0x00, 0xFF, 0x00, 0x00, 0xFF, 0x00, 0x00, 0xFF, 0x00,
    0x00, 0xFF, 0x00, 0x00, 0xFF, 0x00, 0x00, 0xFF, 0x00, 0x00, 0xFF, 0x00,
    0x00, 0xFF, 0x00, 0x00, 0xFF, 0x00, 0x00, 0x00, 0x00, 0x03, 0xCE, 0x70,
    0x0C, 0x83, 0x30, 0x0E, 0x10, 0x10, 0x08, 0xDB, 0xF2, 0x2C, 0xE9, 0x20,
    0x26, 0x10, 0x00, 0x00, 0x00, 0x3C, 0xE7, 0x00, 0x00, 0x00, 0x00, 0x00,
    0x00, 0x0D, 0x73, 0x30, 0x00, 0x00, 0x00, 0x00, 0x00, 0x00, 0xE2, 0x04,
    0x10, 0x00, 0x00, 0x00, 0x00, 0x00, 0x07, 0xEE, 0xD2, 0x00, 0x00, 0x00,
    0x00, 0x00, 0x07, 0xE9, 0x30, 0x00, 0x3A, 0xEE, 0xC6, 0x00, 0x00, 0x11,
    0x00, 0x00, 0x5F, 0xFF, 0xFF, 0x90, 0x00, 0x00, 0x00, 0x00, 0x2F, 0xF9,
    0x32, 0x53, 0x00, 0x3B, 0x61, 0x00, 0x09, 0xFA, 0x00, 0x00, 0x00, 0x07,
    0xFE, 0x00, 0x00, 0xDF, 0x30, 0x00, 0x00, 0x00, 0xBF, 0x80, 0x00, 0x0F,
    0xF1, 0x00, 0x00, 0x00, 0x0D, 0xF4, 0x00, 0x00, 0xEF, 0x42, 0x21, 0x00,
    0x00, 0xEF, 0x10, 0x00, 0x0A, 0xFF, 0xFF, 0xFD, 0x30, 0x0F, 0xF0, 0x00,
    0x00, 0x1B, 0xEF, 0xFF, 0xFB, 0x00, 0xDF, 0x20, 0x00, 0x00, 0x00, 0x00,
    0x4F, 0xE0, 0x0A, 0xF7, 0x00, 0x00, 0x00, 0x00, 0x02, 0xFE, 0x00, 0x5F,
    0xE3, 0x00, 0x00, 0x00, 0x02, 0xCF, 0x90, 0x00, 0xBF, 0xE8, 0x42, 0x23,
    0x6A, 0xFF, 0xD1, 0x00, 0x01, 0xBF, 0xFF, 0xFF, 0xFF, 0xFF, 0xB1, 0x00,
    0x00, 0x00, 0x5A, 0xDF, 0xFD, 0xC8, 0x30, 0x00, 0x00, 0x00, 0xFF, 0x00,
    0x00, 0xFF, 0x00, 0x00, 0xFF, 0x00, 0x00, 0xFF, 0x00, 0x00, 0xFF, 0x00,
    0x00, 0xFF, 0x00, 0x00, 0xFF, 0x00, 0x00, 0xFF, 0x00, 0x00, 0xFF, 0x00,
    0x00, 0xFF, 0x00, 0x00, 0xFF, 0x00, 0x00, 0xFF, 0x00, 0x00, 0xFF, 0x00,
    0x00, 0xFF, 0x00, 0x00, 0xFF, 0x00, 0x00, 0xFF, 0x00, 0x02, 0x10, 0x00,
    0x00, 0x00, 0x00, 0x00, 0x00, 0x00, 0x12, 0x00, 0x9E, 0x40, 0x00, 0x00,
    0x00, 0x00, 0x00, 0x00, 0x5F, 0xB0, 0x0D, 0xF2, 0x00, 0x00, 0x00, 0x00,
    0x00, 0x00, 0x03, 0xFD, 0x00, 0xFF, 0x00, 0x00, 0x00, 0x00, 0x00, 0x00,
    0x00, 0x1F, 0xE0, 0x0E, 0xF3, 0x00, 0x00, 0x00, 0x00, 0x00, 0x00, 0x00,
    0xFF, 0x00, 0xAF, 0xB1, 0x00, 0x00, 0x00, 0x00, 0x00, 0x00, 0x4F, 0xD0,
    0x03, 0xFF, 0xD8, 0x53, 0x22, 0x22, 0x22, 0x23, 0x7E, 0xF8, 0x00, 0x04,
    0xDF, 0xFF, 0xFF, 0xFF, 0xFF, 0xFF, 0xFF, 0xFB, 0x10, 0x00, 0x00, 0x48,
    0xBD, 0xEF, 0xFF, 0xFE, 0xED, 0xA5, 0x00, 0x00, 0x00, 0x00, 0x00, 0x00,
    0x00, 0x00, 0x00, 0x00, 0x00, 0x00, 0x00, 0x00, 0x00, 0x00, 0x00, 0x10,
    0x00, 0x00, 0x00, 0x00, 0x00, 0x00, 0x00, 0x00, 0x00, 0x1C, 0x90, 0x00,
    0x00, 0x00, 0x00, 0x00, 0x00, 0x00, 0x00, 0x09, 0xFF, 0x60, 0x00, 0x00,
    0x00, 0x00, 0x00, 0x00, 0x00, 0x00, 0x1C, 0x90, 0x00, 0x00, 0x00, 0x00,
    0x00, 0x00, 0x00, 0x00, 0x00, 0x00, 0x00, 0x00, 0x00, 0x00, 0x00, 0x00,
    0x02, 0x00, 0x02, 0x00, 0x00, 0x0A, 0xE3, 0x0B, 0xD2, 0x00, 0x03, 0xEF,
    0x83, 0xFF, 0x80, 0x00, 0x04, 0x80, 0x04, 0x80, 0x00, 0x00, 0x00, 0x00,
    0x00, 0x00, 0x00, 0x00, 0x05, 0x10, 0x00, 0x00, 0x00, 0x04, 0xFD, 0x30,
    0x00, 0x00, 0x00, 0x6F, 0xFE, 0x40, 0x00, 0x00, 0x4F, 0xFD, 0xFE, 0x30,
    0x00, 0x1E, 0xF8, 0x0A, 0xFE, 0x10, 0x08, 0xFA, 0x00, 0x0B, 0xF9, 0x00,
    0xDF, 0x20, 0x00, 0x2F, 0xE0, 0x0F, 0xF1, 0x00, 0x01, 0xFE, 0x00, 0xCF,
    0xB4, 0x24, 0xBF, 0xB0, 0x04, 0xFF, 0xFF, 0xFF, 0xE3, 0x00, 0x02, 0xAD,
    0xFE, 0xA2, 0x00, 0x00, 0x00, 0x00, 0x00, 0x30, 0x00, 0x30, 0x00, 0x00,
    0x00, 0x00, 0x00, 0x00, 0x00, 0x6F, 0x80, 0x6F, 0x80, 0x00, 0x00, 0x00,
    0x00, 0x00, 0x00, 0x0B, 0xFD, 0x1B, 0xFD, 0x10, 0x00, 0x00, 0x00, 0x21,
    0x00, 0x00, 0x19, 0x20, 0x19, 0x20, 0x00, 0x01, 0x20, 0x09, 0xE4, 0x00,
    0x00, 0x00, 0x00, 0x00, 0x00, 0x05, 0xFB, 0x00, 0xDF, 0x20, 0x00, 0x00,
    0x00, 0x00, 0x00, 0x00, 0x3F, 0xD0, 0x0F, 0xF0, 0x00, 0x00, 0x00, 0x00,
    0x00, 0x00, 0x01, 0xFE, 0x00, 0xEF, 0x30, 0x00, 0x00, 0x00, 0x00, 0x00,
    0x00, 0x0F, 0xF0, 0x0A, 0xFB, 0x10, 0x00, 0x00, 0x00, 0x00, 0x00, 0x04,
    0xFD, 0x00, 0x3F, 0xFD, 0x85, 0x32, 0x22, 0x22, 0x22, 0x37, 0xEF, 0x80,
    0x00, 0x4D, 0xFF, 0xFF, 0xFF, 0xFF, 0xFF, 0xFF, 0xFF, 0xB1, 0x00, 0x00,
    0x04, 0x8B, 0xDE, 0xFF, 0xFF, 0xEE, 0xDA, 0x50, 0x00, 0x00, 0x00, 0x00,
    0x00, 0x00, 0x30, 0x00, 0x00, 0x00, 0x00, 0x00, 0x00, 0x00, 0x00, 0x00,
    0x5F, 0x80, 0x00, 0x00, 0x00, 0x00, 0x00, 0x00, 0x00, 0x00, 0x0A, 0xFC,
    0x10, 0x00, 0x00, 0x00, 0x00, 0x00, 0x00, 0x00, 0x03, 0x08, 0x13, 0x00,
    0x00, 0x00, 0x00, 0x00, 0x00, 0x00, 0x07, 0xF8, 0x05, 0xF9, 0x00, 0x00,
    0x00, 0x00, 0x21, 0x00, 0x00, 0xAF, 0xB0, 0x9F, 0xC1, 0x00, 0x01, 0x20,
    0x09, 0xE4, 0x00, 0x00, 0x71, 0x00, 0x71, 0x00, 0x05, 0xFB, 0x00, 0xDF,
    0x20, 0x00, 0x00, 0x00, 0x00, 0x00, 0x00, 0x3F, 0xD0, 0x0F, 0xF0, 0x00,
    0x00, 0x00, 0x00, 0x00, 0x00, 0x01, 0xFE, 0x00, 0xEF, 0x30, 0x00, 0x00,
    0x00, 0x00, 0x00, 0x00, 0x0F, 0xF0, 0x0A, 0xFB, 0x10, 0x00, 0x00, 0x00,
    0x00, 0x00, 0x04, 0xFD, 0x00, 0x3F, 0xFD, 0x85, 0x32, 0x22, 0x22, 0x22,
    0x37, 0xEF, 0x80, 0x00, 0x4D, 0xFF, 0xFF, 0xFF, 0xFF, 0xFF, 0xFF, 0xFF,
    0xB1, 0x00, 0x00, 0x04, 0x8B, 0xDE, 0xFF, 0xFF, 0xEE, 0xDA, 0x50, 0x00,
    0x00, 0x00, 0x01, 0x00, 0x00, 0x00, 0x00, 0x00, 0x00, 0x2A, 0xFF, 0xD8,
    0x10, 0x00, 0x00, 0x00, 0x02, 0xDF, 0xFF, 0xFF, 0xF9, 0x30, 0x00, 0x00,
    0x0C, 0xFC, 0x31, 0x5A, 0xFF, 0xFC, 0x73, 0x10, 0x03, 0x91, 0x00, 0x00,
    0x2B, 0xFF, 0xFF, 0x80, 0x00, 0x00, 0x00, 0x4A, 0xEF, 0xFF, 0xFF, 0x70,
    0x00, 0x00, 0x3B, 0xFF, 0xFC, 0x84, 0x20, 0x00, 0x00, 0x05, 0xEF, 0xE8,
    0x20, 0x00, 0x00, 0x00, 0x00, 0x4F, 0xFA, 0x10, 0x00, 0x00, 0x00, 0x00,
    0x01, 0xEF, 0x80, 0x00, 0x00, 0x00, 0x00, 0x00, 0x07, 0xFB, 0x00, 0x00,
    0x19, 0x00, 0x00, 0x00, 0x0C, 0xF3, 0x00, 0x01, 0xCF, 0xB0, 0x00, 0x00,
    0x0E, 0xF1, 0x00, 0x00, 0x9F, 0x70, 0x00, 0x00, 0x0F, 0xF1, 0x00, 0x00,
    0x04, 0x00, 0x00, 0x00, 0x0C, 0xF5, 0x00, 0x00, 0x00, 0x00, 0x00, 0x00,
    0x08, 0xFE, 0x30, 0x00, 0x00, 0x00, 0x00, 0x10, 0x01, 0xCF, 0xFA, 0x53,
    0x22, 0x35, 0x9D, 0x80, 0x00, 0x1B, 0xFF, 0xFF, 0xFF, 0xFF, 0xFF, 0xB0,
    0x00, 0x00, 0x38, 0xCE, 0xFF, 0xEC, 0x94, 0x00, 0x00, 0x00, 0x01, 0x00,
    0x00, 0x00, 0x00, 0x00, 0x00, 0x2A, 0xFF, 0xD8, 0x10, 0x00, 0x00, 0x00,
    0x02, 0xDF, 0xFF, 0xFF, 0xF9, 0x30, 0x00, 0x00, 0x0C, 0xFC, 0x31, 0x5A,
    0xFF, 0xFC, 0x73, 0x10, 0x03, 0x91, 0x00, 0x00, 0x2B, 0xFF, 0xFF, 0x80,
    0x00, 0x00, 0x00, 0x4A, 0xEF, 0xFF, 0xFF, 0x70, 0x00, 0x00, 0x3B, 0xFF,
    0xFC, 0x84, 0x20, 0x00, 0x00, 0x05, 0xEF, 0xE8, 0x20, 0x00, 0x00, 0x00,
    0x00, 0x4F, 0xFA, 0x10, 0x00, 0x00, 0x00, 0x00, 0x01, 0xEF, 0x80, 0x00,
    0x00, 0x00, 0x00, 0x00, 0x07, 0xFB, 0x00, 0x00, 0x00, 0x00, 0x00, 0x00,
    0x0C, 0xF3, 0x00, 0x00, 0x00, 0x00, 0x00, 0x00, 0x0E, 0xF1, 0x00, 0x00,
    0x00, 0x00, 0x00, 0x00, 0x0F, 0xF1, 0x00, 0x00, 0x00, 0x00, 0x00, 0x00,
    0x0C, 0xF5, 0x00, 0x00, 0x00, 0x00, 0x00, 0x00, 0x08, 0xFE, 0x30, 0x00,
    0x00, 0x00, 0x00, 0x10, 0x01, 0xCF, 0xFA, 0x53, 0x22, 0x35, 0x9D, 0x80,
    0x00, 0x1B, 0xFF, 0xFF, 0xFF, 0xFF, 0xFF, 0xB0, 0x00, 0x00, 0x38, 0xCE,
    0xFF, 0xEC, 0x94, 0x00, 0x00, 0x00, 0x00, 0x20, 0x00, 0x00, 0x00, 0x00,
    0x00, 0x00, 0x04, 0xE7, 0x00, 0x00, 0x00, 0x00, 0x00, 0x00, 0x0C, 0xFE,
    0x20, 0x00, 0x00, 0x00, 0x00, 0x00, 0x01, 0xC4, 0x00, 0x00, 0x00, 0x00,
    0x00, 0x00, 0x00, 0x00, 0x00, 0x00, 0x00, 0x00, 0x00, 0x00, 0x01, 0x00,
    0x00, 0x00, 0x00, 0x00, 0x00, 0x2A, 0xFF, 0xD8, 0x10, 0x00, 0x00, 0x00,
    0x02, 0xDF, 0xFF, 0xFF, 0xF9, 0x30, 0x00, 0x00, 0x0C, 0xFC, 0x31, 0x5A,
    0xFF, 0xFC, 0x73, 0x10, 0x03, 0x91, 0x00, 0x00, 0x2B, 0xFF, 0xFF, 0x80,
    0x00, 0x00, 0x00, 0x4A, 0xEF, 0xFF, 0xFF, 0x70, 0x00, 0x00, 0x3B, 0xFF,
    0xFC, 0x84, 0x20, 0x00, 0x00, 0x05, 0xEF, 0xE8, 0x20, 0x00, 0x00, 0x00,
    0x00, 0x4F, 0xFA, 0x10, 0x00, 0x00, 0x00, 0x00, 0x01, 0xEF, 0x80, 0x00,
    0x00, 0x00, 0x00, 0x00, 0x07, 0xFB, 0x00, 0x00, 0x00, 0x00, 0x00, 0x00,
    0x0C, 0xF3, 0x00, 0x00, 0x00, 0x00, 0x00, 0x00, 0x0E, 0xF1, 0x00, 0x00,
    0x00, 0x00, 0x00, 0x00, 0x0F, 0xF1, 0x00, 0x00, 0x00, 0x00, 0x00, 0x00,
    0x0C, 0xF5, 0x00, 0x00, 0x00, 0x00, 0x00, 0x00, 0x08, 0xFE, 0x30, 0x00,
    0x00, 0x00, 0x00, 0x10, 0x01, 0xCF, 0xFA, 0x53, 0x22, 0x35, 0x9D, 0x80,
    0x00, 0x1B, 0xFF, 0xFF, 0xFF, 0xFF, 0xFF, 0xB0, 0x00, 0x00, 0x38, 0xCE,
    0xFF, 0xEC, 0x94, 0x00, 0x00, 0x00, 0x10, 0x00, 0x00, 0x00, 0x00, 0x3F,
    0x80, 0x00, 0x00, 0x00, 0x08, 0xFF, 0xC2, 0x00, 0x00, 0x00, 0x05, 0xEF,
    0xE3, 0x00, 0x00, 0x00, 0x02, 0xCF, 0xD1, 0x00, 0x00, 0x00, 0x01, 0xDF,
    0x80, 0x00, 0x00, 0x00, 0x04, 0xFD, 0x00, 0x00, 0x00, 0x00, 0x0F, 0xF0,
    0x00, 0x00, 0x00, 0x04, 0xFD, 0x00, 0x53, 0x22, 0x48, 0xEF, 0x90, 0x0F,
    0xFF, 0xFF, 0xFF, 0xC1, 0x00, 0xCE, 0xFF, 0xDB, 0x60, 0x00, 0x00, 0x01,
    0x20, 0x00, 0x00, 0x00, 0x01, 0xCE, 0x20, 0x00, 0x00, 0x00, 0x4F, 0xF6,
    0x00, 0x00, 0x00, 0x00, 0x57, 0x00, 0x00, 0x00, 0x00, 0x00, 0x00, 0x00,
    0x00, 0x00, 0x00, 0x01, 0x00, 0x00, 0x00, 0x00, 0x03, 0xF8, 0x00, 0x00,
    0x00, 0x00, 0x8F, 0xFC, 0x20, 0x00, 0x00, 0x00, 0x5E, 0xFE, 0x30, 0x00,
    0x00, 0x00, 0x2C, 0xFD, 0x10, 0x00, 0x00, 0x00, 0x1D, 0xF8, 0x00, 0x00,
    0x00, 0x00, 0x4F, 0xD0, 0x00, 0x00, 0x00, 0x00, 0xFF, 0x00, 0x00, 0x00,
    0x00, 0x4F, 0xD0, 0x05, 0x32, 0x24, 0x8E, 0xF9, 0x00, 0xFF, 0xFF, 0xFF,
    0xFC, 0x10, 0x0C, 0xEF, 0xFD, 0xB6, 0x00, 0x00, 0x00, 0x00, 0x00, 0x31,
    0x00, 0x00, 0x00, 0xAF, 0x60, 0x00, 0x00, 0x07, 0xFA, 0x00, 0x00, 0x00,
    0x4F, 0xD0, 0x00, 0x00, 0x02, 0xFE, 0x00, 0x00, 0x00, 0x0F, 0xF0, 0x00,
    0x00, 0x01, 0xFD, 0x00, 0x00, 0x00, 0x4F, 0xB0, 0x00, 0x00, 0x0B, 0xF6,
    0x00, 0x00, 0x06, 0xFE, 0x10, 0x00, 0x29, 0xFF, 0x50, 0x01, 0xBF, 0xFF,
    0x60, 0x00, 0x0C, 0xFA, 0x20, 0x00, 0x00, 0x21, 0x00, 0x00, 0x00, 0x00,
    0x00, 0x00, 0x00, 0x00, 0x00, 0x01, 0xB5, 0x00, 0x00, 0x00, 0xAF, 0xF4,
    0x00, 0x00, 0x02, 0xE9, 0x00, 0x00, 0x00, 0x02, 0x00, 0x00, 0x00, 0x00,
    0x00, 0x00, 0x00, 0x00, 0x00, 0x31, 0x00, 0x00, 0x00, 0xAF, 0x60, 0x00,
    0x00, 0x07, 0xFA, 0x00, 0x00, 0x00, 0x4F, 0xD0, 0x00, 0x00, 0x02, 0xFE,
    0x00, 0x00, 0x00, 0x0F, 0xF0, 0x00, 0x00, 0x01, 0xFD, 0x00, 0x00, 0x00,
    0x4F, 0xB0, 0x00, 0x00, 0x0B, 0xF6, 0x00, 0x00, 0x06, 0xFE, 0x10, 0x00,
    0x29, 0xFF, 0x50, 0x01, 0xBF, 0xFF, 0x60, 0x00, 0x0C, 0xFA, 0x20, 0x00,
    0x00, 0x21, 0x00, 0x00, 0x00, 0x00, 0x00, 0x00, 0x00, 0x00, 0x00, 0x00,
    0x00, 0x00, 0x00, 0x00, 0x00, 0x01, 0x20, 0x00, 0x00, 0x00, 0x00, 0x00,
    0x00, 0x00, 0x00, 0x00, 0x00, 0x00, 0x00, 0x5F, 0xA0, 0x00, 0x00, 0x00,
    0x00, 0x00, 0x00, 0x03, 0x00, 0x00, 0x0A, 0xA0, 0x00, 0x4F, 0xD0, 0x02,
    0x93, 0x00, 0x00, 0x00, 0x00, 0xCF, 0x20, 0x00, 0x0F, 0xE0, 0x00, 0x2F,
    0xE0, 0x06, 0xFA, 0x00, 0x00, 0x00, 0x00, 0xBF, 0x70, 0x00, 0x0F, 0xF0,
    0x00, 0x0F, 0xF0, 0x0A, 0xF6, 0x00, 0x00, 0x00, 0x00, 0x7F, 0xC0, 0x00,
    0x2F, 0xF2, 0x00, 0x3F, 0xD0, 0x0C, 0xF3, 0x00, 0x00, 0x00, 0x00, 0x3F,
    0xFA, 0x33, 0xBF, 0xFB, 0x33, 0xBF, 0x90, 0x0E, 0xF1, 0x00, 0x00, 0x00,
    0x00, 0x1F, 0xFF, 0xFF, 0xFC, 0xCF, 0xFF, 0xFE, 0x20, 0x0F, 0xF0, 0x00,
    0x00, 0x00, 0x00, 0x0F, 0xF9, 0xEE, 0xA1, 0x1A, 0xEE, 0xB3, 0x00, 0x0D,
    0xF2, 0x00, 0x00, 0x00, 0x00, 0x2F, 0xD0, 0x00, 0x00, 0x00, 0x00, 0x00,
    0x00, 0x0A, 0xF7, 0x00, 0x00, 0x00, 0x00, 0x6F, 0xA0, 0x00, 0x00, 0x00,
    0x00, 0x00, 0x00, 0x05, 0xFE, 0x20, 0x00, 0x00, 0x02, 0xEF, 0x50, 0x00,
    0x00, 0x00, 0x00, 0x00, 0x00, 0x00, 0xBF, 0xE8, 0x42, 0x24, 0x8E, 0xFB,
    0x00, 0x00, 0x00, 0x00, 0x00, 0x00, 0x00, 0x00, 0x1B, 0xFF, 0xFF, 0xFF,
    0xFF, 0xB1, 0x00, 0x00, 0x00, 0x00, 0x00, 0x00, 0x00, 0x00, 0x00, 0x5A,
    0xDE, 0xED, 0xA5, 0x00, 0x00, 0x00, 0x00, 0x00, 0x00, 0x00, 0x00, 0x00,
    0x00, 0x00, 0x00, 0x00, 0x00, 0x00, 0x00, 0x00, 0x02, 0x00, 0x00, 0x00,
    0x00, 0x00, 0x00, 0x00, 0x00, 0x00, 0x00, 0x00, 0x00, 0x00, 0x6F, 0x40,
    0x00, 0x00, 0x00, 0x00, 0x00, 0x00, 0x00, 0x00, 0x00, 0x00, 0x00, 0x00,
    0xBF, 0x80, 0x00, 0x00, 0x00, 0x00, 0x00, 0x00, 0x00, 0x00, 0x00, 0x00,
    0x00, 0x02, 0x18, 0x03, 0x00, 0x00, 0x00, 0x00, 0x00, 0x00, 0x00, 0x00,
    0x00, 0x00, 0x00, 0x4F, 0x60, 0x8F, 0x60, 0x00, 0x00, 0x00, 0x00, 0x00,
    0x00, 0x00, 0x00, 0x00, 0x00, 0x9F, 0xA1, 0xCF, 0xA0, 0x00, 0x00, 0x00,
    0x00, 0x00, 0x00, 0x00, 0x00, 0x00, 0x00, 0x07, 0x00, 0x17, 0x00, 0x00,
    0x00, 0x00, 0x00, 0x00, 0x00, 0x00, 0x00, 0x00, 0x00, 0x00, 0x00, 0x00,
    0x00, 0x01, 0x20, 0x00, 0x00, 0x00, 0x00, 0x00, 0x00, 0x00, 0x00, 0x00,
    0x00, 0x00, 0x00, 0x5F, 0xA0, 0x00, 0x00, 0x00, 0x00, 0x00, 0x00, 0x03,
    0x00, 0x00, 0x0A, 0xA0, 0x00, 0x4F, 0xD0, 0x02, 0x93, 0x00, 0x00, 0x00,
    0x00, 0xCF, 0x20, 0x00, 0x0F, 0xE0, 0x00, 0x2F, 0xE0, 0x06, 0xFA, 0x00,
    0x00, 0x00, 0x00, 0xBF, 0x70, 0x00, 0x0F, 0xF0, 0x00, 0x0F, 0xF0, 0x0A,
    0xF6, 0x00, 0x00, 0x00, 0x00, 0x7F, 0xC0, 0x00, 0x2F, 0xF2, 0x00, 0x3F,
    0xD0, 0x0C, 0xF3, 0x00, 0x00, 0x00, 0x00, 0x3F, 0xFA, 0x33, 0xBF, 0xFB,
    0x33, 0xBF, 0x90, 0x0E, 0xF1, 0x00, 0x00, 0x00, 0x00, 0x1F, 0xFF, 0xFF,
    0xFC, 0xCF, 0xFF, 0xFE, 0x20, 0x0F, 0xF0, 0x00, 0x00, 0x00, 0x00, 0x0F,
    0xF9, 0xEE, 0xA1, 0x1A, 0xEE, 0xB3, 0x00, 0x0D, 0xF2, 0x00, 0x00, 0x00,
    0x00, 0x2F, 0xD0, 0x00, 0x00, 0x00, 0x00, 0x00, 0x00, 0x0A, 0xF7, 0x00,
    0x00, 0x00, 0x00, 0x6F, 0xA0, 0x00, 0x00, 0x00, 0x00, 0x00, 0x00, 0x05,
    0xFE, 0x20, 0x00, 0x00, 0x02, 0xEF, 0x50, 0x00, 0x00, 0x00, 0x00, 0x00,
    0x00, 0x00, 0xBF, 0xE8, 0x42, 0x24, 0x8E, 0xFB, 0x00, 0x00, 0x00, 0x00,
    0x00, 0x00, 0x00, 0x00, 0x1B, 0xFF, 0xFF, 0xFF, 0xFF, 0xB1, 0x00, 0x00,
    0x00, 0x00, 0x00, 0x00, 0x00, 0x00, 0x00, 0x5A, 0xDE, 0xED, 0xA5, 0x00,
    0x00, 0x00, 0x00, 0x00, 0x00, 0x00, 0x00, 0x00, 0x00, 0x00, 0x00, 0x00,
    0x00, 0x00, 0x00, 0x00, 0x00, 0x00, 0x00, 0x10, 0x00, 0x00, 0x00, 0x00,
    0x00, 0x00, 0x00, 0x00, 0x00, 0x00, 0x00, 0x00, 0x05, 0xBF, 0xFE, 0x91,
    0x00, 0x00, 0x00, 0x00, 0x00, 0x00, 0x00, 0x00, 0x00, 0x00, 0x01, 0xAF,
    0xFF, 0xFF, 0xFD, 0x20, 0x00, 0x00, 0x00, 0x00, 0x00, 0x00, 0x00, 0x00,
    0x00, 0x1C, 0xFF, 0x92, 0x03, 0xCF, 0x90, 0x01, 0x61, 0x00, 0x00, 0x00,
    0x00, 0x9E, 0x20, 0x00, 0xBF, 0xE4, 0x00, 0x00, 0x3F, 0xE0, 0x05, 0xFB,
    0x00, 0x00, 0x00, 0x00, 0xCF, 0x70, 0x08, 0xFE, 0x30, 0x00, 0x00, 0x1F,
    0xE0, 0x0A, 0xF7, 0x00, 0x00, 0x00, 0x00, 0x7F, 0xD0, 0x4F, 0xF4, 0x00,
    0x00, 0x00, 0x8F, 0xC0, 0x0C, 0xF3, 0x00, 0x00, 0x00, 0x00, 0x4F, 0xFB,
    0xDF, 0x92, 0x22, 0x35, 0x8D, 0xFF, 0x40, 0x0E, 0xF1, 0x00, 0x00, 0x00,
    0x00, 0x1F, 0xFF, 0xFF, 0xFF, 0xFF, 0xFF, 0xFF, 0xE5, 0x00, 0x0F, 0xF0,
    0x00, 0x00, 0x00, 0x00, 0x0F, 0xF7, 0xBD, 0xFF, 0xFE, 0xDC, 0x95, 0x00,
    0x00, 0x0D, 0xF2, 0x00, 0x00, 0x00, 0x00, 0x2F, 0xD0, 0x00, 0x00, 0x00,
    0x00, 0x00, 0x00, 0x00, 0x0B, 0xF6, 0x00, 0x00, 0x00, 0x00, 0x6F, 0xA0,
    0x00, 0x00, 0x00, 0x00, 0x00, 0x00, 0x00, 0x06, 0xFE, 0x20, 0x00, 0x00,
    0x02, 0xEF, 0x50, 0x00, 0x00, 0x00, 0x00, 0x00, 0x00, 0x00, 0x00, 0xCF,
    0xE8, 0x42, 0x24, 0x8E, 0xFB, 0x00, 0x00, 0x00, 0x00, 0x00, 0x00, 0x00,
    0x00, 0x00, 0x1C, 0xFF, 0xFF, 0xFF, 0xFF, 0xB1, 0x00, 0x00, 0x00, 0x00,
    0x00, 0x00, 0x00, 0x00, 0x00, 0x00, 0x5A, 0xDE, 0xED, 0xA5, 0x00, 0x00,
    0x00, 0x00, 0x00, 0x00, 0x00, 0x00, 0x00, 0x00, 0x00, 0x00, 0x00, 0x00,
    0x00, 0x00, 0x00, 0x00, 0x00, 0x00, 0x05, 0x50, 0x00, 0x00, 0x00, 0x00,
    0x00, 0x00, 0x00, 0x00, 0x00, 0x00, 0x00, 0x00, 0x00, 0x5F, 0xF6, 0x00,
    0x00, 0x00, 0x00, 0x00, 0x00, 0x00, 0x00, 0x00, 0x00, 0x00, 0x00, 0x00,
    0x3E, 0xE3, 0x00, 0x00, 0x00, 0x00, 0x00, 0x00, 0x00, 0x00, 0x00, 0x00,
    0x00, 0x00, 0x00, 0x02, 0x30, 0x00, 0x00, 0x00, 0x00, 0x00, 0x00, 0x00,
    0x00, 0x00, 0x00, 0x00, 0x00, 0x00, 0x00, 0x00, 0x00, 0x00, 0x00, 0x00,
    0x00, 0x00, 0x00, 0x00, 0x00, 0x00, 0x00, 0x00, 0x00, 0x00, 0x10, 0x00,
    0x00, 0x00, 0x00, 0x00, 0x00, 0x00, 0x00, 0x00, 0x00, 0x00, 0x00, 0x05,
    0xBF, 0xFE, 0x91, 0x00, 0x00, 0x00, 0x00, 0x00, 0x00, 0x00, 0x00, 0x00,
    0x00, 0x01, 0xAF, 0xFF, 0xFF, 0xFD, 0x20, 0x00, 0x00, 0x00, 0x00, 0x00,
    0x00, 0x00, 0x00, 0x00, 0x1C, 0xFF, 0x92, 0x03, 0xCF, 0x90, 0x01, 0x61,
    0x00, 0x00, 0x00, 0x00, 0x9E, 0x20, 0x00, 0xBF, 0xE4, 0x00, 0x00, 0x3F,
    0xE0, 0x05, 0xFB, 0x00, 0x00, 0x00, 0x00, 0xCF, 0x70, 0x08, 0xFE, 0x30,
    0x00, 0x00, 0x1F, 0xE0, 0x0A, 0xF7, 0x00, 0x00, 0x00, 0x00, 0x7F, 0xD0,
    0x4F, 0xF4, 0x00, 0x00, 0x00, 0x8F, 0xC0, 0x0C, 0xF3, 0x00, 0x00, 0x00,
    0x00, 0x4F, 0xFB, 0xDF, 0x92, 0x22, 0x35, 0x8D, 0xFF, 0x40, 0x0E, 0xF1,
    0x00, 0x00, 0x00, 0x00, 0x1F, 0xFF, 0xFF, 0xFF, 0xFF, 0xFF, 0xFF, 0xE5,
    0x00, 0x0F, 0xF0, 0x00, 0x00, 0x00, 0x00, 0x0F, 0xF7, 0xBD, 0xFF, 0xFE,
    0xDC, 0x95, 0x00, 0x00, 0x0D, 0xF2, 0x00, 0x00, 0x00, 0x00, 0x2F, 0xD0,
    0x00, 0x00, 0x00, 0x00, 0x00, 0x00, 0x00, 0x0B, 0xF6, 0x00, 0x00, 0x00,
    0x00, 0x6F, 0xA0, 0x00, 0x00, 0x00, 0x00, 0x00, 0x00, 0x00, 0x06, 0xFE,
    0x20, 0x00, 0x00, 0x02, 0xEF, 0x50, 0x00, 0x00, 0x00, 0x00, 0x00, 0x00,
    0x00, 0x00, 0xCF, 0xE8, 0x42, 0x24, 0x8E, 0xFB, 0x00, 0x00, 0x00, 0x00,
    0x00, 0x00, 0x00, 0x00, 0x00, 0x1C, 0xFF, 0xFF, 0xFF, 0xFF, 0xB1, 0x00,
    0x00, 0x00, 0x00, 0x00, 0x00, 0x00, 0x00, 0x00, 0x00, 0x5A, 0xDE, 0xED,
    0xA5, 0x00, 0x00, 0x00, 0x00, 0x00, 0x00, 0x00, 0x00, 0x00, 0x00, 0x00,
    0x0F, 0xF0, 0x00, 0x00, 0x00, 0x00, 0x00, 0x00, 0x00, 0x0F, 0xF0, 0x00,
    0x00, 0x00, 0x00, 0x00, 0x00, 0x00, 0x0F, 0xF0, 0x00, 0x00, 0x00, 0x00,
    0x00, 0x00, 0x00, 0x0F, 0xF0, 0x00, 0x00, 0x00, 0x00, 0x00, 0x00, 0x00,
    0x0F, 0xF0, 0x00, 0x00, 0x00, 0x00, 0x00, 0x00, 0x00, 0x0F, 0xF0, 0x00,
    0x00, 0x00, 0x00, 0x00, 0x00, 0x00, 0x0F, 0xF0, 0x00, 0x00, 0x10, 0x00,
    0x00, 0x00, 0x00, 0x0F, 0xF0, 0x04, 0xBF, 0xFE, 0xA2, 0x00, 0x00, 0x00,
    0x0F, 0xF0, 0x9F, 0xFF, 0xFF, 0xFE, 0x20, 0x00, 0x00, 0x0F, 0xFA, 0xFF,
    0x92, 0x03, 0xCF, 0xA0, 0x00, 0x00, 0x0F, 0xFF, 0xE4, 0x00, 0x00, 0x3F,
    0xE0, 0x00, 0x00, 0x0F, 0xFE, 0x30, 0x00, 0x00, 0x1F, 0xE0, 0x00, 0x00,
    0x1F, 0xF4, 0x00, 0x00, 0x00, 0x8F, 0xB0, 0x01, 0x22, 0xAF, 0x92, 0x23,
    0x45, 0x8D, 0xFF, 0x40, 0x08, 0xFF, 0xFF, 0xFF, 0xFF, 0xFF, 0xFF, 0xE5,
    0x00, 0x08, 0xFF, 0xFF, 0xFF, 0xFE, 0xEC, 0x95, 0x10, 0x00, 0x00, 0x00,
    0x0F, 0xF0, 0x00, 0x00, 0x00, 0x00, 0x00, 0x00, 0x00, 0x0F, 0xF0, 0x00,
    0x04, 0x90, 0x00, 0x00, 0x00, 0x00, 0x0F, 0xF0, 0x00, 0x3F, 0xFA, 0x00,
    0x00, 0x00, 0x00, 0x0F, 0xF0, 0x00, 0x1B, 0xE4, 0x00, 0x00, 0x00, 0x00,
    0x0F, 0xF0, 0x00, 0x01, 0x30, 0x00, 0x00, 0x00, 0x00, 0x0F, 0xF0, 0x00,
    0x00, 0x00, 0x00, 0x00, 0x00, 0x00, 0x0F, 0xF0, 0x00, 0x00, 0x10, 0x00,
    0x00, 0x00, 0x00, 0x0F, 0xF0, 0x04, 0xBF, 0xFE, 0xA2, 0x00, 0x00, 0x00,
    0x0F, 0xF0, 0x9F, 0xFF, 0xFF, 0xFE, 0x20, 0x00, 0x00, 0x0F, 0xFA, 0xFF,
    0x92, 0x03, 0xCF, 0xA0, 0x00, 0x00, 0x0F, 0xFF, 0xE4, 0x00, 0x00, 0x3F,
    0xE0, 0x00, 0x00, 0x0F, 0xFE, 0x30, 0x00, 0x00, 0x1F, 0xE0, 0x00, 0x00,
    0x1F, 0xF4, 0x00, 0x00, 0x00, 0x8F, 0xB0, 0x01, 0x22, 0xAF, 0x92, 0x23,
    0x45, 0x8D, 0xFF, 0x40, 0x08, 0xFF, 0xFF, 0xFF, 0xFF, 0xFF, 0xFF, 0xE5,
    0x00, 0x08, 0xFF, 0xFF, 0xFF, 0xFE, 0xEC, 0x95, 0x10, 0x00, 0x00, 0x00,
    0x00, 0x6C, 0xFD, 0x92, 0x00, 0x00, 0x00, 0x00, 0xAF, 0xFF, 0xFF, 0xF3,
    0x00, 0x00, 0x00, 0x6F, 0xE6, 0x24, 0x9E, 0x10, 0x00, 0x00, 0x0C, 0xF5,
    0x00, 0x00, 0x10, 0x00, 0x00, 0x00, 0xFF, 0x10, 0x00, 0x00, 0x00, 0x00,
    0x00, 0x0E, 0xF2, 0x00, 0x00, 0x00, 0x00, 0x00, 0x00, 0x9F, 0xB0, 0x00,
    0x00, 0x00, 0x00, 0x00, 0x02, 0xEF, 0xCC, 0xEF, 0xF8, 0x00, 0x00, 0x01,
    0x8E, 0xFF, 0xFF, 0xFF, 0x80, 0x00, 0x02, 0xDF, 0xFB, 0x74, 0x32, 0x21,
    0x00, 0x00, 0xDF, 0xB2, 0x00, 0x00, 0x00, 0x00, 0x00, 0x6F, 0xC0, 0x00,
    0x00, 0x00, 0x00, 0x00, 0x0C, 0xF4, 0x00, 0x00, 0x00, 0x00, 0x00, 0x00,
    0xEF, 0x10, 0x00, 0x00, 0x00, 0x00, 0x00, 0x0E, 0xF1, 0x00, 0x00, 0x00,
    0x00, 0x00, 0x00, 0xCF, 0x50, 0x00, 0x00, 0x00, 0x00, 0x00, 0x07, 0xFD,
    0x20, 0x00, 0x00, 0x00, 0x00, 0x00, 0x0C, 0xFE, 0x94, 0x22, 0x35, 0x8C,
    0x50, 0x00, 0x1B, 0xFF, 0xFF, 0xFF, 0xFF, 0xF9, 0x00, 0x00, 0x04, 0x9C,
    0xEF, 0xEC, 0xA5, 0x10, 0x00, 0x00, 0x00, 0x00, 0x10, 0x00, 0x00, 0x00,
    0x00, 0x00, 0x00, 0x9C, 0x10, 0x00, 0x00, 0x00, 0x00, 0x00, 0x4F, 0xF8,
    0x00, 0x00, 0x00, 0x00, 0x00, 0x00, 0x7B, 0x10, 0x00, 0x00, 0x00, 0x00,
    0x00, 0x00, 0x00, 0x00, 0x00, 0x00, 0x00, 0x00, 0x00, 0x00, 0x00, 0x00,
    0x00, 0x00, 0x00, 0x00, 0x6C, 0xFD, 0x92, 0x00, 0x00, 0x00, 0x00, 0xAF,
    0xFF, 0xFF, 0xF3, 0x00, 0x00, 0x00, 0x6F, 0xE6, 0x24, 0x9E, 0x10, 0x00,
    0x00, 0x0C, 0xF5, 0x00, 0x00, 0x10, 0x00, 0x00, 0x00, 0xFF, 0x10, 0x00,
    0x00, 0x00, 0x00, 0x00, 0x0E, 0xF2, 0x00, 0x00, 0x00, 0x00, 0x00, 0x00,
    0x9F, 0xB0, 0x00, 0x00, 0x00, 0x00, 0x00, 0x02, 0xEF, 0xCC, 0xEF, 0xF8,
    0x00, 0x00, 0x01, 0x8E, 0xFF, 0xFF, 0xFF, 0x80, 0x00, 0x02, 0xDF, 0xFB,
    0x74, 0x32, 0x21, 0x00, 0x00, 0xDF, 0xB2, 0x00, 0x00, 0x00, 0x00, 0x00,
    0x6F, 0xC0, 0x00, 0x00, 0x00, 0x00, 0x00, 0x0C, 0xF4, 0x00, 0x00, 0x00,
    0x00, 0x00, 0x00, 0xEF, 0x10, 0x00, 0x00, 0x00, 0x00, 0x00, 0x0E, 0xF1,
    0x00, 0x00, 0x00, 0x00, 0x00, 0x00, 0xCF, 0x50, 0x00, 0x00, 0x00, 0x00,
    0x00, 0x07, 0xFD, 0x20, 0x00, 0x00, 0x00, 0x00, 0x00, 0x0C, 0xFE, 0x94,
    0x22, 0x35, 0x8C, 0x50, 0x00, 0x1B, 0xFF, 0xFF, 0xFF, 0xFF, 0xF9, 0x00,
    0x00, 0x04, 0x9C, 0xEF, 0xEC, 0xA5, 0x10, 0x00, 0x00, 0xDE, 0x10, 0x00,
    0x00, 0x00, 0x00, 0x00, 0x00, 0x7C, 0xB7, 0x00, 0x00, 0x00, 0x00, 0x00,
    0x00, 0x1E, 0x43, 0xE1, 0x00, 0x00, 0x00, 0x00, 0x00, 0x04, 0xA0, 0x09,
    0x40, 0x03, 0xAE, 0xEC, 0x60, 0x00, 0x00, 0x00, 0x00, 0x05, 0xFF, 0xFF,
    0xF9, 0x00, 0x00, 0x00, 0x00, 0x02, 0xFF, 0x93, 0x25, 0x30, 0x03, 0xB5,
    0x00, 0x00, 0x9F, 0xA0, 0x00, 0x00, 0x00, 0x7F, 0xA0, 0x00, 0x0D, 0xF3,
    0x00, 0x00, 0x00, 0x0B, 0xF6, 0x00, 0x00, 0xFF, 0x10, 0x00, 0x00, 0x00,
    0xDF, 0x30, 0x00, 0x0E, 0xF4, 0x22, 0x10, 0x00, 0x0E, 0xF1, 0x00, 0x00,
    0xAF, 0xFF, 0xFF, 0xD3, 0x00, 0xFF, 0x00, 0x00, 0x01, 0xBE, 0xFF, 0xFF,
    0xB0, 0x0D, 0xF2, 0x00, 0x00, 0x00, 0x00, 0x04, 0xFE, 0x00, 0xAF, 0x70,
    0x00, 0x00, 0x00, 0x00, 0x2F, 0xE0, 0x05, 0xFE, 0x30, 0x00, 0x00, 0x00,
    0x2C, 0xF9, 0x00, 0x0B, 0xFE, 0x84, 0x22, 0x36, 0xAF, 0xFD, 0x10, 0x00,
    0x1B, 0xFF, 0xFF, 0xFF, 0xFF, 0xFB, 0x10, 0x00, 0x00, 0x05, 0xAD, 0xFF,
    0xDC, 0x83, 0x00, 0x00, 0x22, 0x22, 0x22, 0x2F, 0xFF, 0xFF, 0xFF, 0xFF,
    0xFF, 0xFF, 0xF0, 0x00, 0x00, 0x00, 0x00, 0x00, 0x00, 0x00, 0x21, 0x00,
    0x00, 0x00, 0x00, 0x00, 0x00, 0x00, 0x00, 0x00, 0x3E, 0xD2, 0x00, 0x00,
    0x00, 0x00, 0x00, 0x00, 0x00, 0x00, 0x09, 0xFF, 0x70, 0x00, 0x00, 0x00,
    0x00, 0x00, 0x00, 0x00, 0x00, 0x08, 0x60, 0x00, 0x00, 0x00, 0x00, 0x00,
    0x00, 0x00, 0x00, 0x00, 0x00, 0x00, 0x00, 0x00, 0x00, 0x00, 0x00, 0x00,
    0x00, 0x00, 0x00, 0x10, 0x00, 0x00, 0x00, 0x00, 0x00, 0x00, 0x00, 0x00,
    0x1A, 0xFF, 0xD6, 0x00, 0x00, 0x00, 0x00, 0x00, 0x00, 0x00, 0x0D, 0xFF,
    0xFF, 0xF7, 0x00, 0x00, 0x00, 0x00, 0x00, 0x00, 0x07, 0xFC, 0x21, 0x7F,
    0xF2, 0x00, 0x10, 0x00, 0x00, 0x00, 0x00, 0xCF, 0x40, 0x00, 0xBF, 0x80,
    0x09, 0xD3, 0x00, 0x00, 0x00, 0x0F, 0xF1, 0x00, 0x06, 0xFB, 0x00, 0xDF,
    0x20, 0x00, 0x00, 0x00, 0xEF, 0x83, 0x23, 0x7F, 0xE0, 0x0E, 0xF0, 0x00,
    0x00, 0x00, 0x08, 0xFF, 0xFF, 0xFF, 0xFF, 0x00, 0xEF, 0x20, 0x00, 0x00,
    0x00, 0x06, 0xCE, 0xFE, 0xBF, 0xE0, 0x0B, 0xFB, 0x10, 0x00, 0x00, 0x00,
    0x00, 0x00, 0x02, 0xFD, 0x00, 0x4F, 0xFD, 0x85, 0x32, 0x22, 0x22, 0x22,
    0x24, 0xBF, 0xA0, 0x00, 0x5E, 0xFF, 0xFF, 0xFF, 0xFF, 0xFF, 0xFF, 0xFF,
    0xF3, 0x00, 0x00, 0x05, 0x9B, 0xDE, 0xFF, 0xFF, 0xFF, 0xED, 0xA3, 0x00,
    0x00, 0x00, 0x00, 0x00, 0x00, 0x00, 0x00, 0x00, 0x00, 0x00, 0x00, 0x00,
    0x1C, 0x60, 0x4D, 0x10, 0x00, 0x00, 0x00, 0x00, 0x09, 0xFF, 0x2D, 0xFA,
    0x00, 0x00, 0x00, 0x00, 0x00, 0x1B, 0x70, 0x4C, 0x10, 0x00, 0x00, 0x00,
    0x00, 0x00, 0x00, 0x00, 0x00, 0x00, 0x00, 0x00, 0x00, 0x00, 0x00, 0x01,
    0x00, 0x00, 0x00, 0x00, 0x00, 0x00, 0x00, 0x3C, 0xFF, 0x90, 0x00, 0x00,
    0x00, 0x00, 0x00, 0x1E, 0xFF, 0xFF, 0xA0, 0x00, 0x01, 0x71, 0x00, 0x08,
    0xFB, 0x14, 0xFF, 0x30, 0x00, 0x6F, 0xB0, 0x00, 0xDF, 0x30, 0x0A, 0xF8,
    0x00, 0x0A, 0xF7, 0x00, 0x0F, 0xF1, 0x00, 0x5F, 0xB0, 0x00, 0xCF, 0x30,
    0x00, 0xDF, 0x72, 0x27, 0xFD, 0x00, 0x0E, 0xF1, 0x00, 0x08, 0xFF, 0xFF,
    0xFF, 0xE0, 0x00, 0xFF, 0x00, 0x00, 0x07, 0xDE, 0xEB, 0xFF, 0x00, 0x0D,
    0xF2, 0x00, 0x00, 0x00, 0x00, 0x1F, 0xD0, 0x00, 0xBF, 0x60, 0x00, 0x00,
    0x00, 0x06, 0xFA, 0x00, 0x06, 0xFE, 0x20, 0x00, 0x00, 0x02, 0xDF, 0x50,
    0x00, 0x0C, 0xFE, 0x73, 0x22, 0x48, 0xEF, 0xB0, 0x00, 0x00, 0x2C, 0xFF,
    0xFF, 0xFF, 0xFF, 0xB1, 0x00, 0x00, 0x00, 0x05, 0xBD, 0xFE, 0xDA, 0x50,
    0x00, 0x00, 0x00, 0x00, 0x00, 0x00, 0x00, 0x00, 0x00, 0x00, 0x0F, 0xF0,
    0x00, 0x00, 0x00, 0x00, 0x00, 0x00, 0x00, 0x00, 0x00, 0xFF, 0x00, 0x00,
    0x00, 0x00, 0x00, 0x00, 0x00, 0x00, 0x00, 0x0F, 0xF0, 0x00, 0x00, 0x00,
    0x00, 0x00, 0x18, 0xD6, 0x00, 0x00, 0xFF, 0x00, 0x00, 0x00, 0x00, 0x00,
    0x2D, 0xB5, 0x10, 0x00, 0x0F, 0xF0, 0x00, 0x00, 0x00, 0x00, 0x07, 0xC0,
    0x00, 0x00, 0x00, 0xFF, 0x00, 0x00, 0x00, 0x00, 0x00, 0x6F, 0xD9, 0x10,
    0x00, 0x0F, 0xF0, 0x00, 0x44, 0x00, 0x00, 0x00, 0x5B, 0xFA, 0x00, 0x00,
    0xFF, 0x00, 0x0A, 0xF4, 0x00, 0x00, 0x20, 0x19, 0xB0, 0x00, 0x0F, 0xF0,
    0x00, 0xDF, 0x10, 0x00, 0x0F, 0xFF, 0xE4, 0x00, 0x00, 0xFF, 0x00, 0x0F,
    0xF0, 0x00, 0x00, 0x12, 0x10, 0x00, 0x00, 0x0F, 0xF0, 0x00, 0xEF, 0x30,
    0x00, 0x00, 0x00, 0x00, 0x00, 0x01, 0xFE, 0x00, 0x0A, 0xFB, 0x10, 0x00,
    0x00, 0x00, 0x00, 0x00, 0x6F, 0xC0, 0x00, 0x3F, 0xFD, 0x85, 0x32, 0x22,
    0x22, 0x35, 0x9F, 0xF8, 0x00, 0x00, 0x4D, 0xFF, 0xFF, 0xFF, 0xFF, 0xFF,
    0xFF, 0xFC, 0x10, 0x00, 0x00, 0x05, 0x9C, 0xDE, 0xFF, 0xFF, 0xED, 0xA5,
    0x00, 0x00, 0x00, 0x00, 0x00, 0x00, 0x00, 0x0F, 0xF0, 0x00, 0x00, 0x00,
    0x00, 0x00, 0x00, 0xFF, 0x00, 0x00, 0x00, 0x00, 0x00, 0x00, 0x0F, 0xF0,
    0x00, 0x00, 0x00, 0x00, 0x00, 0x00, 0xFF, 0x00, 0x00, 0x00, 0x00, 0x00,
    0x00, 0x0F, 0xF0, 0x00, 0x00, 0x00, 0x00, 0x00, 0x00, 0xFF, 0x00, 0x00,
    0x00, 0x00, 0x00, 0x00, 0x0F, 0xF0, 0x00, 0x00, 0x00, 0x00, 0x00, 0x00,
    0xFF, 0x00, 0x00, 0x00, 0x00, 0x00, 0x00, 0x0F, 0xF0, 0x00, 0x00, 0x00,
    0x00, 0x00, 0x00, 0xFF, 0x00, 0x00, 0x20, 0x00, 0x00, 0x00, 0x0F, 0xF0,
    0x00, 0x4F, 0x80, 0x00, 0x00, 0x00, 0xFF, 0x00, 0x08, 0xF8, 0x00, 0x00,
    0x00, 0x0F, 0xF0, 0x00, 0xCF, 0x40, 0x00, 0x00, 0x00, 0xFF, 0x00, 0x0D,
    0xF2, 0x00, 0x00, 0x00, 0x0F, 0xF0, 0x00, 0xFF, 0x10, 0x00, 0x00, 0x00,
    0xFE, 0x00, 0x0E, 0xF1, 0x00, 0x00, 0x00, 0x2F, 0xD0, 0x00, 0xCF, 0x40,
    0x00, 0x00, 0x05, 0xFB, 0x00, 0x08, 0xFB, 0x00, 0x00, 0x01, 0xCF, 0x70,
    0x00, 0x2E, 0xFB, 0x42, 0x25, 0xCF, 0xE1, 0x00, 0x00, 0x5F, 0xFF, 0xFF,
    0xFF, 0xE4, 0x00, 0x00, 0x00, 0x29, 0xDE, 0xED, 0x92, 0x00, 0x00, 0x00,
    0x00, 0x00, 0x6D, 0xFD, 0x70, 0x00, 0x00, 0x00, 0x06, 0xFF, 0xFF, 0xFB,
    0x00, 0x00, 0x00, 0x2E, 0xF9, 0x25, 0xEF, 0x60, 0x00, 0x00, 0x8F, 0xC0,
    0x00, 0x6F, 0xB0, 0x00, 0x00, 0xDF, 0x50, 0x00, 0x1F, 0xE0, 0x00, 0x4C,
    0xFF, 0x30, 0x00, 0x1F, 0xE0, 0x03, 0xFF, 0xFF, 0xFB, 0x52, 0x9F, 0xC0,
    0x0A, 0xFE, 0x9C, 0xFF, 0xFF, 0xFF, 0x50, 0x0D, 0xF5, 0x00, 0x39, 0xDF,
    0xD6, 0x00, 0x0F, 0xF2, 0x00, 0x00, 0x00, 0x00, 0x00, 0x0F, 0xF1, 0x00,
    0x00, 0x00, 0x00, 0x00, 0x0F, 0xF0, 0x00, 0x00, 0x00, 0x00, 0x00, 0x0F,
    0xF0, 0x00, 0x00, 0x00, 0x00, 0x00, 0x0F, 0xF0, 0x00, 0x00, 0x00, 0x00,
    0x00, 0x0F, 0xF0, 0x00, 0x00, 0x00, 0x00, 0x00, 0x0F, 0xF0, 0x00, 0x00,
    0x00, 0x00, 0x00, 0x08, 0x80, 0x00, 0x00, 0x00, 0x00, 0x00, 0x00, 0x00,
    0x00, 0x00, 0x00, 0x00, 0x00, 0x00, 0x00, 0x00, 0x00, 0x1C, 0x70, 0x00,
    0x00, 0x00, 0x00, 0x00, 0x00, 0xAF, 0xF4, 0x00, 0x00, 0x00, 0x00, 0x00,
    0x00, 0x1D, 0x90, 0x00, 0x04, 0x00, 0x02, 0xA4, 0x00, 0x01, 0x00, 0x00,
    0xDF, 0x30, 0x06, 0xFA, 0x00, 0x00, 0x00, 0x00, 0xBF, 0x70, 0x0A, 0xF6,
    0x00, 0x00, 0x00, 0x00, 0x6F, 0xB0, 0x0D, 0xF3, 0x00, 0x00, 0x00, 0x00,
    0x3F, 0xD0, 0x0E, 0xF1, 0x00, 0x00, 0x00, 0x00, 0x1F, 0xE0, 0x0F, 0xF0,
    0x00, 0x00, 0x00, 0x00, 0x0F, 0xF0, 0x0D, 0xF2, 0x00, 0x00, 0x00, 0x00,
    0x2F, 0xD0, 0x0A, 0xF7, 0x00, 0x00, 0x00, 0x00, 0x7F, 0xA0, 0x05, 0xFE,
    0x30, 0x00, 0x00, 0x03, 0xEF, 0x50, 0x00, 0xBF, 0xE8, 0x42, 0x24, 0x8E,
    0xFB, 0x00, 0x00, 0x1B, 0xFF, 0xFF, 0xFF, 0xFF, 0xB1, 0x00, 0x00, 0x00,
    0x5A, 0xDE, 0xED, 0xA5, 0x00, 0x00, 0x00, 0x00, 0x51, 0x00, 0x00, 0x00,
    0x00, 0x4F, 0xD3, 0x00, 0x00, 0x00, 0x06, 0xFF, 0xE4, 0x00, 0x00, 0x04,
    0xFF, 0xDF, 0xE3, 0x00, 0x01, 0xEF, 0x80, 0xAF, 0xE1, 0x00, 0x8F, 0xA0,
    0x00, 0xBF, 0x90, 0x0D, 0xF2, 0x00, 0x02, 0xFE, 0x00, 0xFF, 0x10, 0x00,
    0x1F, 0xE0, 0x0C, 0xFB, 0x42, 0x4B, 0xFB, 0x00, 0x4F, 0xFF, 0xFF, 0xFE,
    0x30, 0x00, 0x2A, 0xDF, 0xEA, 0x20, 0x00, 0x00, 0x1A, 0xED, 0x70, 0x00,
    0x00, 0x0C, 0xFF, 0xFF, 0x80, 0x00, 0x05, 0xFC, 0x35, 0xEF, 0x20, 0x00,
    0xBF, 0x50, 0x07, 0xF8, 0x00, 0x0E, 0xF1, 0x00, 0x3F, 0xC0, 0x00, 0xFF,
    0x10, 0x01, 0xFE, 0x00, 0x0D, 0xF9, 0x32, 0x5F, 0xF0, 0x00, 0x6F, 0xFF,
    0xFF, 0xFE, 0x00, 0x00, 0x6C, 0xFE, 0xCF, 0xD0, 0x00, 0x00, 0x00, 0x03,
    0xFA, 0x00, 0x00, 0x00, 0x00, 0xBF, 0x40, 0x00, 0x00, 0x00, 0x9F, 0xC0,
    0x00, 0x00, 0x05, 0xCF, 0xE2, 0x00, 0x00, 0x8E, 0xFF, 0xC2, 0x00, 0x00,
    0x07, 0xFC, 0x60, 0x00, 0x00, 0x00, 0x11, 0x00, 0x00, 0x00, 0x00, 0x00,
    0x00, 0x00, 0x00, 0x00, 0x3A, 0xEE, 0xC6, 0x00, 0x00, 0x00, 0x00, 0x00,
    0x5F, 0xFF, 0xFF, 0x90, 0x00, 0x00, 0x00, 0x00, 0x2F, 0xF9, 0x32, 0x53,
    0x00, 0x3B, 0x50, 0x00, 0x09, 0xFA, 0x00, 0x00, 0x00, 0x07, 0xFA, 0x00,
    0x00, 0xDF, 0x30, 0x00, 0x00, 0x00, 0xBF, 0x60, 0x00, 0x0F, 0xF1, 0x00,
    0x00, 0x00, 0x0D, 0xF3, 0x00, 0x00, 0xEF, 0x42, 0x21, 0x00, 0x00, 0xEF,
    0x10, 0x00, 0x0A, 0xFF, 0xFF, 0xFD, 0x30, 0x0F, 0xF0, 0x00, 0x00, 0x1B,
    0xEF, 0xFF, 0xFB, 0x00, 0xDF, 0x20, 0x00, 0x00, 0x00, 0x00, 0x4F, 0xE0,
    0x0A, 0xF7, 0x00, 0x00, 0x00, 0x00, 0x02, 0xFE, 0x00, 0x5F, 0xE3, 0x00,
    0x00, 0x00, 0x02, 0xCF, 0x90, 0x00, 0xBF, 0xE8, 0x42, 0x23, 0x6A, 0xFF,
    0xD1, 0x00, 0x01, 0xBF, 0xFF, 0xFF, 0xFF, 0xFF, 0xB1, 0x00, 0x00, 0x00,
    0x5A, 0xDF, 0xFD, 0xC8, 0x30, 0x00, 0x00, 0x00, 0x00, 0x00, 0x00, 0x00,
    0x3A, 0xEE, 0xC6, 0x00, 0x00, 0x00, 0x00, 0x00, 0x5F, 0xFF, 0xFF, 0x90,
    0x00, 0x00, 0x00, 0x00, 0x2F, 0xF9, 0x32, 0x53, 0x00, 0x3B, 0x50, 0x00,
    0x09, 0xFA, 0x00, 0x00, 0x00, 0x07, 0xFA, 0x00, 0x00, 0xDF, 0x30, 0x00,
    0x00, 0x00, 0xBF, 0x60, 0x00, 0x0F, 0xF1, 0x00, 0x00, 0x00, 0x0D, 0xF3,
    0x00, 0x00, 0xEF, 0x42, 0x21, 0x00, 0x00, 0xEF, 0x10, 0x00, 0x0A, 0xFF,
    0xFF, 0xFD, 0x30, 0x0F, 0xF0, 0x00, 0x00, 0x1B, 0xEF, 0xFF, 0xFB, 0x00,
    0xDF, 0x20, 0x00, 0x00, 0x00, 0x00, 0x4F, 0xE0, 0x0A, 0xF7, 0x00, 0x00,
    0x00, 0x00, 0x02, 0xFE, 0x00, 0x5F, 0xE3, 0x00, 0x00, 0x00, 0x02, 0xCF,
    0x90, 0x00, 0xBF, 0xE8, 0x42, 0x23, 0x6A, 0xFF, 0xD1, 0x00, 0x01, 0xBF,
    0xFF, 0xFF, 0xFF, 0xFF, 0xB1, 0x00, 0x00, 0x00, 0x5A, 0xDF, 0xFD, 0xC8,
    0x30, 0x00, 0x00, 0x00, 0x00, 0x00, 0x00, 0x00, 0x00, 0x00, 0x00, 0x00,
    0x00, 0x00, 0x30, 0x00, 0x30, 0x00, 0x00, 0x00, 0x00, 0x00, 0x7F, 0x80,
    0x7F, 0x60, 0x00, 0x00, 0x00, 0x00, 0x1C, 0xFD, 0x1C, 0xFB, 0x00, 0x00,
    0x00, 0x00, 0x00, 0x19, 0x10, 0x19, 0x10, 0x00, 0x00, 0x00, 0x00, 0x00,
    0x00, 0x05, 0x00, 0x00, 0x00, 0x00, 0x00, 0x02, 0x8E, 0xC0, 0x00, 0x00,
    0x00, 0x00, 0x0B, 0xE9, 0x30, 0x00, 0x00, 0x00, 0x00, 0x00, 0x61, 0x28,
    0xE0, 0x00, 0x00, 0x00, 0x00, 0x05, 0xBE, 0x92, 0x00, 0x00, 0x00, 0x00,
    0x00, 0xC6, 0x10, 0x00, 0x00, 0x00, 0x00, 0x00, 0x00, 0x00, 0x00, 0x00,
    0x00, 0x00, 0x00, 0x00, 0x00, 0x00, 0x00, 0x00, 0x00, 0x00, 0x00, 0x03,
    0xDD, 0x40, 0x00, 0x00, 0x00, 0x00, 0x94, 0x01, 0x11, 0x3A, 0x10, 0x00,
    0x00, 0x88, 0x00, 0x00, 0x00, 0x7A, 0x00, 0x00, 0x00, 0x00, 0x00, 0x00,
    0x00, 0x00, 0x00, 0x03, 0x00, 0x00, 0x00, 0x00, 0x00, 0x30, 0x00, 0xD1,
    0x00, 0x00, 0x00, 0x00, 0x0E, 0x00, 0x0D, 0x10, 0x00, 0x00, 0x00, 0x00,
    0xE0, 0x00, 0x40, 0x00, 0x00, 0x00, 0x00, 0x05, 0x00, 0x00, 0x00, 0x00,
    0x00, 0x00, 0x00, 0x00, 0x00, 0x08, 0x60, 0x00, 0x00, 0x05, 0xA0, 0x00,
    0x00, 0x1B, 0x40, 0x00, 0x03, 0xC1, 0x00, 0x00, 0x00, 0x00, 0x3D, 0xD5,
    0x00, 0x00, 0x00, 0x00, 0x00, 0x05, 0xEE, 0x50, 0x00, 0x00, 0x00, 0x00,
    0x00, 0xE4, 0x3E, 0x00, 0x00, 0x00, 0x00, 0x6E, 0x9D, 0x41, 0xE0, 0x00,
    0x00, 0x00, 0x01, 0x2F, 0x3B, 0xDE, 0x20, 0x00, 0x00, 0x00, 0x02, 0xE3,
    0x8D, 0x30, 0x00, 0x00, 0x00, 0x00, 0x3E, 0xC8, 0x10, 0x00, 0x00, 0x00,
    0x00, 0x00, 0x00, 0x00, 0x00, 0x00, 0x00, 0x00, 0x00, 0x00, 0x3D, 0xD4,
    0x00, 0x00, 0x00, 0x00, 0x09, 0x40, 0x11, 0x13, 0xA1, 0x00, 0x00, 0x08,
    0x80, 0x00, 0x00, 0x07, 0xA0, 0x00, 0x00, 0x00, 0x00, 0x00, 0x00, 0x00,
    0x00, 0x00, 0x30, 0x00, 0x00, 0x00, 0x00, 0x03, 0x00, 0x0D, 0x10, 0x00,
    0x00, 0x00, 0x00, 0xE0, 0x00, 0xD1, 0x00, 0x00, 0x00, 0x00, 0x0E, 0x00,
    0x04, 0x00, 0x00, 0x00, 0x00, 0x00, 0x50, 0x00, 0x00, 0x00, 0x00, 0x00,
    0x00, 0x00, 0x00, 0x00, 0x86, 0x00, 0x00, 0x00, 0x5A, 0x00, 0x00, 0x01,
    0xB4, 0x00, 0x00, 0x3C, 0x10, 0x00, 0x00, 0x00, 0x03, 0xDD, 0x50, 0x00,
    0x00, 0x00, 0x00, 0x00, 0x03, 0xDD, 0x40, 0x00, 0x00, 0x00, 0x00, 0x94,
    0x01, 0x11, 0x3A, 0x10, 0x00, 0x00, 0x88, 0x00, 0x00, 0x00, 0x7A, 0x00,
    0x00, 0x00, 0x00, 0x00, 0x00, 0x00, 0x00, 0x00, 0x03, 0x00, 0x00, 0x00,
    0x00, 0x00, 0x30, 0x00, 0xD1, 0x00, 0x00, 0x00, 0x00, 0x0E, 0x00, 0x0D,
    0x10, 0x00, 0x00, 0x00, 0x00, 0xE0, 0x00, 0x40, 0x00, 0x00, 0x00, 0x00,
    0x05, 0x00, 0x00, 0x00, 0x00, 0x00, 0x00, 0x00, 0x00, 0x00, 0x08, 0x60,
    0x00, 0x00, 0x05, 0xA0, 0x00, 0x00, 0x1B, 0x40, 0x00, 0x03, 0xC1, 0x00,
    0x00, 0x00, 0x00, 0x3D, 0xD5, 0x00, 0x00, 0x00, 0x00, 0x00, 0x00, 0x00,
    0x00, 0x00, 0x00, 0x00, 0x00, 0x00, 0x00, 0x00, 0x00, 0x00, 0x00, 0x00,
    0x00, 0x00, 0x01, 0x7D, 0x00, 0x00, 0x00, 0x00, 0x00, 0x4A, 0xEA, 0x40,
    0x00, 0x00, 0x00, 0x00, 0x0D, 0x71, 0x17, 0x00, 0x00, 0x00, 0x00, 0x00,
    0x04, 0xAE, 0x90, 0x00, 0x00, 0x00, 0x00, 0x0D, 0xD7, 0x10, 0x00, 0x00,
    0x00, 0x00, 0x00, 0x40, 0x00, 0x00, 0x00, 0x00, 0x00, 0x00, 0x00, 0x00,
    0x05, 0x00, 0x00, 0x00, 0x00, 0x00, 0x02, 0x8E, 0xC0, 0x00, 0x00, 0x00,
    0x00, 0x0A, 0xE9, 0x30, 0x00, 0x00, 0x00, 0x00, 0x00, 0x61, 0x00, 0x00,
    0x00, 0x00, 0x00, 0x00, 0x00, 0x00, 0x00, 0x00, 0x00, 0x00, 0x00, 0x00,
    0x00, 0x00, 0x00, 0x00, 0x00, 0x00, 0x00, 0x03, 0xDD, 0x40, 0x00, 0x00,
    0x00, 0x00, 0x94, 0x01, 0x11, 0x3A, 0x10, 0x00, 0x00, 0x88, 0x00, 0x00,
    0x00, 0x7A, 0x00, 0x00, 0x00, 0x00, 0x00, 0x00, 0x00, 0x00, 0x00, 0x03,
    0x00, 0x00, 0x00, 0x00, 0x00, 0x30, 0x00, 0xD1, 0x00, 0x00, 0x00, 0x00,
    0x0E, 0x00, 0x0D, 0x10, 0x00, 0x00, 0x00, 0x00, 0xE0, 0x00, 0x40, 0x00,
    0x00, 0x00, 0x00, 0x05, 0x00, 0x00, 0x00, 0x00, 0x00, 0x00, 0x00, 0x00,
    0x00, 0x08, 0x60, 0x00, 0x00, 0x05, 0xA0, 0x00, 0x00, 0x1B, 0x40, 0x00,
    0x03, 0xC1, 0x00, 0x00, 0x00, 0x00, 0x3D, 0xD5, 0x00, 0x00, 0x00, 0x00,
    0x00, 0x05, 0xDE, 0x50, 0x00, 0x00, 0x00, 0x00, 0x00, 0xE4, 0x3E, 0x00,
    0x00, 0x00, 0x00, 0x00, 0x0D, 0x41, 0xE0, 0x00, 0x00, 0x00, 0x00, 0x00,
    0x4D, 0xED, 0x10, 0x00, 0x00, 0x00, 0x00, 0x02, 0x7C, 0x41, 0x00, 0x00,
    0x00, 0x00, 0x2D, 0xD8, 0x10, 0x00, 0x00, 0x00, 0x00, 0x00, 0x00, 0x00,
    0x00, 0x00, 0x00, 0x00, 0x00, 0x00, 0x00, 0x00, 0x00, 0x00, 0x00, 0x00,
    0x00, 0x03, 0xDD, 0x40, 0x00, 0x00, 0x00, 0x00, 0x94, 0x01, 0x11, 0x3A,
    0x10, 0x00, 0x00, 0x88, 0x00, 0x00, 0x00, 0x7A, 0x00, 0x00, 0x00, 0x00,
    0x00, 0x00, 0x00, 0x00, 0x00, 0x03, 0x00, 0x00, 0x00, 0x00, 0x00, 0x30,
    0x00, 0xD1, 0x00, 0x00, 0x00, 0x00, 0x0E, 0x00, 0x0D, 0x10, 0x00, 0x00,
    0x00, 0x00, 0xE0, 0x00, 0x40, 0x00, 0x00, 0x00, 0x00, 0x05, 0x00, 0x00,
    0x00, 0x00, 0x00, 0x00, 0x00, 0x00, 0x00, 0x08, 0x60, 0x00, 0x00, 0x05,
    0xA0, 0x00, 0x00, 0x1B, 0x40, 0x00, 0x03, 0xC1, 0x00, 0x00, 0x00, 0x00,
    0x3D, 0xD5, 0x00, 0x00, 0x00, 0x00, 0x00, 0x03, 0xDD, 0x40, 0x00, 0x00,
    0x00, 0x00, 0x94, 0x01, 0x11, 0x3A, 0x10, 0x00, 0x00, 0x88, 0x00, 0x00,
    0x00, 0x7A, 0x00, 0x00, 0x00, 0x00, 0x00, 0x00, 0x00, 0x00, 0x00, 0x03,
    0x00, 0x00, 0x00, 0x00, 0x00, 0x30, 0x00, 0xD1, 0x00, 0x00, 0x00, 0x00,
    0x0E, 0x00, 0x0D, 0x10, 0x00, 0x00, 0x00, 0x00, 0xE0, 0x00, 0x40, 0x00,
    0x00, 0x00, 0x00, 0x05, 0x00, 0x00, 0x00, 0x00, 0x00, 0x00, 0x00, 0x00,
    0x00, 0x08, 0x60, 0x00, 0x00, 0x05, 0xA0, 0x00, 0x00, 0x1B, 0x40, 0x00,
    0x03, 0xC1, 0x00, 0x00, 0x00, 0x00, 0x3D, 0xD5, 0x00, 0x00, 0x00, 0x00,
    0x00, 0x00, 0x00, 0x00, 0x00, 0x00, 0x00, 0x00, 0x00, 0x00, 0x00, 0x00,
    0x00, 0x00, 0x00, 0x00, 0x00, 0x00, 0x01, 0x00, 0x00, 0x00, 0x00, 0x00,
    0x00, 0x39, 0xE0, 0x00, 0x00, 0x00, 0x00, 0x06, 0xCD, 0x71, 0x00, 0x00,
    0x00, 0x00, 0x00, 0xB5, 0x00, 0x00, 0x00, 0x00, 0x00, 0x00, 0x00, 0x00,
    0x11, 0x90, 0x00, 0x00, 0x00, 0x00, 0x81, 0x58, 0x1E, 0x00, 0x00, 0x00,
    0x00, 0x0F, 0x06, 0xC2, 0xE0, 0x00, 0x00, 0x00, 0x00, 0xD3, 0x9F, 0xE6,
    0x00, 0x00, 0x00, 0x00, 0x06, 0xEB, 0x00, 0x00, 0x00, 0x00, 0x00, 0x00,
    0x00, 0x00, 0x00, 0x00, 0x00, 0x00, 0x00, 0x00, 0x00, 0x00, 0x00, 0x00,
    0x00, 0x00, 0x00, 0x00, 0x00, 0x00, 0x00, 0x00, 0x00, 0x00, 0x03, 0xDD,
    0x40, 0x00, 0x00, 0x00, 0x00, 0x94, 0x01, 0x11, 0x3A, 0x10, 0x00, 0x00,
    0x88, 0x00, 0x00, 0x00, 0x7A, 0x00, 0x00, 0x00, 0x00, 0x00, 0x00, 0x00,
    0x00, 0x00, 0x03, 0x00, 0x00, 0x00, 0x00, 0x00, 0x30, 0x00, 0xD1, 0x00,
    0x00, 0x00, 0x00, 0x0E, 0x00, 0x0D, 0x10, 0x00, 0x00, 0x00, 0x00, 0xE0,
    0x00, 0x40, 0x00, 0x00, 0x00, 0x00, 0x05, 0x00, 0x00, 0x00, 0x00, 0x00,
    0x00, 0x00, 0x00, 0x00, 0x08, 0x60, 0x00, 0x00, 0x05, 0xA0, 0x00, 0x00,
    0x1B, 0x40, 0x00, 0x03, 0xC1, 0x00, 0x00, 0x00, 0x00, 0x3D, 0xD5, 0x00,
    0x00, 0x00, 0x00, 0x00, 0x00, 0x4D, 0xD4, 0x00, 0x00, 0x00, 0x00, 0x00,
    0x0D, 0x33, 0xD0, 0x00, 0x00, 0x00, 0x00, 0x00, 0xD3, 0x3D, 0x00, 0x00,
    0x00, 0x00, 0x00, 0x04, 0xDD, 0x40, 0x00, 0x00, 0x00, 0x00, 0x00, 0x00,
    0x00, 0x00, 0x00, 0x00, 0x00, 0x00, 0x00, 0x00, 0x00, 0x00, 0x00, 0x00,
    0x00, 0x00, 0x00, 0x00, 0x00, 0x00, 0x00, 0x00, 0x00, 0x3D, 0xD4, 0x00,
    0x00, 0x00, 0x00, 0x09, 0x40, 0x11, 0x13, 0xA1, 0x00, 0x00, 0x08, 0x80,
    0x00, 0x00, 0x07, 0xA0, 0x00, 0x00, 0x00, 0x00, 0x00, 0x00, 0x00, 0x00,
    0x00, 0x30, 0x00, 0x00, 0x00, 0x00, 0x03, 0x00, 0x0D, 0x10, 0x00, 0x00,
    0x00, 0x00, 0xE0, 0x00, 0xD1, 0x00, 0x00, 0x00, 0x00, 0x0E, 0x00, 0x04,
    0x00, 0x00, 0x00, 0x00, 0x00, 0x50, 0x00, 0x00, 0x00, 0x00, 0x00, 0x00,
    0x00, 0x00, 0x00, 0x86, 0x00, 0x00, 0x00, 0x5A, 0x00, 0x00, 0x01, 0xB4,
    0x00, 0x00, 0x3C, 0x10, 0x00, 0x00, 0x00, 0x03, 0xDD, 0x50, 0x00, 0x00,
    0x00, 0x00, 0x00, 0x00, 0x00, 0x00, 0x00, 0x00, 0x00, 0x00, 0x00, 0x8E,
    0xA3, 0x2B, 0x60, 0x00, 0x00, 0x00, 0xBC, 0x47, 0xEF, 0x91, 0x00, 0x00,
    0x00, 0x05, 0x10, 0x00, 0x10, 0x00, 0x00, 0x00, 0x00, 0x00, 0x00, 0x00,
    0x00, 0x00, 0x00, 0x00, 0x00, 0x00, 0x00, 0x00, 0x00, 0x00, 0x00, 0x00,
    0x03, 0xDD, 0x40, 0x00, 0x00, 0x00, 0x00, 0x94, 0x01, 0x11, 0x3A, 0x10,
    0x00, 0x00, 0x88, 0x00, 0x00, 0x00, 0x7A, 0x00, 0x00, 0x00, 0x00, 0x00,
    0x00, 0x00, 0x00, 0x00, 0x03, 0x00, 0x00, 0x00, 0x00, 0x00, 0x30, 0x00,
    0xD1, 0x00, 0x00, 0x00, 0x00, 0x0E, 0x00, 0x0D, 0x10, 0x00, 0x00, 0x00,
    0x00, 0xE0, 0x00, 0x40, 0x00, 0x00, 0x00, 0x00, 0x05, 0x00, 0x00, 0x00,
    0x00, 0x00, 0x00, 0x00, 0x00, 0x00, 0x08, 0x60, 0x00, 0x00, 0x05, 0xA0,
    0x00, 0x00, 0x1B, 0x40, 0x00, 0x03, 0xC1, 0x00, 0x00, 0x00, 0x00, 0x3D,
    0xD5, 0x00, 0x00, 0x00, 0x00, 0x00, 0x03, 0xCE, 0x70, 0x00, 0x00, 0x00,
    0x00, 0x00, 0xC8, 0x33, 0x00, 0x00, 0x00, 0x00, 0x00, 0x0E, 0x10, 0x10,
    0x00, 0x00, 0x00, 0x00, 0x00, 0x8D, 0xBF, 0x20, 0x00, 0x00, 0x00, 0x00,
    0x2C, 0xE9, 0x30, 0x00, 0x00, 0x00, 0x00, 0x02, 0x61, 0x00, 0x00, 0x00,
    0x00, 0x00, 0x00, 0x00, 0x00, 0x00, 0x00, 0x00, 0x00, 0x00, 0x00, 0x00,
    0x00, 0x00, 0x00, 0x00, 0x00, 0x00, 0x03, 0xDD, 0x40, 0x00, 0x00, 0x00,
    0x00, 0x94, 0x01, 0x11, 0x3A, 0x10, 0x00, 0x00, 0x88, 0x00, 0x00, 0x00,
    0x7A, 0x00, 0x00, 0x00, 0x00, 0x00, 0x00, 0x00, 0x00, 0x00, 0x03, 0x00,
    0x00, 0x00, 0x00, 0x00, 0x30, 0x00, 0xD1, 0x00, 0x00, 0x00, 0x00, 0x0E,
    0x00, 0x0D, 0x10, 0x00, 0x00, 0x00, 0x00, 0xE0, 0x00, 0x40, 0x00, 0x00,
    0x00, 0x00, 0x05, 0x00, 0x00, 0x00, 0x00, 0x00, 0x00, 0x00, 0x00, 0x00,
    0x08, 0x60, 0x00, 0x00, 0x05, 0xA0, 0x00, 0x00, 0x1B, 0x40, 0x00, 0x03,
    0xC1, 0x00, 0x00, 0x00, 0x00, 0x3D, 0xD5, 0x00, 0x00, 0x00, 0x00, 0x00,
    0x03, 0xDD, 0x40, 0x00, 0x00, 0x00, 0x00, 0x94, 0x01, 0x11, 0x3A, 0x10,
    0x00, 0x00, 0x88, 0x00, 0x00, 0x00, 0x7A, 0x00, 0x00, 0x00, 0x00, 0x00,
    0x00, 0x00, 0x00, 0x00, 0x03, 0x00, 0x00, 0x00, 0x00, 0x00, 0x30, 0x00,
    0xD1, 0x00, 0x00, 0x00, 0x00, 0x0E, 0x00, 0x0D, 0x10, 0x00, 0x00, 0x00,
    0x00, 0xE0, 0x00, 0x40, 0x00, 0x00, 0x00, 0x00, 0x05, 0x00, 0x00, 0x00,
    0x00, 0x00, 0x00, 0x00, 0x00, 0x00, 0x08, 0x60, 0x00, 0x00, 0x05, 0xA0,
    0x00, 0x00, 0x1B, 0x40, 0x00, 0x03, 0xC1, 0x00, 0x00, 0x00, 0x00, 0x3D,
    0xD5, 0x00, 0x00, 0x00, 0x00, 0x00, 0x00, 0x00, 0x00, 0x00, 0x00, 0x00,
    0x00, 0x00, 0x00, 0x00, 0x00, 0x00, 0x00, 0x00, 0x00, 0x00, 0x00, 0x00,
    0x00, 0x00, 0x00, 0x00, 0x00, 0x03, 0xCE, 0x70, 0x00, 0x00, 0x00, 0x00,
    0x00, 0xC8, 0x33, 0x00, 0x00, 0x00, 0x00, 0x00, 0x0E, 0x10, 0x10, 0x00,
    0x00, 0x00, 0x00, 0x00, 0x8D, 0xBF, 0x20, 0x00, 0x00, 0x00, 0x00, 0x2C,
    0xE9, 0x30, 0x00, 0x00, 0x00, 0x00, 0x02, 0x61, 0x00, 0x00, 0x00, 0x00,
    0x00, 0x00, 0x03, 0xDD, 0x40, 0x00, 0x00, 0x00, 0x00, 0x94, 0x01, 0x11,
    0x3A, 0x10, 0x00, 0x00, 0x88, 0x00, 0x00, 0x00, 0x7A, 0x00, 0x00, 0x00,
    0x00, 0x00, 0x00, 0x00, 0x00, 0x00, 0x03, 0x00, 0x00, 0x00, 0x00, 0x00,
    0x30, 0x00, 0xD1, 0x00, 0x00, 0x00, 0x00, 0x0E, 0x00, 0x0D, 0x10, 0x00,
    0x00, 0x00, 0x00, 0xE0, 0x00, 0x40, 0x00, 0x00, 0x00, 0x00, 0x05, 0x00,
    0x00, 0x00, 0x00, 0x00, 0x00, 0x00, 0x00, 0x00, 0x08, 0x60, 0x00, 0x00,
    0x05, 0xA0, 0x00, 0x00, 0x1B, 0x40, 0x00, 0x03, 0xC1, 0x00, 0x00, 0x00,
    0x00, 0x3D, 0xD5, 0x00, 0x00, 0x00, 0x00, 0x00, 0x00, 0x00, 0x00, 0x00,
    0x00, 0x00, 0x00, 0x00, 0x00, 0x00, 0x00, 0x00, 0x00, 0x00, 0x00, 0x00,
    0x00, 0x00, 0x00, 0x00, 0x00, 0x00, 0x00, 0x02, 0xE0, 0x00, 0x00, 0x00,
    0x00, 0x00, 0x00, 0x2E, 0x00, 0x00, 0x00, 0x00, 0x00, 0x00, 0x02, 0xE0,
    0x00, 0x00, 0x00, 0x00, 0x00, 0x00, 0x2E, 0x00, 0x00, 0x00, 0x00, 0x00,
    0x00, 0x00, 0x00, 0x00, 0x00, 0x00, 0x00, 0x00, 0x00, 0x01, 0x8D, 0xF2,
    0x00, 0x00, 0x00, 0x00, 0x01, 0xCA, 0x41, 0x00, 0x00, 0x00, 0x00, 0x02,
    0xED, 0x92, 0x00, 0x00, 0x00, 0x00, 0x00, 0x0D, 0x13, 0xD0, 0x00, 0x00,
    0x00, 0x00, 0x00, 0xE3, 0x4E, 0x00, 0x00, 0x00, 0x00, 0x00, 0x05, 0xDD,
    0x50, 0x00, 0x00, 0x00, 0x00, 0x00, 0x00, 0x00, 0x00, 0x00, 0x00, 0x00,
    0x00, 0x00, 0x00, 0x00, 0x00, 0x00, 0x00, 0x00, 0x00, 0x00, 0x00, 0x00,
    0x00, 0x00, 0x00, 0x00, 0x03, 0xDD, 0x40, 0x00, 0x00, 0x00, 0x00, 0x94,
    0x01, 0x11, 0x3A, 0x10, 0x00, 0x00, 0x88, 0x00, 0x00, 0x00, 0x7A, 0x00,
    0x00, 0x00, 0x00, 0x00, 0x00, 0x00, 0x00, 0x00, 0x03, 0x00, 0x00, 0x00,
    0x00, 0x00, 0x30, 0x00, 0xD1, 0x00, 0x00, 0x00, 0x00, 0x0E, 0x00, 0x0D,
    0x10, 0x00, 0x00, 0x00, 0x00, 0xE0, 0x00, 0x40, 0x00, 0x00, 0x00, 0x00,
    0x05, 0x00, 0x00, 0x00, 0x00, 0x00, 0x00, 0x00, 0x00, 0x00, 0x08, 0x60,
    0x00, 0x00, 0x05, 0xA0, 0x00, 0x00, 0x1B, 0x40, 0x00, 0x03, 0xC1, 0x00,
    0x00, 0x00, 0x00, 0x3D, 0xD5, 0x00, 0x00, 0x00, 0x00, 0x00, 0x2F, 0x10,
    0x0B, 0x70, 0x00, 0x00, 0x00, 0x00, 0xC9, 0x14, 0xE2, 0x00, 0x00, 0x00,
    0x00, 0x02, 0xBE, 0xD5, 0x00, 0x00, 0x00, 0x00, 0x00, 0x00, 0x00, 0x00,
    0x00, 0x00, 0x00, 0x00, 0x00, 0x00, 0x00, 0x00, 0x00, 0x00, 0x00, 0x00,
    0x00, 0x00, 0x00, 0x00, 0x00, 0x00, 0x00, 0x03, 0xDD, 0x40, 0x00, 0x00,
    0x00, 0x00, 0x94, 0x01, 0x11, 0x3A, 0x10, 0x00, 0x00, 0x88, 0x00, 0x00,
    0x00, 0x7A, 0x00, 0x00, 0x00, 0x00, 0x00, 0x00, 0x00, 0x00, 0x00, 0x03,
    0x00, 0x00, 0x00, 0x00, 0x00, 0x30, 0x00, 0xD1, 0x00, 0x00, 0x00, 0x00,
    0x0E, 0x00, 0x0D, 0x10, 0x00, 0x00, 0x00, 0x00, 0xE0, 0x00, 0x40, 0x00,
    0x00, 0x00, 0x00, 0x05, 0x00, 0x00, 0x00, 0x00, 0x00, 0x00, 0x00, 0x00,
    0x00, 0x08, 0x60, 0x00, 0x00, 0x05, 0xA0, 0x00, 0x00, 0x1B, 0x40, 0x00,
    0x03, 0xC1, 0x00, 0x00, 0x00, 0x00, 0x3D, 0xD5, 0x00, 0x00, 0x00, 0x00,
    0x00, 0x00, 0x00, 0x00, 0x00, 0x00, 0x00, 0x00, 0x00, 0x6A, 0x01, 0xD1,
    0x00, 0x00, 0x00, 0x00, 0x01, 0xE2, 0x8A, 0x00, 0x00, 0x00, 0x00, 0x00,
    0x08, 0xBE, 0x30, 0x00, 0x00, 0x00, 0x00, 0x00, 0x1E, 0xA0, 0x00, 0x00,
    0x00, 0x00, 0x00, 0x00, 0x00, 0x00, 0x00, 0x00, 0x00, 0x00, 0x00, 0x00,
    0x00, 0x00, 0x00, 0x00, 0x00, 0x00, 0x00, 0x00, 0x00, 0x00, 0x00, 0x00,
    0x00, 0x03, 0xDD, 0x40, 0x00, 0x00, 0x00, 0x00, 0x94, 0x01, 0x11, 0x3A,
    0x10, 0x00, 0x00, 0x88, 0x00, 0x00, 0x00, 0x7A, 0x00, 0x00, 0x00, 0x00,
    0x00, 0x00, 0x00, 0x00, 0x00, 0x03, 0x00, 0x00, 0x00, 0x00, 0x00, 0x30,
    0x00, 0xD1, 0x00, 0x00, 0x00, 0x00, 0x0E, 0x00, 0x0D, 0x10, 0x00, 0x00,
    0x00, 0x00, 0xE0, 0x00, 0x40, 0x00, 0x00, 0x00, 0x00, 0x05, 0x00, 0x00,
    0x00, 0x00, 0x00, 0x00, 0x00, 0x00, 0x00, 0x08, 0x60, 0x00, 0x00, 0x05,
    0xA0, 0x00, 0x00, 0x1B, 0x40, 0x00, 0x03, 0xC1, 0x00, 0x00, 0x00, 0x00,
    0x3D, 0xD5, 0x00, 0x00, 0x00, 0x00, 0x00, 0x00, 0x1E, 0xA0, 0x00, 0x00,
    0x00, 0x00, 0x00, 0x08, 0xAE, 0x30, 0x00, 0x00, 0x00, 0x00, 0x01, 0xE2,
    0x8A, 0x00, 0x00, 0x00, 0x00, 0x00, 0x6A, 0x01, 0xD1, 0x00, 0x00, 0x00,
    0x00, 0x00, 0x00, 0x00, 0x00, 0x00, 0x00, 0x00, 0x00, 0x00, 0x00, 0x00,
    0x00, 0x00, 0x00, 0x00, 0x00, 0x00, 0x00, 0x00, 0x00, 0x00, 0x00, 0x00,
    0x3D, 0xD4, 0x00, 0x00, 0x00, 0x00, 0x09, 0x40, 0x11, 0x13, 0xA1, 0x00,
    0x00, 0x08, 0x80, 0x00, 0x00, 0x07, 0xA0, 0x00, 0x00, 0x00, 0x00, 0x00,
    0x00, 0x00, 0x00, 0x00, 0x30, 0x00, 0x00, 0x00, 0x00, 0x03, 0x00, 0x0D,
    0x10, 0x00, 0x00, 0x00, 0x00, 0xE0, 0x00, 0xD1, 0x00, 0x00, 0x00, 0x00,
    0x0E, 0x00, 0x04, 0x00, 0x00, 0x00, 0x00, 0x00, 0x50, 0x00, 0x00, 0x00,
    0x00, 0x00, 0x00, 0x00, 0x00, 0x00, 0x86, 0x00, 0x00, 0x00, 0x5A, 0x00,
    0x00, 0x01, 0xB4, 0x00, 0x00, 0x3C, 0x10, 0x00, 0x00, 0x00, 0x03, 0xDD,
    0x50, 0x00, 0x00, 0x00, 0x00, 0x00, 0x00, 0x00, 0x00, 0x00, 0x3D, 0x30,
    0x00, 0x00, 0x3E, 0xFE, 0x30, 0x00, 0x09, 0xFF, 0xFA, 0x00, 0x00, 0x0A,
    0xFA, 0x00, 0x00, 0x00, 0x07, 0x00, 0x00, 0x00, 0x00, 0x00, 0x00, 0x00,
    0x00, 0x00, 0x00, 0x00, 0x00, 0x00, 0x00, 0x00, 0x00, 0x02, 0x80, 0x00,
    0x00, 0xCF, 0x50, 0x00, 0x06, 0xFA, 0x00, 0x00, 0x1F, 0xF0, 0x00, 0x00,
    0xCF, 0x30, 0x00, 0x09, 0xF6, 0x00, 0x00, 0x6F, 0x90, 0x00, 0x05, 0xFA,
    0x00, 0x00, 0x3F, 0xC0, 0x00, 0x02, 0xFD, 0x00, 0x00, 0x1F, 0xE0, 0x00,
    0x01, 0xFE, 0x00, 0x00, 0x0F, 0xF0, 0x00, 0x00, 0xFF, 0x00, 0x00, 0x0F,
    0xF0, 0x00, 0x00, 0xFF, 0x00, 0x07, 0xC1, 0x00, 0x00, 0x1A, 0xB0, 0x00,
    0xAF, 0x60, 0x00, 0x01, 0xFF, 0x00, 0x04, 0xFC, 0x00, 0x00, 0x1F, 0xE0,
    0x00, 0x0E, 0xF3, 0x00, 0x03, 0xFD, 0x00, 0x00, 0xBF, 0xD4, 0x12, 0xBF,
    0x90, 0x00, 0x08, 0xFF, 0xFF, 0xFF, 0xF3, 0x00, 0x00, 0x6F, 0xEE, 0xFF,
    0xD5, 0x00, 0x00, 0x04, 0xFC, 0x01, 0x10, 0x00, 0x00, 0x00, 0x3F, 0xE0,
    0x00, 0x00, 0x00, 0x00, 0x02, 0xFF, 0x00, 0x00, 0x00, 0x00, 0x00, 0x1F,
    0xF0, 0x00, 0x00, 0x00, 0x00, 0x01, 0xFF, 0x00, 0x00, 0x00, 0x00, 0x00,
    0x0F, 0xF0, 0x00, 0x00, 0x00, 0x00, 0x00, 0xFF, 0x00, 0x00, 0x00, 0x00,
    0x00, 0x0F, 0xF0, 0x00, 0x00, 0x00, 0x00, 0x00, 0xFF, 0x00, 0x00, 0x00,
    0x00, 0x04, 0x91, 0x00, 0x00, 0x00, 0x00, 0x18, 0x80, 0x0B, 0xF6, 0x00,
    0x00, 0xFF, 0x00, 0x1F, 0xF0, 0x05, 0xFD, 0x00, 0x00, 0xFF, 0x00, 0x0F,
    0xE0, 0x00, 0xEF, 0x50, 0x01, 0xFF, 0x10, 0x2F, 0xD0, 0x00, 0xCF, 0xD3,
    0x18, 0xFF, 0x81, 0x9F, 0xA0, 0x00, 0x9F, 0xFF, 0xFF, 0xEF, 0xFF, 0xFF,
    0x40, 0x00, 0x6F, 0xFF, 0xFD, 0x45, 0xEF, 0xE7, 0x00, 0x00, 0x4F, 0xD1,
    0x10, 0x00, 0x01, 0x00, 0x00, 0x00, 0x3F, 0xE0, 0x00, 0x00, 0x00, 0x00,
    0x00, 0x00, 0x2F, 0xF0, 0x00, 0x00, 0x00, 0x00, 0x00, 0x00, 0x1F, 0xF0,
    0x00, 0x00, 0x00, 0x00, 0x00, 0x00, 0x1F, 0xF0, 0x00, 0x00, 0x00, 0x00,
    0x00, 0x00, 0x0F, 0xF0, 0x00, 0x00, 0x00, 0x00, 0x00, 0x00, 0x0F, 0xF0,
    0x00, 0x00, 0x00, 0x00, 0x00, 0x00, 0x0F, 0xF0, 0x00, 0x00, 0x00, 0x00,
    0x00, 0x00, 0x0F, 0xF0, 0x00, 0x00, 0x00, 0x00, 0x00, 0x00, 0x00, 0x00,
    0x12, 0x10, 0x00, 0x00, 0x29, 0xEF, 0xF8, 0x00, 0x00, 0x2E, 0xFF, 0xFF,
    0x80, 0x00, 0x0B, 0xFC, 0x41, 0x00, 0x00, 0x00, 0xEF, 0x20, 0x00, 0x00,
    0x00, 0x0E, 0xF4, 0x00, 0x00, 0x00, 0x00, 0x8F, 0xFB, 0x96, 0x00, 0x00,
    0x00, 0x7D, 0xFF, 0xE0, 0x00, 0x00, 0x05, 0xEF, 0xE9, 0x00, 0x00, 0x08,
    0xFE, 0x70, 0x00, 0x00, 0x06, 0xFD, 0x20, 0x00, 0x00, 0x00, 0xCF, 0x30,
    0x00, 0x00, 0x00, 0x0F, 0xF1, 0x00, 0x00, 0x00, 0x00, 0xCF, 0xB4, 0x21,
    0x23, 0x50, 0x04, 0xEF, 0xFF, 0xFF, 0xFE, 0x00, 0x02, 0x7C, 0xEF, 0xED,
    0xB0, 0x00, 0x01, 0xAE, 0xEA, 0x10, 0x00, 0x00, 0x01, 0xDF, 0xFF, 0xFD,
    0x10, 0x00, 0x00, 0x9F, 0xC3, 0x3C, 0xF8, 0x00, 0x00, 0x1E, 0xF2, 0x00,
    0x2F, 0xE1, 0x00, 0x06, 0xFA, 0x00, 0x00, 0xAF, 0x60, 0x00, 0xAF, 0x50,
    0x00, 0x05, 0xFA, 0x00, 0x0D, 0xF2, 0x00, 0x00, 0x2F, 0xD0, 0x00, 0xFF,
    0x00, 0x00, 0x00, 0xFF, 0x00, 0x0E, 0xF1, 0x00, 0x00, 0x1F, 0xE0, 0x00,
    0xCF, 0x50, 0x00, 0x06, 0xFC, 0x00, 0x07, 0xFE, 0x63, 0x26, 0xEF, 0x70,
    0x00, 0x1C, 0xFF, 0xFF, 0xFF, 0xC1, 0x00, 0x00, 0x18, 0xDF, 0xFD, 0x81,
    0x00, 0x00, 0x07, 0x42, 0x01, 0x24, 0x82, 0x00, 0x0F, 0xFF, 0xFF, 0xFF,
    0xF3, 0x00, 0x0A, 0xDF, 0xFF, 0xEF, 0xF1, 0x00, 0x00, 0x00, 0x11, 0x0F,
    0xF0, 0x00, 0x00, 0x00, 0x00, 0x0F, 0xF0, 0x00, 0x00, 0x00, 0x00, 0x0F,
    0xF0, 0x00, 0x00, 0x00, 0x00, 0x0F, 0xF0, 0x00, 0x00, 0x00, 0x00, 0x0F,
    0xF0, 0x00, 0x00, 0x00, 0x00, 0x0F, 0xF0, 0x00, 0x00, 0x00, 0x00, 0x0F,
    0xF1, 0x00, 0x00, 0x00, 0x00, 0x0F, 0xF1, 0x00, 0x00, 0x00, 0x00, 0x0F,
    0xF2, 0x00, 0x00, 0x00, 0x00, 0x0F, 0xF3, 0x00, 0x00, 0x00, 0x00, 0x0E,
    0xF4, 0x00, 0x00, 0x00, 0x00, 0x0D, 0xF5, 0x00, 0x00, 0x00, 0x00, 0x0C,
    0xF7, 0x00, 0x01, 0x70, 0x00, 0x00, 0x00, 0x06, 0x10, 0x0C, 0xF6, 0x00,
    0x00, 0x00, 0x4F, 0xE1, 0x06, 0xFD, 0x00, 0x00, 0x00, 0xBF, 0x80, 0x00,
    0xDF, 0x50, 0x00, 0x03, 0xFE, 0x10, 0x00, 0x6F, 0xB0, 0x00, 0x09, 0xF8,
    0x00, 0x00, 0x0E, 0xF2, 0x00, 0x1E, 0xF2, 0x00, 0x00, 0x08, 0xF8, 0x00,
    0x6F, 0xA0, 0x00, 0x00, 0x02, 0xFD, 0x00, 0xBF, 0x40, 0x00, 0x00, 0x00,
    0xCF, 0x31, 0xFE, 0x00, 0x00, 0x00, 0x00, 0x7F, 0x75, 0xF9, 0x00, 0x00,
    0x00, 0x00, 0x2F, 0xB9, 0xF4, 0x00, 0x00, 0x00, 0x00, 0x0D, 0xED, 0xF1,
    0x00, 0x00, 0x00, 0x00, 0x09, 0xFF, 0xC0, 0x00, 0x00, 0x00, 0x00, 0x06,
    0xFF, 0x80, 0x00, 0x00, 0x00, 0x00, 0x03, 0xFF, 0x50, 0x00, 0x00, 0x00,
    0x00, 0x01, 0xFF, 0x30, 0x00, 0x00, 0x00, 0x00, 0x01, 0xFF, 0x30, 0x00,
    0x00, 0x00, 0x00, 0x03, 0xFF, 0x50, 0x00, 0x00, 0x00, 0x00, 0x06, 0xFF,
    0x80, 0x00, 0x00, 0x00, 0x00, 0x09, 0xFF, 0xC0, 0x00, 0x00, 0x00, 0x00,
    0x0D, 0xED, 0xF1, 0x00, 0x00, 0x00, 0x00, 0x2F, 0xB9, 0xF4, 0x00, 0x00,
    0x00, 0x00, 0x7F, 0x75, 0xF9, 0x00, 0x00, 0x00, 0x00, 0xCF, 0x31, 0xFE,
    0x00, 0x00, 0x00, 0x02, 0xFD, 0x00, 0xBF, 0x40, 0x00, 0x00, 0x08, 0xF8,
    0x00, 0x6F, 0xA0, 0x00, 0x00, 0x0E, 0xF2, 0x00, 0x1E, 0xF2, 0x00, 0x00,
    0x6F, 0xB0, 0x00, 0x09, 0xF8, 0x00, 0x00, 0xDF, 0x50, 0x00, 0x03, 0xFE,
    0x10, 0x06, 0xFD, 0x00, 0x00, 0x00, 0xBF, 0x80, 0x0C, 0xF6, 0x00, 0x00,
    0x00, 0x4F, 0xE1, 0x01, 0x70, 0x00, 0x00, 0x00, 0x06, 0x10, 0x00, 0x1A,
    0xED, 0x91, 0x00, 0x00, 0x00, 0xCF, 0xFF, 0xFB, 0x00, 0x00, 0x05, 0xFD,
    0x35, 0xEF, 0x40, 0x00, 0x0B, 0xF5, 0x00, 0x8F, 0x90, 0x00, 0x0E, 0xF1,
    0x00, 0x3F, 0xC0, 0x00, 0x0F, 0xF1, 0x00, 0x2F, 0xE0, 0x00, 0x0D, 0xF9,
    0x32, 0x4F, 0xE0, 0x00, 0x07, 0xFF, 0xFF, 0xFF, 0xF0, 0x00, 0x00, 0x6C,
    0xEF, 0xDF, 0xF0, 0x00, 0x00, 0x00, 0x00, 0x0F, 0xF0, 0x00, 0x00, 0x00,
    0x00, 0x0F, 0xF0, 0x00, 0x00, 0x00, 0x00, 0x0F, 0xF0, 0x00, 0x00, 0x00,
    0x00, 0x0F, 0xF0, 0x00, 0x00, 0x00, 0x00, 0x0F, 0xF0, 0x00, 0x00, 0x00,
    0x00, 0x0F, 0xF0, 0x00, 0x00, 0x00, 0x00, 0x0F, 0xF0, 0x00, 0x00, 0x00,
    0x00, 0x00, 0x52, 0x00, 0x00, 0x8E, 0x80, 0x01, 0xEC, 0x00, 0x00, 0xEF,
    0xE0, 0x07, 0xF6, 0x00, 0x00, 0x8E, 0x80, 0x0D, 0xE0, 0x00, 0x00, 0x00,
    0x00, 0x5F, 0x70, 0x00, 0x00, 0x00, 0x00, 0xCE, 0x10, 0x00, 0x00, 0x00,
    0x04, 0xF9, 0x00, 0x00, 0x00, 0x00, 0x0B, 0xF2, 0x00, 0x00, 0x00, 0x00,
    0x2F, 0xA0, 0x00, 0x00, 0x00, 0x00, 0x9F, 0x30, 0x00, 0x00, 0x00, 0x01,
    0xFC, 0x00, 0x00, 0x00, 0x00, 0x08, 0xF5, 0x00, 0x00, 0x00, 0x00, 0x1E,
    0xD0, 0x08, 0xE8, 0x00, 0x00, 0x6F, 0x60, 0x0E, 0xFE, 0x00, 0x00, 0xDE,
    0x10, 0x08, 0xE8, 0x00, 0x00, 0x56, 0x00, 0x00, 0x00, 0x00, 0x00, 0x00,
    0x00, 0x02, 0x00, 0x00, 0x00, 0x00, 0x3F, 0x70, 0x00, 0x00, 0x00, 0xAF,
    0x20, 0x00, 0x00, 0x03, 0xFA, 0x00, 0x00, 0x00, 0x0A, 0xF3, 0x00, 0x00,
    0x00, 0x3F, 0xA0, 0x00, 0x00, 0x00, 0xAF, 0x30, 0x00, 0x00, 0x03, 0xFA,
    0x00, 0x00, 0x00, 0x0A, 0xF3, 0x00, 0x00, 0x00, 0x3F, 0xA0, 0x00, 0x00,
    0x00, 0xAF, 0x30, 0x00, 0x00, 0x03, 0xFB, 0x00, 0x00, 0x00, 0x0A, 0xF3,
    0x00, 0x00, 0x00, 0x0C, 0xB0, 0x00, 0x00, 0x00, 0x00, 0x10, 0x00, 0x00,
    0x00, 0x00, 0xFF, 0x00, 0x00, 0xFF, 0x00, 0x01, 0xFE, 0x00, 0x04, 0xF9,
    0x00, 0x0B, 0xE2, 0x00, 0x1E, 0x60, 0x00, 0x01, 0x00, 0x00, 0x00, 0x00,
    0x00, 0x00, 0x00, 0x00, 0x00, 0x00, 0x00, 0x00, 0x00, 0x60, 0x00, 0x00,
    0x00, 0x00, 0x00, 0x00, 0x0D, 0x40, 0x00, 0x00, 0x00, 0x00, 0x00, 0x02,
    0xF9, 0x00, 0x00, 0x00, 0x00, 0x00, 0x00, 0x7F, 0xE0, 0x00, 0x00, 0x00,
    0x05, 0xEF, 0xFF, 0xFF, 0xFF, 0xFA, 0x10, 0x00, 0x02, 0xCF, 0xFF, 0xFF,
    0xE6, 0x00, 0x00, 0x00, 0x00, 0xBF, 0xFF, 0xF3, 0x00, 0x00, 0x00, 0x00,
    0x0C, 0xFF, 0xFF, 0x30, 0x00, 0x00, 0x00, 0x02, 0xFE, 0x5B, 0xF8, 0x00,
    0x00, 0x00, 0x00, 0x7B, 0x10, 0x07, 0xC0, 0x00, 0x00, 0x00, 0x04, 0x00,
    0x00, 0x03, 0x10, 0x00, 0x00, 0x00, 0x00, 0x00, 0x00, 0x00, 0x00, 0x00,
    0x00, 0x00, 0x00, 0x00, 0x00, 0x00, 0x00, 0x00, 0x00, 0x00, 0x00, 0x00,
    0x00, 0x00, 0x00, 0x00, 0x00, 0x00, 0x00, 0x00, 0x00, 0x00, 0x02, 0x10,
    0x00, 0x00, 0x00, 0x00, 0x00, 0x00, 0x00, 0x12, 0x00, 0x9E, 0x40, 0x00,
    0x00, 0x00, 0x00, 0x00, 0x00, 0x5F, 0xB0, 0x0D, 0xF2, 0x00, 0x00, 0x00,
    0x00, 0x00, 0x00, 0x03, 0xFD, 0x00, 0xFF, 0x00, 0x00, 0x00, 0x00, 0x00,
    0x00, 0x00, 0x1F, 0xE0, 0x0E, 0xF3, 0x00, 0x00, 0x00, 0x00, 0x00, 0x00,
    0x00, 0xFF, 0x00, 0xAF, 0xB1, 0x00, 0x00, 0x00, 0x00, 0x00, 0x00, 0x4F,
    0xD0, 0x03, 0xFF, 0xD8, 0x53, 0x22, 0x22, 0x22, 0x23, 0x7E, 0xF8, 0x00,
    0x04, 0xDF, 0xFF, 0xFF, 0xFF, 0xFF, 0xFF, 0xFF, 0xFB, 0x10, 0x00, 0x00,
    0x48, 0xBD, 0xEF, 0xFF, 0xFE, 0xED, 0xA5, 0x00, 0x00, 0x00, 0x00, 0x00,
    0x00, 0x00, 0x10, 0x00, 0x00, 0x00, 0x00, 0x00, 0x00, 0x03, 0xCF, 0xF9,
    0x00, 0x00, 0x00, 0x00, 0x00, 0x01, 0xEF, 0xFF, 0xFA, 0x00, 0x00, 0x17,
    0x10, 0x00, 0x8F, 0xB1, 0x4F, 0xF3, 0x00, 0x06, 0xFB, 0x00, 0x0D, 0xF3,
    0x00, 0xAF, 0x80, 0x00, 0xAF, 0x70, 0x00, 0xFF, 0x10, 0x05, 0xFB, 0x00,
    0x0C, 0xF3, 0x00, 0x0D, 0xF7, 0x22, 0x7F, 0xD0, 0x00, 0xEF, 0x10, 0x00,
    0x8F, 0xFF, 0xFF, 0xFE, 0x00, 0x0F, 0xF0, 0x00, 0x00, 0x7D, 0xEE, 0xBF,
    0xF0, 0x00, 0xDF, 0x20, 0x00, 0x00, 0x00, 0x01, 0xFD, 0x00, 0x0B, 0xF6,
    0x00, 0x00, 0x00, 0x00, 0x6F, 0xA0, 0x00, 0x6F, 0xE2, 0x00, 0x00, 0x00,
    0x2D, 0xF5, 0x00, 0x00, 0xCF, 0xE7, 0x32, 0x24, 0x8E, 0xFB, 0x00, 0x00,
    0x02, 0xCF, 0xFF, 0xFF, 0xFF, 0xFB, 0x10, 0x00, 0x00, 0x00, 0x5B, 0xDF,
    0xED, 0xA5, 0x00, 0x00, 0x00, 0x00, 0x00, 0x00, 0x2E, 0x00, 0x00, 0x00,
    0x00, 0x00, 0x00, 0x02, 0xE0, 0x00, 0x00, 0x00, 0x00, 0x00, 0x00, 0x2E,
    0x00, 0x00, 0x00, 0x00, 0x00, 0x00, 0x02, 0xE0, 0x00, 0x00, 0x00, 0x00,
    0x00, 0x00, 0x00, 0x00, 0x00, 0x00, 0x00, 0x00, 0x00, 0x00, 0x00, 0x00,
    0x00, 0x00, 0x00, 0x00, 0x00, 0x00, 0x00, 0x00, 0x00, 0x00, 0x00, 0x00,
    0x3D, 0xD4, 0x00, 0x00, 0x00, 0x00, 0x09, 0x40, 0x11, 0x13, 0xA1, 0x00,
    0x00, 0x08, 0x80, 0x00, 0x00, 0x07, 0xA0, 0x00, 0x00, 0x00, 0x00, 0x00,
    0x00, 0x00, 0x00, 0x00, 0x30, 0x00, 0x00, 0x00, 0x00, 0x03, 0x00, 0x0D,
    0x10, 0x00, 0x00, 0x00, 0x00, 0xE0, 0x00, 0xD1, 0x00, 0x00, 0x00, 0x00,
    0x0E, 0x00, 0x04, 0x00, 0x00, 0x00, 0x00, 0x00, 0x50, 0x00, 0x00, 0x00,
    0x00, 0x00, 0x00, 0x00, 0x00, 0x00, 0x86, 0x00, 0x00, 0x00, 0x5A, 0x00,
    0x00, 0x01, 0xB4, 0x00, 0x00, 0x3C, 0x10, 0x00, 0x00, 0x00, 0x03, 0xDD,
    0x50, 0x00, 0x00, 0x00, 0x00, 0x06, 0xED, 0x50, 0x06, 0xC2, 0x3E, 0x35,
    0xD2, 0x15, 0xD3, 0xCE, 0xFE, 0xC4, 0x00, 0x00, 0x00, 0x00, 0x00, 0xFF,
    0x00, 0x00, 0x0F, 0xF0, 0x00, 0x00, 0xFF, 0x00, 0x00, 0x0F, 0xF0, 0x00,
    0x00, 0xFF, 0x00, 0x00, 0x0F, 0xF0, 0x00, 0x00, 0xFF, 0x00, 0x00, 0x0F,
    0xF0, 0x00, 0x00, 0xFF, 0x00, 0x00, 0x0F, 0xF0, 0x00, 0x00, 0xFF, 0x00,
    0x00, 0x0F, 0xF0, 0x00, 0x00, 0xFF, 0x00, 0x00, 0x0F, 0xF0, 0x00, 0x00,
    0xFF, 0x00, 0x00, 0x3C, 0xE7, 0x00, 0x0C, 0x83, 0x30, 0x00, 0xE1, 0x01,
    0x00, 0x08, 0xDB, 0xF2, 0x02, 0xCE, 0x93, 0x00, 0x26, 0x10, 0x00, 0x00,
    0x00, 0x00, 0x00, 0x00, 0x00, 0x00, 0x00, 0x00, 0x00, 0x00, 0x00, 0x00,
    0x00, 0x00, 0x00, 0x00, 0x00, 0x00, 0x00, 0x00, 0x00, 0x00, 0x00, 0x00,
    0x00, 0x00, 0x00, 0x00, 0x00, 0x00, 0x00, 0x00, 0x00, 0x00, 0x00, 0x00,
    0x00, 0x00, 0x00, 0x00, 0x00, 0x00, 0x00, 0x00, 0x00, 0x00, 0x00, 0x00,
    0x00, 0x3F, 0x00, 0x00, 0x00, 0x00, 0x00, 0x00, 0x00, 0x00, 0x00, 0x03,
    0xF0, 0x00, 0x00, 0x00, 0x00, 0x00, 0x00, 0x00, 0x00, 0x00, 0x3F, 0x6E,
    0xD4, 0x00, 0x00, 0x00, 0x00, 0x00, 0x00, 0x00, 0x03, 0xFF, 0x54, 0xC0,
    0x00, 0x00, 0x00, 0x00, 0x00, 0x00, 0x00, 0x3F, 0x80, 0x1E, 0x00, 0x00,
    0x00, 0x00, 0x00, 0x00, 0x00, 0x04, 0xE1, 0x29, 0xB0, 0x00, 0x00, 0x00,
    0x00, 0x00, 0x00, 0x0B, 0xFF, 0xFF, 0xB2, 0x00, 0x00, 0x00, 0x00, 0x8A,
    0x30, 0x00, 0x23, 0x32, 0x10, 0x00, 0x00, 0x4C, 0xA0, 0x0C, 0xF3, 0x00,
    0x00, 0x00, 0x00, 0x00, 0x00, 0x04, 0xFD, 0x00, 0xEF, 0x10, 0x00, 0x00,
    0x00, 0x00, 0x00, 0x00, 0x2F, 0xE0, 0x0E, 0xF2, 0x00, 0x00, 0x00, 0x00,
    0x00, 0x00, 0x00, 0xFF, 0x00, 0xBF, 0xA0, 0x00, 0x00, 0x00, 0x00, 0x00,
    0x00, 0x3F, 0xD0, 0x04, 0xFF, 0xD8, 0x53, 0x22, 0x22, 0x22, 0x23, 0x6E,
    0xF9, 0x00, 0x05, 0xEF, 0xFF, 0xFF, 0xFF, 0xFF, 0xFF, 0xFF, 0xFC, 0x10,
    0x00, 0x00, 0x59, 0xBD, 0xEF, 0xFF, 0xFE, 0xED, 0xA6, 0x00, 0x00, 0x00,
    0x00, 0x00, 0x00, 0x30, 0x00, 0x30, 0x00, 0x00, 0x00, 0x00, 0x00, 0x00,
    0x00, 0x9F, 0x50, 0x6F, 0x90, 0x00, 0x00, 0x00, 0x00, 0x00, 0x00, 0x2E,
    0xFA, 0x0B, 0xFE, 0x20, 0x00, 0x00, 0x00, 0x21, 0x00, 0x00, 0x38, 0x00,
    0x09, 0x30, 0x00, 0x01, 0x20, 0x09, 0xE4, 0x00, 0x00, 0x00, 0x00, 0x00,
    0x00, 0x05, 0xFB, 0x00, 0xDF, 0x20, 0x00, 0x00, 0x00, 0x00, 0x00, 0x00,
    0x3F, 0xD0, 0x0F, 0xF0, 0x00, 0x00, 0x00, 0x00, 0x00, 0x00, 0x01, 0xFE,
    0x00, 0xEF, 0x30, 0x00, 0x00, 0x00, 0x00, 0x00, 0x00, 0x0F, 0xF0, 0x0A,
    0xFB, 0x10, 0x00, 0x00, 0x00, 0x00, 0x00, 0x04, 0xFD, 0x00, 0x3F, 0xFD,
    0x85, 0x32, 0x22, 0x22, 0x22, 0x37, 0xEF, 0x80, 0x00, 0x4D, 0xFF, 0xFF,
    0xFF, 0xFF, 0xFF, 0xFF, 0xFF, 0xB1, 0x00, 0x00, 0x04, 0x8B, 0xDF, 0xFF,
    0xFF, 0xEE, 0xDA, 0x50, 0x00, 0x00, 0x00, 0x00, 0x00, 0xD5, 0x05, 0xD0,
    0x00, 0x00, 0x00, 0x00, 0x00, 0x00, 0x00, 0x0D, 0x50, 0x5D, 0x00, 0x00,
    0x00, 0x00, 0x00, 0x00, 0x00, 0x00, 0x3C, 0xEC, 0x30, 0x00, 0x00, 0x00,
    0x00, 0x02, 0x10, 0x00, 0x00, 0x00, 0x00, 0x00, 0x00, 0x00, 0x12, 0x00,
    0x9E, 0x40, 0x00, 0x00, 0x00, 0x00, 0x00, 0x00, 0x5F, 0xB0, 0x0D, 0xF2,
    0x00, 0x00, 0x00, 0x00, 0x00, 0x00, 0x03, 0xFD, 0x00, 0xFF, 0x00, 0x00,
    0x00, 0x00, 0x00, 0x00, 0x00, 0x1F, 0xE0, 0x0E, 0xF3, 0x00, 0x00, 0x00,
    0x00, 0x00, 0x00, 0x00, 0xFF, 0x00, 0xAF, 0xB1, 0x00, 0x00, 0x00, 0x00,
    0x00, 0x00, 0x4F, 0xD0, 0x03, 0xFF, 0xD8, 0x53, 0x22, 0x22, 0x22, 0x23,
    0x7E, 0xF8, 0x00, 0x04, 0xDF, 0xFF, 0xFF, 0xFF, 0xFF, 0xFF, 0xFF, 0xFB,
    0x10, 0x00, 0x00, 0x48, 0xBD, 0xEF, 0xFF, 0xFE, 0xED, 0xA5, 0x00, 0x00,
    0x00, 0x00, 0x00, 0x00, 0x00, 0x00, 0x00, 0x00, 0x00, 0x00, 0x00, 0x00,
    0x00, 0x00, 0x31, 0x00, 0x22, 0x00, 0x00, 0x00, 0x00, 0x00, 0x00, 0x00,
    0x4E, 0xC1, 0x3E, 0xD2, 0x00, 0x00, 0x00, 0x00, 0x00, 0x00, 0x05, 0xFD,
    0x24, 0xEE, 0x30, 0x00, 0x00, 0x00, 0x00, 0x00, 0x00, 0x05, 0x23, 0x24,
    0x30, 0x00, 0x00, 0x00, 0x00, 0x00, 0x00, 0x00, 0x04, 0xED, 0x20, 0x00,
    0x00, 0x00, 0x00, 0x00, 0x00, 0x00, 0x00, 0x4F, 0xD2, 0x00, 0x00, 0x00,
    0x00, 0x00, 0x00, 0x00, 0x00, 0x00, 0x42, 0x00, 0x00, 0x00, 0x00, 0x00,
    0x00, 0x00, 0x03, 0xCE, 0x60, 0x00, 0x00, 0x00, 0x00, 0x00, 0x0D, 0x73,
    0x30, 0x00, 0x00, 0x00, 0x00, 0x00, 0x0E, 0x10, 0x20, 0x00, 0x00, 0x00,
    0x00, 0x00, 0x07, 0xDC, 0xE0, 0x00, 0x00, 0x00, 0x00, 0x00, 0x4D, 0xD7,
    0x10, 0x00, 0x00, 0x00, 0x00, 0x00, 0x24, 0x00, 0x00, 0x00, 0x00, 0x00,
    0x00, 0x00, 0x01, 0x00, 0x00, 0x00, 0x00, 0x00, 0x00, 0x2A, 0xFF, 0xD8,
    0x10, 0x00, 0x00, 0x00, 0x02, 0xDF, 0xFF, 0xFF, 0xF9, 0x30, 0x00, 0x00,
    0x0C, 0xFD, 0x31, 0x49, 0xEF, 0xFC, 0x73, 0x10, 0x03, 0x91, 0x00, 0x00,
    0x19, 0xFF, 0xFF, 0x80, 0x00, 0x00, 0x00, 0x39, 0xEF, 0xFF, 0xFF, 0x70,
    0x00, 0x00, 0x2B, 0xFF, 0xFC, 0x84, 0x20, 0x00, 0x00, 0x05, 0xEF, 0xE8,
    0x20, 0x00, 0x00, 0x00, 0x00, 0x5F, 0xFA, 0x10, 0x00, 0x00, 0x00, 0x00,
    0x01, 0xEF, 0x80, 0x00, 0x00, 0x00, 0x00, 0x00, 0x07, 0xFB, 0x00, 0x00,
    0x00, 0x00, 0x00, 0x00, 0x0C, 0xF3, 0x00, 0x00, 0x00, 0x00, 0x00, 0x00,
    0x0E, 0xF1, 0x00, 0x00, 0x00, 0x00, 0x00, 0x00, 0x0F, 0xF1, 0x00, 0x00,
    0x00, 0x00, 0x00, 0x00, 0x0C, 0xF5, 0x00, 0x00, 0x00, 0x00, 0x00, 0x00,
    0x08, 0xFE, 0x30, 0x00, 0x00, 0x00, 0x00, 0x10, 0x01, 0xCF, 0xFA, 0x53,
    0x22, 0x35, 0x9D, 0x80, 0x00, 0x1B, 0xFF, 0xFF, 0xFF, 0xFF, 0xFF, 0xB0,
    0x00, 0x00, 0x38, 0xCE, 0xFF, 0xEC, 0x94, 0x00, 0x00, 0x00, 0x00, 0x61,
    0x00, 0x00, 0x00, 0x00, 0x00, 0x00, 0x08, 0xFC, 0x10, 0x00, 0x00, 0x00,
    0x00, 0x00, 0x05, 0xFA, 0x00, 0x00, 0x00, 0x00, 0x00, 0x00, 0x71, 0x30,
    0x71, 0x00, 0x00, 0x00, 0x00, 0x08, 0xFC, 0x18, 0xFC, 0x10, 0x00, 0x00,
    0x00, 0x05, 0xF9, 0x05, 0xF9, 0x00, 0x00, 0x00, 0x00, 0x00, 0x30, 0x00,
    0x30, 0x00, 0x00, 0x00, 0x00, 0x00, 0x01, 0x00, 0x00, 0x00, 0x00, 0x00,
    0x00, 0x2A, 0xFF, 0xD8, 0x10, 0x00, 0x00, 0x00, 0x02, 0xDF, 0xFF, 0xFF,
    0xF9, 0x30, 0x00, 0x00, 0x0C, 0xFC, 0x31, 0x5A, 0xFF, 0xFC, 0x73, 0x10,
    0x03, 0x91, 0x00, 0x00, 0x2B, 0xFF, 0xFF, 0x80, 0x00, 0x00, 0x00, 0x4A,
    0xEF, 0xFF, 0xFF, 0x70, 0x00, 0x00, 0x3B, 0xFF, 0xFC, 0x84, 0x20, 0x00,
    0x00, 0x05, 0xEF, 0xE8, 0x20, 0x00, 0x00, 0x00, 0x00, 0x4F, 0xFA, 0x10,
    0x00, 0x00, 0x00, 0x00, 0x01, 0xEF, 0x80, 0x00, 0x00, 0x00, 0x00, 0x00,
    0x07, 0xFB, 0x00, 0x00, 0x00, 0x00, 0x00, 0x00, 0x0C, 0xF3, 0x00, 0x00,
    0x00, 0x00, 0x00, 0x00, 0x0E, 0xF1, 0x00, 0x00, 0x00, 0x00, 0x00, 0x00,
    0x0F, 0xF1, 0x00, 0x00, 0x00, 0x00, 0x00, 0x00, 0x0C, 0xF5, 0x00, 0x00,
    0x00, 0x00, 0x00, 0x00, 0x08, 0xFE, 0x30, 0x00, 0x00, 0x00, 0x00, 0x10,
    0x01, 0xCF, 0xFA, 0x53, 0x22, 0x35, 0x9D, 0x80, 0x00, 0x1B, 0xFF, 0xFF,
    0xFF, 0xFF, 0xFF, 0xB0, 0x00, 0x00, 0x38, 0xCE, 0xFF, 0xEC, 0x94, 0x00,
    0x00, 0x00, 0x01, 0x00, 0x00, 0x00, 0x00, 0x00, 0x00, 0x2A, 0xFF, 0xD8,
    0x10, 0x00, 0x00, 0x00, 0x02, 0xDF, 0xFF, 0xFF, 0xF9, 0x30, 0x00, 0x00,
    0x0C, 0xFC, 0x31, 0x5A, 0xFF, 0xFC, 0x73, 0x10, 0x03, 0x91, 0x00, 0x00,
    0x2B, 0xFF, 0xFF, 0x80, 0x00, 0x00, 0x00, 0x4A, 0xEF, 0xFF, 0xFF, 0x70,
    0x00, 0x00, 0x3B, 0xFF, 0xFC, 0x84, 0x20, 0x00, 0x00, 0x05, 0xEF, 0xE8,
    0x20, 0x00, 0x00, 0x00, 0x00, 0x4F, 0xFA, 0x10, 0x00, 0x00, 0x00, 0x00,
    0x01, 0xEF, 0x80, 0x17, 0x00, 0x17, 0x00, 0x00, 0x07, 0xFB, 0x00, 0xCF,
    0x90, 0xCF, 0xA0, 0x00, 0x0C, 0xF3, 0x00, 0x7F, 0x50, 0x7F, 0x50, 0x00,
    0x0E, 0xF1, 0x00, 0x02, 0x19, 0x02, 0x00, 0x00, 0x0F, 0xF1, 0x00, 0x00,
    0xDF, 0xA0, 0x00, 0x00, 0x0C, 0xF5, 0x00, 0x00, 0x6E, 0x40, 0x00, 0x00,
    0x08, 0xFE, 0x30, 0x00, 0x01, 0x00, 0x00, 0x10, 0x01, 0xCF, 0xFA, 0x53,
    0x22, 0x35, 0x9D, 0x80, 0x00, 0x1B, 0xFF, 0xFF, 0xFF, 0xFF, 0xFF, 0xB0,
    0x00, 0x00, 0x38, 0xCE, 0xFF, 0xEC, 0x94, 0x00, 0x00, 0x3F, 0x00, 0x00,
    0x00, 0x00, 0x03, 0xF0, 0x00, 0x00, 0x00, 0x00, 0x3F, 0x00, 0x00, 0x00,
    0x00, 0x03, 0xF6, 0xEE, 0x50, 0x00, 0x00, 0x3F, 0xD3, 0x3E, 0x00, 0x00,
    0x04, 0xE3, 0x16, 0xD0, 0x00, 0x0B, 0xFF, 0xFF, 0xC3, 0x00, 0x00, 0x23,
    0x32, 0x10, 0x00, 0x00, 0x00, 0x00, 0x00, 0x00, 0x00, 0x00, 0x00, 0x3D,
    0x50, 0x00, 0x00, 0x00, 0x09, 0xFF, 0xA1, 0x00, 0x00, 0x00, 0x07, 0xEF,
    0xD2, 0x00, 0x00, 0x00, 0x02, 0xDF, 0xC0, 0x00, 0x00, 0x00, 0x01, 0xDF,
    0x70, 0x00, 0x00, 0x00, 0x04, 0xFD, 0x00, 0x00, 0x00, 0x00, 0x0F, 0xF0,
    0x00, 0x00, 0x00, 0x04, 0xFD, 0x01, 0x53, 0x22, 0x48, 0xEF, 0x90, 0x3F,
    0xFF, 0xFF, 0xFF, 0xC1, 0x02, 0xCE, 0xFF, 0xDB, 0x60, 0x00, 0x00, 0x00,
    0x10, 0x00, 0x00, 0x00, 0x00, 0x2E, 0x81, 0x00, 0x00, 0x00, 0x06, 0xFF,
    0xD2, 0x00, 0x00, 0x00, 0x04, 0xDF, 0xE3, 0x00, 0x00, 0x00, 0x01, 0xCF,
    0xD1, 0x00, 0x00, 0x00, 0x01, 0xCF, 0x80, 0x00, 0x00, 0x00, 0x04, 0xFD,
    0x00, 0x00, 0x00, 0x00, 0x0F, 0xF0, 0x00, 0x00, 0x00, 0x04, 0xFD, 0x00,
    0x53, 0x22, 0x48, 0xEF, 0x90, 0x0F, 0xFF, 0xFF, 0xFF, 0xC1, 0x00, 0xCE,
    0xFF, 0xFF, 0x60, 0x00, 0x00, 0x0E, 0x43, 0xE0, 0x00, 0x00, 0x00, 0xD3,
    0x3D, 0x00, 0x00, 0x00, 0x04, 0xDD, 0x40, 0x00, 0x00, 0x00, 0x2C, 0x00,
    0x00, 0x00, 0x3F, 0x00, 0x00, 0x00, 0x3F, 0x00, 0x00, 0x00, 0x3F, 0x6E,
    0xE5, 0x00, 0x3F, 0xE4, 0x3E, 0x00, 0x3F, 0x30, 0x5D, 0x09, 0xDF, 0xDE,
    0xC3, 0x02, 0x33, 0x21, 0x00, 0x00, 0x00, 0x00, 0x00, 0x00, 0x00, 0x28,
    0x40, 0x00, 0x00, 0x7F, 0x80, 0x00, 0x00, 0x4F, 0xC0, 0x00, 0x00, 0x2F,
    0xD0, 0x00, 0x00, 0x1F, 0xF0, 0x00, 0x00, 0x0F, 0xE0, 0x00, 0x00, 0x2F,
    0xD0, 0x00, 0x00, 0x6F, 0x90, 0x00, 0x00, 0xDF, 0x50, 0x00, 0x0A, 0xFC,
    0x00, 0x15, 0xCF, 0xE3, 0x00, 0xAF, 0xFD, 0x30, 0x00, 0x5B, 0x60, 0x00,
    0x00, 0x00, 0x00, 0x00, 0x10, 0x00, 0x00, 0x00, 0xAE, 0x10, 0x00, 0x00,
    0x09, 0xF7, 0x00, 0x00, 0x00, 0x5F, 0xB0, 0x00, 0x00, 0x02, 0xFE, 0x00,
    0x00, 0x00, 0x1F, 0xF0, 0x00, 0x00, 0x01, 0xFD, 0x00, 0x00, 0x00, 0x4F,
    0xB0, 0x00, 0x00, 0x0A, 0xF7, 0x00, 0x00, 0x05, 0xFE, 0x10, 0x00, 0x17,
    0xFF, 0x60, 0x02, 0x9E, 0xFF, 0xF4, 0x00, 0x1E, 0xFF, 0x73, 0xD0, 0x00,
    0x42, 0xD3, 0x3D, 0x00, 0x00, 0x04, 0xDD, 0x40, 0x00, 0x00, 0x00, 0x01,
    0x62, 0x00, 0x00, 0x00, 0xAF, 0x70, 0x00, 0x00, 0x06, 0xFB, 0x00, 0x00,
    0x00, 0x3F, 0xD0, 0x00, 0x00, 0x01, 0xFE, 0x00, 0x00, 0x00, 0x0F, 0xE0,
    0x00, 0x00, 0x02, 0xFD, 0x00, 0x00, 0x00, 0x6F, 0xA0, 0x00, 0x00, 0x0C,
    0xF5, 0x00, 0x00, 0x09, 0xFC, 0x00, 0x00, 0x5C, 0xFE, 0x30, 0x01, 0xEF,
    0xFD, 0x30, 0x00, 0x0B, 0xC7, 0x00, 0x00, 0x00, 0x00, 0x00, 0x00, 0x00,
    0x01, 0xD1, 0x0A, 0x50, 0x00, 0x0B, 0x73, 0xE1, 0x00, 0x00, 0x3E, 0xB8,
    0x00, 0x00, 0x00, 0xBE, 0x10, 0x00, 0x00, 0x00, 0x00, 0x31, 0x00, 0x00,
    0x00, 0xAF, 0x60, 0x00, 0x00, 0x07, 0xFA, 0x00, 0x00, 0x00, 0x4F, 0xD0,
    0x00, 0x00, 0x02, 0xFE, 0x00, 0x0A, 0x60, 0x0F, 0xF0, 0x09, 0xFF, 0x41,
    0xFD, 0x00, 0x2D, 0xA0, 0x4F, 0xB0, 0x00, 0x20, 0x0B, 0xF6, 0x00, 0x00,
    0x06, 0xFE, 0x10, 0x00, 0x29, 0xFF, 0x50, 0x01, 0xBF, 0xFF, 0x60, 0x00,
    0x0C, 0xFA, 0x20, 0x00, 0x00, 0x21, 0x00, 0x84, 0x00, 0x00, 0x00, 0x8F,
    0xE3, 0x00, 0x00, 0x04, 0xEC, 0x10, 0x00, 0x00, 0x03, 0x10, 0x00, 0x00,
    0x00, 0x01, 0x00, 0x00, 0x00, 0x00, 0x5F, 0x50, 0x00, 0x00, 0x00, 0xCF,
    0xC0, 0x00, 0x00, 0x02, 0x19, 0x12, 0x00, 0x00, 0x5F, 0x50, 0x5F, 0x60,
    0x00, 0xBF, 0xB0, 0xBF, 0xC0, 0x00, 0x18, 0x10, 0x18, 0x10, 0x00, 0x00,
    0x00, 0x00, 0x00, 0x00, 0x00, 0x00, 0x31, 0x00, 0x00, 0x00, 0x0A, 0xF6,
    0x00, 0x00, 0x00, 0x07, 0xFA, 0x00, 0x00, 0x00, 0x04, 0xFD, 0x00, 0x00,
    0x00, 0x02, 0xFE, 0x00, 0x00, 0x00, 0x00, 0xFF, 0x00, 0x00, 0x00, 0x01,
    0xFD, 0x00, 0x00, 0x00, 0x04, 0xFB, 0x00, 0x00, 0x00, 0x0B, 0xF6, 0x00,
    0x00, 0x00, 0x6F, 0xE1, 0x00, 0x00, 0x29, 0xFF, 0x50, 0x00, 0x1B, 0xFF,
    0xF6, 0x00, 0x00, 0x0C, 0xFA, 0x20, 0x00, 0x00, 0x02, 0x10, 0x00, 0x00,
    0x00, 0x00, 0x00, 0x00, 0x00, 0x00, 0x00, 0x00, 0x00, 0x00, 0x00, 0x00,
    0x00, 0x00, 0x00, 0x00, 0x00, 0x00, 0x00, 0x00, 0x00, 0x00, 0x00, 0x00,
    0x2C, 0x30, 0x00, 0x00, 0x00, 0x00, 0x00, 0x00, 0x00, 0x00, 0x00, 0x00,
    0x00, 0x00, 0xCF, 0xD0, 0x00, 0x00, 0x00, 0x00, 0x00, 0x00, 0x00, 0x00,
    0x00, 0x00, 0x00, 0x00, 0x4F, 0x50, 0x00, 0x00, 0x00, 0x00, 0x00, 0x00,
    0x00, 0x00, 0x00, 0x00, 0x00, 0x00, 0x02, 0x00, 0x00, 0x00, 0x00, 0x00,
    0x00, 0x00, 0x00, 0x00, 0x00, 0x00, 0x00, 0x00, 0x00, 0x00, 0x00, 0x01,
    0x20, 0x00, 0x00, 0x00, 0x00, 0x00, 0x00, 0x00, 0x00, 0x00, 0x00, 0x00,
    0x00, 0x5F, 0xA0, 0x00, 0x00, 0x00, 0x00, 0x00, 0x00, 0x03, 0x00, 0x00,
    0x0A, 0xA0, 0x00, 0x4F, 0xD0, 0x02, 0x93, 0x00, 0x00, 0x00, 0x00, 0xCF,
    0x20, 0x00, 0x0F, 0xE0, 0x00, 0x2F, 0xE0, 0x06, 0xFA, 0x00, 0x00, 0x00,
    0x00, 0xBF, 0x70, 0x00, 0x0F, 0xF0, 0x00, 0x0F, 0xF0, 0x0A, 0xF6, 0x00,
    0x00, 0x00, 0x00, 0x7F, 0xC0, 0x00, 0x2F, 0xF2, 0x00, 0x3F, 0xD0, 0x0C,
    0xF3, 0x00, 0x00, 0x00, 0x00, 0x3F, 0xFA, 0x33, 0xBF, 0xFB, 0x33, 0xBF,
    0x90, 0x0E, 0xF1, 0x00, 0x00, 0x00, 0x00, 0x1F, 0xFF, 0xFF, 0xFC, 0xCF,
    0xFF, 0xFE, 0x20, 0x0F, 0xF0, 0x00, 0x00, 0x00, 0x00, 0x0F, 0xF9, 0xEE,
    0xA1, 0x1A, 0xEE, 0xB3, 0x00, 0x0D, 0xF2, 0x00, 0x00, 0x00, 0x00, 0x2F,
    0xD0, 0x00, 0x00, 0x00, 0x00, 0x00, 0x00, 0x0A, 0xF7, 0x00, 0x00, 0x00,
    0x00, 0x6F, 0xA0, 0x00, 0x00, 0x00, 0x00, 0x00, 0x00, 0x05, 0xFE, 0x20,
    0x00, 0x00, 0x02, 0xEF, 0x50, 0x00, 0x06, 0xD2, 0x00, 0x00, 0x00, 0x00,
    0xBF, 0xE8, 0x42, 0x24, 0x8E, 0xFB, 0x00, 0x00, 0x2F, 0xFB, 0x00, 0x00,
    0x00, 0x00, 0x1B, 0xFF, 0xFF, 0xFF, 0xFF, 0xB1, 0x00, 0x00, 0x07, 0xD2,
    0x00, 0x00, 0x00, 0x00, 0x00, 0x5A, 0xDE, 0xED, 0xA5, 0x00, 0x00, 0x00,
    0x00, 0x10, 0x00, 0x00, 0x00, 0x00, 0x00, 0x00, 0x01, 0x80, 0x00, 0x00,
    0x00, 0x00, 0x00, 0x00, 0xBF, 0xA0, 0x00, 0x00, 0x00, 0x00, 0x00, 0x06,
    0xF5, 0x00, 0x00, 0x00, 0x00, 0x00, 0x08, 0x12, 0x18, 0x00, 0x00, 0x00,
    0x00, 0x0A, 0xFB, 0x0C, 0xFA, 0x00, 0x00, 0x00, 0x00, 0x5F, 0x60, 0x6F,
    0x40, 0x00, 0x00, 0x00, 0x00, 0x20, 0x00, 0x20, 0x00, 0x00, 0x00, 0x00,
    0x00, 0x00, 0x00, 0x00, 0x00, 0x00, 0x00, 0x00, 0x6C, 0xFD, 0x92, 0x00,
    0x00, 0x00, 0x00, 0xAF, 0xFF, 0xFF, 0xF3, 0x00, 0x00, 0x00, 0x6F, 0xE6,
    0x24, 0x9E, 0x10, 0x00, 0x00, 0x0C, 0xF5, 0x00, 0x00, 0x10, 0x00, 0x00,
    0x00, 0xFF, 0x10, 0x00, 0x00, 0x00, 0x00, 0x00, 0x0E, 0xF2, 0x00, 0x00,
    0x00, 0x00, 0x00, 0x00, 0x9F, 0xB0, 0x00, 0x00, 0x00, 0x00, 0x00, 0x02,
    0xEF, 0xCC, 0xEF, 0xF8, 0x00, 0x00, 0x01, 0x8E, 0xFF, 0xFF, 0xFF, 0x80,
    0x00, 0x02, 0xDF, 0xFB, 0x74, 0x32, 0x21, 0x00, 0x00, 0xDF, 0xB2, 0x00,
    0x00, 0x00, 0x00, 0x00, 0x6F, 0xC0, 0x00, 0x00, 0x00, 0x00, 0x00, 0x0C,
    0xF4, 0x00, 0x00, 0x00, 0x00, 0x00, 0x00, 0xEF, 0x10, 0x00, 0x00, 0x00,
    0x00, 0x00, 0x0E, 0xF1, 0x00, 0x00, 0x00, 0x00, 0x00, 0x00, 0xCF, 0x50,
    0x00, 0x00, 0x00, 0x00, 0x00, 0x07, 0xFD, 0x20, 0x00, 0x00, 0x00, 0x00,
    0x00, 0x0C, 0xFE, 0x94, 0x22, 0x35, 0x8C, 0x50, 0x00, 0x1B, 0xFF, 0xFF,
    0xFF, 0xFF, 0xF9, 0x00, 0x00, 0x04, 0x9C, 0xEF, 0xEC, 0xA5, 0x10, 0x00,
    0x00, 0x00, 0x00, 0x00, 0x00, 0x00, 0x01, 0x00, 0x00, 0x00, 0x00, 0x00,
    0x00, 0x00, 0x00, 0x01, 0xAF, 0xFD, 0x60, 0x00, 0x00, 0x00, 0x00, 0x00,
    0x00, 0x00, 0xDF, 0xFF, 0xFF, 0x70, 0x00, 0x00, 0x00, 0x00, 0x00, 0x00,
    0x7F, 0xC2, 0x17, 0xFF, 0x20, 0x01, 0x00, 0x00, 0x00, 0x00, 0x0C, 0xF4,
    0x00, 0x0B, 0xF8, 0x00, 0x9D, 0x30, 0x00, 0x00, 0x00, 0xFF, 0x10, 0x00,
    0x6F, 0xB0, 0x0D, 0xF2, 0x00, 0x00, 0x00, 0x0E, 0xF8, 0x32, 0x37, 0xFE,
    0x00, 0xEF, 0x00, 0x00, 0x00, 0x00, 0x8F, 0xFF, 0xFF, 0xFF, 0xF0, 0x0E,
    0xF2, 0x00, 0x00, 0x00, 0x00, 0x6C, 0xEF, 0xEB, 0xFE, 0x00, 0xBF, 0xB1,
    0x00, 0x00, 0x00, 0x00, 0x00, 0x00, 0x2F, 0xD0, 0x04, 0xFF, 0xD8, 0x53,
    0x22, 0x22, 0x22, 0x22, 0x4B, 0xFA, 0x00, 0x05, 0xEF, 0xFF, 0xFF, 0xFF,
    0xFF, 0xFF, 0xFF, 0xFF, 0x30, 0x00, 0x00, 0x59, 0xBD, 0xEF, 0xFF, 0xFF,
    0xFE, 0xDA, 0x30, 0x00, 0x00, 0x00, 0x00, 0x00, 0x00, 0x00, 0x00, 0x64,
    0x00, 0x00, 0x00, 0x00, 0x00, 0x00, 0x00, 0x00, 0x00, 0x7F, 0xF5, 0x00,
    0x00, 0x00, 0x00, 0x00, 0x00, 0x00, 0x00, 0x03, 0xDC, 0x10, 0x00, 0x00,
    0x00, 0x00, 0x00, 0x00, 0x00, 0x08, 0x22, 0x14, 0x60, 0x00, 0x00, 0x00,
    0x00, 0x00, 0x00, 0x09, 0xFE, 0x24, 0xFF, 0x70, 0x00, 0x00, 0x00, 0x00,
    0x00, 0x00, 0x4E, 0xA0, 0x1B, 0xD3, 0x00, 0x00, 0x00, 0x00, 0x00, 0x00,
    0x00, 0x20, 0x00, 0x02, 0x00, 0x00, 0x00, 0x00, 0x00, 0x00, 0x00, 0x00,
    0x00, 0x10, 0x00, 0x00, 0x00, 0x00, 0x00, 0x00, 0x00, 0x00, 0x1A, 0xFF,
    0xD6, 0x00, 0x00, 0x00, 0x00, 0x00, 0x00, 0x00, 0x0D, 0xFF, 0xFF, 0xF7,
    0x00, 0x00, 0x00, 0x00, 0x00, 0x00, 0x07, 0xFC, 0x21, 0x7F, 0xF2, 0x00,
    0x10, 0x00, 0x00, 0x00, 0x00, 0xCF, 0x40, 0x00, 0xBF, 0x80, 0x09, 0xD3,
    0x00, 0x00, 0x00, 0x0F, 0xF1, 0x00, 0x06, 0xFB, 0x00, 0xDF, 0x20, 0x00,
    0x00, 0x00, 0xEF, 0x83, 0x23, 0x7F, 0xE0, 0x0E, 0xF0, 0x00, 0x00, 0x00,
    0x08, 0xFF, 0xFF, 0xFF, 0xFF, 0x00, 0xEF, 0x20, 0x00, 0x00, 0x00, 0x06,
    0xCE, 0xFE, 0xBF, 0xE0, 0x0B, 0xFB, 0x10, 0x00, 0x00, 0x00, 0x00, 0x00,
    0x02, 0xFD, 0x00, 0x4F, 0xFD, 0x85, 0x32, 0x22, 0x22, 0x22, 0x24, 0xBF,
    0xA0, 0x00, 0x5E, 0xFF, 0xFF, 0xFF, 0xFF, 0xFF, 0xFF, 0xFF, 0xF3, 0x00,
    0x00, 0x05, 0x9B, 0xDE, 0xFF, 0xFF, 0xFF, 0xED, 0xA3, 0x00, 0x00, 0x00,
    0x00, 0x00, 0x00, 0x00, 0x00, 0x00, 0x00, 0x03, 0x00, 0x00, 0x00, 0x00,
    0x00, 0x00, 0x00, 0x00, 0x01, 0x6C, 0xF0, 0x00, 0x00, 0x00, 0x00, 0x00,
    0x00, 0x00, 0x28, 0xEF, 0xFD, 0x00, 0x00, 0x00, 0x00, 0x00, 0x00, 0x05,
    0xBF, 0xFF, 0xA4, 0x00, 0x00, 0x00, 0x00, 0x00, 0x00, 0x1D, 0xFF, 0xE8,
    0x20, 0x00, 0x00, 0x00, 0x00, 0x00, 0x00, 0x06, 0xFE, 0x50, 0x00, 0x00,
    0x00, 0x00, 0x00, 0x00, 0x00, 0x00, 0x2E, 0xFC, 0x20, 0x00, 0x00, 0x00,
    0x00, 0x00, 0x00, 0x00, 0x00, 0x4D, 0xFE, 0x40, 0x00, 0x00, 0x02, 0x10,
    0x00, 0x00, 0x00, 0x00, 0x1B, 0xFF, 0x70, 0x00, 0x00, 0xAF, 0x40, 0x00,
    0x00, 0x00, 0x00, 0x07, 0xFF, 0x70, 0x00, 0x0D, 0xF2, 0x00, 0x00, 0x00,
    0x00, 0x00, 0x05, 0xFF, 0x30, 0x00, 0xFF, 0x00, 0x00, 0x00, 0x00, 0x00,
    0x00, 0x07, 0xFB, 0x00, 0x0E, 0xF3, 0x00, 0x00, 0x00, 0x00, 0x00, 0x00,
    0x1F, 0xE0, 0x00, 0xAF, 0xB0, 0x00, 0x00, 0x00, 0x00, 0x00, 0x02, 0xFE,
    0x00, 0x03, 0xFF, 0xD8, 0x53, 0x22, 0x22, 0x22, 0x35, 0xDF, 0xB0, 0x00,
    0x04, 0xEF, 0xFF, 0xFF, 0xFF, 0xFF, 0xFF, 0xFF, 0xE2, 0x00, 0x00, 0x00,
    0x59, 0xCD, 0xEF, 0xFF, 0xFF, 0xEB, 0x71, 0x00, 0x00, 0x00, 0x00, 0x00,
    0x00, 0x00, 0x00, 0x00, 0x02, 0x30, 0x00, 0x00, 0x00, 0x00, 0x00, 0x00,
    0x00, 0x00, 0x00, 0x27, 0xCF, 0x70, 0x00, 0x00, 0x00, 0x00, 0x00, 0x00,
    0x00, 0x00, 0x4B, 0xFF, 0xFD, 0x40, 0x00, 0x00, 0x00, 0x00, 0x00, 0x00,
    0x00, 0x5C, 0xFF, 0xE9, 0x40, 0x00, 0x00, 0x00, 0x00, 0x00, 0x00, 0x00,
    0x2B, 0xFF, 0xD7, 0x10, 0x00, 0x00, 0x00, 0x00, 0x00, 0x00, 0x00, 0x03,
    0xEF, 0xD5, 0x00, 0x00, 0x00, 0x00, 0x00, 0x00, 0x00, 0x00, 0x00, 0x0C,
    0xF9, 0x22, 0x22, 0x22, 0x11, 0x00, 0x00, 0x00, 0x00, 0x00, 0x00, 0x0E,
    0xFF, 0xFF, 0xFF, 0xFF, 0xFF, 0xFD, 0xB7, 0x10, 0x00, 0x00, 0x00, 0x05,
    0xDF, 0xFF, 0xFF, 0xFF, 0xFF, 0xFF, 0xFF, 0xF5, 0x00, 0x00, 0x00, 0x00,
    0x00, 0x00, 0x00, 0x00, 0x00, 0x12, 0x4A, 0xFD, 0x00, 0x00, 0x00, 0x00,
    0x00, 0x00, 0x00, 0x00, 0x00, 0x00, 0x02, 0xFE, 0x00, 0x06, 0x53, 0x22,
    0x22, 0x22, 0x22, 0x22, 0x22, 0x34, 0x7D, 0xFA, 0x00, 0x2F, 0xFF, 0xFF,
    0xFF, 0xFF, 0xFF, 0xFF, 0xFF, 0xFF, 0xFF, 0xB1, 0x00, 0x16, 0x9B, 0xDE,
    0xFF, 0xFF, 0xFF, 0xFF, 0xED, 0xDB, 0x84, 0x00, 0x00, 0x00, 0x00, 0x00,
    0x00, 0x00, 0x00, 0x00, 0x00, 0x00, 0x00, 0x00, 0x00, 0x00, 0x00, 0x00,
    0x00, 0x00, 0x00, 0x00, 0x27, 0xD0, 0x00, 0x00, 0x00, 0x00, 0x00, 0x00,
    0x00, 0x04, 0xAF, 0xFF, 0x00, 0x00, 0x00, 0x00, 0x00, 0x00, 0x01, 0x6C,
    0xFF, 0xFF, 0x70, 0x00, 0x00, 0x00, 0x00, 0x00, 0x07, 0xEF, 0xFB, 0xF4,
    0x3D, 0x00, 0x00, 0x00, 0x00, 0x00, 0x01, 0xFF, 0xA2, 0x0D, 0x33, 0xD0,
    0x00, 0x00, 0x00, 0x00, 0x00, 0x0D, 0xFE, 0x40, 0x4D, 0xD4, 0x00, 0x00,
    0x00, 0x00, 0x00, 0x00, 0x3D, 0xFF, 0x60, 0x00, 0x00, 0x02, 0x10, 0x00,
    0x00, 0x00, 0x00, 0x1B, 0xFF, 0x80, 0x00, 0x00, 0xAF, 0x40, 0x00, 0x00,
    0x00, 0x00, 0x07, 0xFF, 0x80, 0x00, 0x0D, 0xF2, 0x00, 0x00, 0x00, 0x00,
    0x00, 0x05, 0xFF, 0x40, 0x00, 0xFF, 0x00, 0x00, 0x00, 0x00, 0x00, 0x00,
    0x08, 0xFB, 0x00, 0x0E, 0xF3, 0x00, 0x00, 0x00, 0x00, 0x00, 0x00, 0x1F,
    0xE0, 0x00, 0xAF, 0xB0, 0x00, 0x00, 0x00, 0x00, 0x00, 0x02, 0xFE, 0x00,
    0x03, 0xFF, 0xD8, 0x53, 0x22, 0x22, 0x22, 0x35, 0xDF, 0xB0, 0x00, 0x04,
    0xEF, 0xFF, 0xFF, 0xFF, 0xFF, 0xFF, 0xFF, 0xE3, 0x00, 0x00, 0x00, 0x59,
    0xCD, 0xEF, 0xFF, 0xFF, 0xEB, 0x71, 0x00, 0x00, 0x00, 0x00, 0x00, 0x00,
    0x01, 0x40, 0x00, 0x00, 0x00, 0x00, 0x00, 0x00, 0x00, 0x00, 0x01, 0xCF,
    0x50, 0x00, 0x00, 0x00, 0x00, 0x00, 0x00, 0x00, 0x00, 0x2D, 0xF7, 0x00,
    0x00, 0x0F, 0xF0, 0x00, 0x00, 0x00, 0x00, 0x00, 0x14, 0x00, 0x00, 0x00,
    0xFF, 0x00, 0x00, 0x00, 0x00, 0x00, 0x00, 0x00, 0x00, 0x00, 0x0F, 0xF0,
    0x00, 0x00, 0x00, 0x00, 0x00, 0x18, 0xD6, 0x00, 0x00, 0xFF, 0x00, 0x00,
    0x00, 0x00, 0x00, 0x2D, 0xB5, 0x10, 0x00, 0x0F, 0xF0, 0x00, 0x00, 0x00,
    0x00, 0x07, 0xC0, 0x00, 0x00, 0x00, 0xFF, 0x00, 0x00, 0x00, 0x00, 0x00,
    0x6F, 0xD9, 0x10, 0x00, 0x0F, 0xF0, 0x00, 0x44, 0x00, 0x00, 0x00, 0x5B,
    0xFA, 0x00, 0x00, 0xFF, 0x00, 0x0A, 0xF4, 0x00, 0x00, 0x20, 0x19, 0xB0,
    0x00, 0x0F, 0xF0, 0x00, 0xDF, 0x10, 0x00, 0x0F, 0xFF, 0xE4, 0x00, 0x00,
    0xFF, 0x00, 0x0F, 0xF0, 0x00, 0x00, 0x12, 0x10, 0x00, 0x00, 0x0F, 0xF0,
    0x00, 0xEF, 0x30, 0x00, 0x00, 0x00, 0x00, 0x00, 0x01, 0xFE, 0x00, 0x0A,
    0xFB, 0x10, 0x00, 0x00, 0x00, 0x00, 0x00, 0x6F, 0xC0, 0x00, 0x3F, 0xFD,
    0x85, 0x32, 0x22, 0x22, 0x35, 0x9F, 0xF8, 0x00, 0x00, 0x4D, 0xFF, 0xFF,
    0xFF, 0xFF, 0xFF, 0xFF, 0xFC, 0x10, 0x00, 0x00, 0x05, 0x9C, 0xDE, 0xFF,
    0xFF, 0xED, 0xA5, 0x00, 0x00, 0x00, 0x00, 0x00, 0x00, 0x01, 0x80, 0x00,
    0x00, 0x00, 0x00, 0x00, 0x00, 0x00, 0x00, 0x00, 0xBF, 0xB0, 0x00, 0x00,
    0x00, 0x00, 0x00, 0x00, 0x00, 0x00, 0x06, 0xF6, 0x00, 0x00, 0x00, 0x00,
    0x00, 0x00, 0x00, 0x00, 0x1A, 0x12, 0x2A, 0x10, 0x00, 0x00, 0x00, 0x00,
    0x00, 0x00, 0x0C, 0xFC, 0x0C, 0xFB, 0x00, 0x0F, 0xF0, 0x00, 0x00, 0x00,
    0x00, 0x3C, 0x30, 0x3C, 0x20, 0x00, 0xFF, 0x00, 0x00, 0x00, 0x00, 0x00,
    0x00, 0x00, 0x00, 0x00, 0x0F, 0xF0, 0x00, 0x00, 0x00, 0x00, 0x00, 0x18,
    0xD6, 0x00, 0x00, 0xFF, 0x00, 0x00, 0x00, 0x00, 0x00, 0x2D, 0xB5, 0x10,
    0x00, 0x0F, 0xF0, 0x00, 0x00, 0x00, 0x00, 0x07, 0xC0, 0x00, 0x00, 0x00,
    0xFF, 0x00, 0x00, 0x00, 0x00, 0x00, 0x6F, 0xD9, 0x10, 0x00, 0x0F, 0xF0,
    0x00, 0x44, 0x00, 0x00, 0x00, 0x5B, 0xFA, 0x00, 0x00, 0xFF, 0x00, 0x0A,
    0xF4, 0x00, 0x00, 0x20, 0x19, 0xB0, 0x00, 0x0F, 0xF0, 0x00, 0xDF, 0x10,
    0x00, 0x0F, 0xFF, 0xE4, 0x00, 0x00, 0xFF, 0x00, 0x0F, 0xF0, 0x00, 0x00,
    0x12, 0x10, 0x00, 0x00, 0x0F, 0xF0, 0x00, 0xEF, 0x30, 0x00, 0x00, 0x00,
    0x00, 0x00, 0x01, 0xFE, 0x00, 0x0A, 0xFB, 0x10, 0x00, 0x00, 0x00, 0x00,
    0x00, 0x6F, 0xC0, 0x00, 0x3F, 0xFD, 0x85, 0x32, 0x22, 0x22, 0x35, 0x9F,
    0xF8, 0x00, 0x00, 0x4D, 0xFF, 0xFF, 0xFF, 0xFF, 0xFF, 0xFF, 0xFC, 0x10,
    0x00, 0x00, 0x05, 0x9C, 0xDE, 0xFF, 0xFF, 0xED, 0xA5, 0x00, 0x00, 0x00,
    0x00, 0x00, 0x00, 0x00, 0x00, 0x00, 0x00, 0x00, 0x00, 0x00, 0x00, 0x00,
    0x00, 0x00, 0x00, 0x00, 0x00, 0x00, 0x17, 0xD0, 0x00, 0x00, 0x00, 0x00,
    0x00, 0x00, 0x00, 0x04, 0xAF, 0xD7, 0x00, 0x00, 0x00, 0x00, 0x00, 0x00,
    0x01, 0x7D, 0xFA, 0x40, 0x30, 0x00, 0x00, 0x00, 0x00, 0x00, 0x0A, 0xFD,
    0x71, 0x16, 0xCF, 0x00, 0x00, 0x00, 0x00, 0x00, 0x00, 0xA4, 0x03, 0x9E,
    0xFF, 0xD0, 0x00, 0x00, 0x00, 0x00, 0x00, 0x00, 0x5B, 0xFF, 0xFA, 0x40,
    0x00, 0x00, 0x00, 0x00, 0x00, 0x02, 0xDF, 0xFD, 0x82, 0x00, 0x00, 0x00,
    0x00, 0x00, 0x00, 0x00, 0x7F, 0xE5, 0x00, 0x00, 0x00, 0x00, 0x00, 0x00,
    0x00, 0x00, 0x03, 0xFF, 0xB1, 0x00, 0x00, 0x00, 0x00, 0x00, 0x00, 0x00,
    0x00, 0x04, 0xEF, 0xE4, 0x00, 0x00, 0x00, 0x21, 0x00, 0x00, 0x00, 0x00,
    0x02, 0xBF, 0xF6, 0x00, 0x00, 0x0A, 0xF4, 0x00, 0x00, 0x00, 0x00, 0x00,
    0x8F, 0xF7, 0x00, 0x00, 0xDF, 0x20, 0x00, 0x00, 0x00, 0x00, 0x00, 0x5F,
    0xF3, 0x00, 0x0F, 0xF0, 0x00, 0x00, 0x00, 0x00, 0x00, 0x00, 0x8F, 0xB0,
    0x00, 0xEF, 0x30, 0x00, 0x00, 0x00, 0x00, 0x00, 0x01, 0xFE, 0x00, 0x0A,
    0xFB, 0x00, 0x00, 0x00, 0x00, 0x00, 0x00, 0x2F, 0xE0, 0x00, 0x3F, 0xFD,
    0x85, 0x32, 0x22, 0x22, 0x23, 0x5D, 0xFB, 0x00, 0x00, 0x4E, 0xFF, 0xFF,
    0xFF, 0xFF, 0xFF, 0xFF, 0xFE, 0x20, 0x00, 0x00, 0x05, 0x9C, 0xDE, 0xFF,
    0xFF, 0xFE, 0xB7, 0x10, 0x00, 0x00, 0x00, 0x00, 0x00, 0x00, 0x00, 0x00,
    0x00, 0x00, 0x08, 0x80, 0x6A, 0x00, 0xFF, 0x00, 0x00, 0x00, 0x3E, 0x1C,
    0x40, 0x0F, 0xF0, 0x00, 0x00, 0x00, 0xBB, 0xC0, 0x00, 0xFF, 0x00, 0x00,
    0x00, 0x03, 0xE5, 0x00, 0x0F, 0xF0, 0x00, 0x00, 0x00, 0x00, 0x00, 0x00,
    0xFF, 0x00, 0x00, 0x00, 0x00, 0x00, 0x00, 0x0F, 0xF0, 0x00, 0x00, 0x00,
    0x00, 0x00, 0x00, 0xFF, 0x00, 0x00, 0x00, 0x00, 0x00, 0x00, 0x0F, 0xF0,
    0x00, 0x00, 0x00, 0x00, 0x00, 0x00, 0xFF, 0x00, 0x00, 0x00, 0x00, 0x00,
    0x00, 0x0F, 0xF0, 0x00, 0x01, 0x00, 0x00, 0x00, 0x00, 0xFF, 0x00, 0x04,
    0xF8, 0x00, 0x00, 0x00, 0x0F, 0xF0, 0x00, 0x8F, 0x80, 0x00, 0x00, 0x00,
    0xFF, 0x00, 0x0C, 0xF4, 0x00, 0x00, 0x00, 0x0F, 0xF0, 0x00, 0xDF, 0x20,
    0x00, 0x00, 0x00, 0xFF, 0x00, 0x0F, 0xF1, 0x00, 0x00, 0x00, 0x0F, 0xE0,
    0x00, 0xEF, 0x10, 0x00, 0x00, 0x02, 0xFD, 0x00, 0x0C, 0xF4, 0x00, 0x00,
    0x00, 0x5F, 0xB0, 0x00, 0x8F, 0xB0, 0x00, 0x00, 0x1C, 0xF7, 0x00, 0x02,
    0xEF, 0xB4, 0x22, 0x5C, 0xFE, 0x10, 0x00, 0x05, 0xFF, 0xFF, 0xFF, 0xFE,
    0x40, 0x00, 0x00, 0x02, 0x9D, 0xEE, 0xD9, 0x20, 0x00, 0x00, 0x00, 0x00,
    0x00, 0x00, 0x00, 0x00, 0x04, 0x00, 0x02, 0xA4, 0x00, 0x00, 0x00, 0x00,
    0xDF, 0x30, 0x06, 0xFA, 0x00, 0x00, 0x00, 0x00, 0xBF, 0x70, 0x0A, 0xF6,
    0x00, 0x00, 0x00, 0x00, 0x6F, 0xB0, 0x0D, 0xF3, 0x00, 0x00, 0x00, 0x00,
    0x3F, 0xD0, 0x0E, 0xF1, 0x00, 0x00, 0x00, 0x00, 0x1F, 0xE0, 0x0F, 0xF0,
    0x00, 0x00, 0x00, 0x00, 0x0F, 0xF0, 0x0D, 0xF2, 0x00, 0x00, 0x00, 0x00,
    0x2F, 0xD0, 0x0A, 0xF7, 0x00, 0x00, 0x00, 0x00, 0x7F, 0xA0, 0x05, 0xFE,
    0x30, 0x00, 0x00, 0x03, 0xEF, 0x50, 0x00, 0xBF, 0xE8, 0x42, 0x24, 0x8E,
    0xFB, 0x00, 0x00, 0x1B, 0xFF, 0xFF, 0xFF, 0xFF, 0xB1, 0x00, 0x00, 0x00,
    0x5A, 0xDE, 0xED, 0xA5, 0x00, 0x00, 0x00, 0x00, 0x00, 0x00, 0x00, 0x00,
    0x00, 0x00, 0x00, 0x00, 0x00, 0x1C, 0x40, 0x00, 0x00, 0x00, 0x00, 0x00,
    0x00, 0xAF, 0xE1, 0x00, 0x00, 0x00, 0x00, 0x00, 0x00, 0x2D, 0x60, 0x00,
    0x04, 0x00, 0x02, 0xA4, 0x00, 0x01, 0x00, 0x01, 0xEF, 0x30, 0x06, 0xFA,
    0x00, 0x00, 0x00, 0x00, 0xCF, 0x70, 0x0A, 0xF6, 0x00, 0x00, 0x00, 0x00,
    0x7F, 0xB0, 0x0D, 0xF3, 0x00, 0x00, 0x00, 0x00, 0x3F, 0xD0, 0x0E, 0xF1,
    0x00, 0x00, 0x00, 0x00, 0x1F, 0xE0, 0x0F, 0xF0, 0x00, 0x00, 0x00, 0x00,
    0x0F, 0xF0, 0x0D, 0xF2, 0x00, 0x00, 0x00, 0x00, 0x2F, 0xD0, 0x0A, 0xF7,
    0x00, 0x00, 0x00, 0x00, 0x7F, 0xA0, 0x05, 0xFE, 0x30, 0x00, 0x00, 0x03,
    0xEF, 0x50, 0x00, 0xBF, 0xE8, 0x42, 0x24, 0x8E, 0xFB, 0x00, 0x00, 0x1B,
    0xFF, 0xFF, 0xFF, 0xFF, 0xB1, 0x00, 0x00, 0x00, 0x5A, 0xFF, 0xFF, 0xA5,
    0x00, 0x00, 0x00, 0x00, 0x00, 0xD3, 0x3D, 0x00, 0x00, 0x00, 0x00, 0x00,
    0x00, 0xD3, 0x3D, 0x00, 0x00, 0x00, 0x00, 0x00, 0x00, 0x4D, 0xD4, 0x00,
    0x00, 0x00, 0x00, 0x00, 0x00, 0x00, 0x00, 0x00, 0x00, 0x00, 0x00, 0x00,
    0x00, 0x2D, 0x50, 0x00, 0x00, 0x00, 0x00, 0x00, 0x00, 0xAF, 0xE1, 0x00,
    0x00, 0x00, 0x00, 0x00, 0x01, 0x1B, 0x41, 0x00, 0x00, 0x00, 0x00, 0x00,
    0x2D, 0x50, 0x2D, 0x60, 0x00, 0x00, 0x00, 0x00, 0xAF, 0xE1, 0x9F, 0xE2,
    0x00, 0x00, 0x00, 0x00, 0x1B, 0x30, 0x1A, 0x40, 0x00, 0x00, 0x00, 0x00,
    0x00, 0x00, 0x00, 0x00, 0x04, 0x00, 0x02, 0xA4, 0x00, 0x00, 0x00, 0x00,
    0xDF, 0x30, 0x06, 0xFA, 0x00, 0x00, 0x00, 0x00, 0xBF, 0x70, 0x0A, 0xF6,
    0x00, 0x00, 0x00, 0x00, 0x6F, 0xB0, 0x0D, 0xF3, 0x00, 0x00, 0x00, 0x00,
    0x3F, 0xD0, 0x0E, 0xF1, 0x00, 0x00, 0x00, 0x00, 0x1F, 0xE0, 0x0F, 0xF0,
    0x00, 0x00, 0x00, 0x00, 0x0F, 0xF0, 0x0D, 0xF2, 0x00, 0x00, 0x00, 0x00,
    0x2F, 0xD0, 0x0A, 0xF7, 0x00, 0x00, 0x00, 0x00, 0x7F, 0xA0, 0x05, 0xFE,
    0x30, 0x00, 0x00, 0x03, 0xEF, 0x50, 0x00, 0xBF, 0xE8, 0x42, 0x24, 0x8E,
    0xFB, 0x00, 0x00, 0x1B, 0xFF, 0xFF, 0xFF, 0xFF, 0xB1, 0x00, 0x00, 0x00,
    0x5A, 0xDE, 0xED, 0xA5, 0x00, 0x00, 0x00, 0x00, 0x00, 0x00, 0x00, 0x00,
    0x00, 0x00, 0x00, 0x00, 0x00, 0x00, 0x05, 0xD6, 0x00, 0x00, 0x00, 0x00,
    0x00, 0x00, 0x00, 0x1A, 0xFF, 0xD6, 0x00, 0x00, 0x00, 0x00, 0x00, 0x5D,
    0xFF, 0xFF, 0xFF, 0xC4, 0x00, 0x00, 0x00, 0x04, 0xFF, 0xFF, 0xFE, 0x9E,
    0xFF, 0x91, 0x00, 0x00, 0x0C, 0xFA, 0x21, 0xAF, 0xB1, 0x7E, 0xFC, 0x10,
    0x00, 0x0E, 0xF1, 0x00, 0x1F, 0xE0, 0x02, 0xCF, 0x90, 0x00, 0x0E, 0xF2,
    0x00, 0x2F, 0xD0, 0x00, 0x2F, 0xE0, 0x00, 0x08, 0xFC, 0x11, 0xBF, 0x70,
    0x00, 0x3F, 0xE0, 0x12, 0x23, 0xDF, 0xEE, 0xFB, 0x22, 0x36, 0xDF, 0xA0,
    0x9F, 0xFF, 0xFF, 0xFF, 0xFF, 0xFF, 0xFF, 0xFE, 0x20, 0x5F, 0xED, 0xB8,
    0x45, 0x8B, 0xDF, 0xFD, 0x81, 0x00, 0x00, 0x00, 0x09, 0xEC, 0x00, 0x00,
    0x00, 0x08, 0xB1, 0x10, 0x00, 0x00, 0x00, 0xE2, 0x00, 0x00, 0x00, 0x00,
    0x0E, 0x10, 0x00, 0x00, 0x00, 0x00, 0x8F, 0xFA, 0x00, 0x00, 0x00, 0x00,
    0x02, 0xE0, 0x00, 0x00, 0x30, 0x14, 0xC8, 0x00, 0x00, 0x3D, 0xFE, 0xC6,
    0x00, 0x00, 0x00, 0x00, 0x00, 0x00, 0x00, 0x00, 0x00, 0x03, 0x10, 0x00,
    0x00, 0x00, 0x02, 0xED, 0x30, 0x00, 0x00, 0x00, 0x4F, 0xFE, 0x40, 0x00,
    0x00, 0x2E, 0xFE, 0xFE, 0x30, 0x00, 0x1D, 0xFA, 0x1A, 0xFE, 0x10, 0x07,
    0xFB, 0x00, 0x0B, 0xF9, 0x00, 0xDF, 0x20, 0x00, 0x2F, 0xE0, 0x0F, 0xF1,
    0x00, 0x01, 0xFE, 0x00, 0xCF, 0xB4, 0x23, 0xBF, 0xB0, 0x04, 0xFF, 0xFF,
    0xFF, 0xE3, 0x00, 0x03, 0xAD, 0xFE, 0xA2, 0x00, 0x00, 0x00, 0x51, 0x00,
    0x00, 0x00, 0x00, 0x4F, 0xD3, 0x00, 0x00, 0x00, 0x06, 0xFF, 0xE4, 0x00,
    0x00, 0x04, 0xFF, 0xDF, 0xE3, 0x00, 0x01, 0xEF, 0x80, 0xAF, 0xE1, 0x00,
    0x8F, 0xA0, 0x00, 0xBF, 0x90, 0x0D, 0xF2, 0x00, 0x02, 0xFE, 0x00, 0xFF,
    0x10, 0x00, 0x1F, 0xE0, 0x0C, 0xFB, 0x42, 0x4B, 0xFB, 0x00, 0x4F, 0xFF,
    0xFF, 0xFE, 0x30, 0x00, 0x2A, 0xDF, 0xEA, 0x20, 0x00, 0x00, 0x03, 0xCE,
    0xA0, 0x00, 0x00, 0x00, 0xC8, 0x34, 0x00, 0x00, 0x00, 0x0E, 0x10, 0x11,
    0x00, 0x00, 0x00, 0x7D, 0xBF, 0x60, 0x00, 0x00, 0x2D, 0xE9, 0x30, 0x00,
    0x00, 0x01, 0x50, 0x00, 0x00, 0x00, 0x00, 0x00, 0x30, 0x00, 0x00, 0x00,
    0x00, 0x4F, 0xA1, 0x00, 0x00, 0x00, 0x08, 0xFF, 0xC1, 0x00, 0x00, 0x03,
    0xEF, 0xEF, 0xD2, 0x00, 0x01, 0xDF, 0x82, 0xCF, 0xC1, 0x00, 0x8F, 0xA0,
    0x01, 0xCF, 0x80, 0x0D, 0xF2, 0x00, 0x02, 0xFD, 0x00, 0xFF, 0x10, 0x00,
    0x1F, 0xF0, 0x0C, 0xFB, 0x42, 0x3B, 0xFB, 0x00, 0x4F, 0xFF, 0xFF, 0xFE,
    0x30, 0x00, 0x3A, 0xDF, 0xEA, 0x30, 0x00, 0x00, 0x02, 0x00, 0x02, 0x00,
    0x00, 0x0A, 0xE3, 0x0B, 0xD2, 0x00, 0x03, 0xEF, 0x83, 0xFF, 0x80, 0x00,
    0x04, 0x80, 0x04, 0x80, 0x00, 0x00, 0x00, 0x00, 0x00, 0x00, 0x00, 0x00,
    0x05, 0x10, 0x00, 0x00, 0x00, 0x04, 0xFD, 0x30, 0x00, 0x00, 0x00, 0x6F,
    0xFE, 0x40, 0x00, 0x00, 0x4F, 0xFD, 0xFE, 0x30, 0x00, 0x1E, 0xF8, 0x0A,
    0xFE, 0x10, 0x08, 0xFA, 0x00, 0x0B, 0xF9, 0x00, 0xDF, 0x20, 0x00, 0x2F,
    0xE0, 0x0F, 0xF1, 0x00, 0x01, 0xFE, 0x00, 0xCF, 0xB4, 0x24, 0xBF, 0xB0,
    0x04, 0xFF, 0xFF, 0xFF, 0xE3, 0x00, 0x02, 0xAD, 0xFE, 0xA2, 0x00, 0x00,
    0x00, 0x00, 0x00, 0x00, 0x00, 0x03, 0xB0, 0x2C, 0x00, 0x00, 0x00, 0x0D,
    0x38, 0x80, 0x00, 0x00, 0x00, 0x6B, 0xE2, 0x00, 0x00, 0x00, 0x01, 0xE9,
    0x00, 0x00, 0x00, 0x00, 0x00, 0x00, 0x00, 0x00, 0x00, 0x00, 0x00, 0x00,
    0x00, 0x00, 0x01, 0xAE, 0xD7, 0x00, 0x00, 0x00, 0xCF, 0xFF, 0xF8, 0x00,
    0x00, 0x5F, 0xC3, 0x5E, 0xF2, 0x00, 0x0B, 0xF5, 0x00, 0x7F, 0x80, 0x00,
    0xEF, 0x10, 0x03, 0xFC, 0x00, 0x0F, 0xF1, 0x00, 0x1F, 0xE0, 0x00, 0xDF,
    0x93, 0x25, 0xFF, 0x00, 0x06, 0xFF, 0xFF, 0xFF, 0xE0, 0x00, 0x06, 0xCF,
    0xEC, 0xFD, 0x00, 0x00, 0x00, 0x00, 0x3F, 0xA0, 0x00, 0x00, 0x00, 0x0B,
    0xF4, 0x00, 0x00, 0x00, 0x09, 0xFC, 0x00, 0x00, 0x00, 0x5C, 0xFE, 0x20,
    0x00, 0x08, 0xEF, 0xFC, 0x20, 0x00, 0x00, 0x7F, 0xC6, 0x00, 0x00, 0x00,
    0x01, 0x10, 0x00, 0x00, 0x00, 0x00, 0x00, 0x05, 0xEE, 0x50, 0x00, 0x00,
    0x00, 0xE4, 0x3E, 0x00, 0x00, 0x00, 0x0C, 0x41, 0xD0, 0x00, 0x00, 0x00,
    0x28, 0xDD, 0x20, 0x00, 0x00, 0x37, 0xC9, 0x00, 0x00, 0x00, 0x05, 0x73,
    0x00, 0x00, 0x00, 0x00, 0x00, 0x00, 0x00, 0x00, 0x00, 0x01, 0xAE, 0xD7,
    0x00, 0x00, 0x00, 0xCF, 0xFF, 0xF8, 0x00, 0x00, 0x5F, 0xC3, 0x5E, 0xF2,
    0x00, 0x0B, 0xF5, 0x00, 0x7F, 0x80, 0x00, 0xEF, 0x10, 0x03, 0xFC, 0x00,
    0x0F, 0xF1, 0x00, 0x1F, 0xE0, 0x00, 0xDF, 0x93, 0x25, 0xFF, 0x00, 0x06,
    0xFF, 0xFF, 0xFF, 0xE0, 0x00, 0x06, 0xCF, 0xEC, 0xFD, 0x00, 0x00, 0x00,
    0x00, 0x3F, 0xA0, 0x00, 0x00, 0x00, 0x0B, 0xF4, 0x00, 0x00, 0x00, 0x09,
    0xFC, 0x00, 0x00, 0x00, 0x5C, 0xFE, 0x20, 0x00, 0x08, 0xEF, 0xFC, 0x20,
    0x00, 0x00, 0x7F, 0xC6, 0x00, 0x00, 0x00, 0x01, 0x10, 0x00, 0x00, 0x00,
    0x00, 0x00, 0x02, 0xE0, 0x00, 0x00, 0x00, 0x00, 0x2E, 0x00, 0x00, 0x00,
    0x00, 0x02, 0xE0, 0x00, 0x00, 0x00, 0x00, 0x2E, 0x00, 0x00, 0x00, 0x00,
    0x00, 0x00, 0x00, 0x00, 0x00, 0x00, 0x00, 0x00, 0x00, 0x00, 0x00, 0x1A,
    0xED, 0x70, 0x00, 0x00, 0x0C, 0xFF, 0xFF, 0x80, 0x00, 0x05, 0xFC, 0x35,
    0xEF, 0x20, 0x00, 0xBF, 0x50, 0x07, 0xF8, 0x00, 0x0E, 0xF1, 0x00, 0x3F,
    0xC0, 0x00, 0xFF, 0x10, 0x01, 0xFE, 0x00, 0x0D, 0xF9, 0x32, 0x5F, 0xF0,
    0x00, 0x6F, 0xFF, 0xFF, 0xFE, 0x00, 0x00, 0x6C, 0xFE, 0xCF, 0xD0, 0x00,
    0x00, 0x00, 0x03, 0xFA, 0x00, 0x00, 0x00, 0x00, 0xBF, 0x40, 0x00, 0x00,
    0x00, 0x9F, 0xC0, 0x00, 0x00, 0x05, 0xCF, 0xE2, 0x00, 0x00, 0x8E, 0xFF,
    0xC2, 0x00, 0x00, 0x07, 0xFC, 0x60, 0x00, 0x00, 0x00, 0x11, 0x00, 0x00,
    0x00, 0x00, 0x00, 0x00, 0x64, 0x00, 0x00, 0x00, 0x00, 0x3E, 0xD0, 0x00,
    0x00, 0x00, 0x0A, 0x7A, 0x60, 0x00, 0x00, 0x02, 0xE1, 0x3D, 0x00, 0x00,
    0x00, 0x03, 0x00, 0x30, 0x00, 0x00, 0x00, 0x00, 0x00, 0x00, 0x00, 0x00,
    0x1A, 0xED, 0x70, 0x00, 0x00, 0x0C, 0xFF, 0xFF, 0x80, 0x00, 0x05, 0xFC,
    0x35, 0xEF, 0x20, 0x00, 0xBF, 0x50, 0x07, 0xF8, 0x00, 0x0E, 0xF1, 0x00,
    0x3F, 0xC0, 0x00, 0xFF, 0x10, 0x01, 0xFE, 0x00, 0x0D, 0xF9, 0x32, 0x5F,
    0xF0, 0x00, 0x6F, 0xFF, 0xFF, 0xFE, 0x00, 0x00, 0x6C, 0xFE, 0xCF, 0xD0,
    0x00, 0x00, 0x00, 0x03, 0xFA, 0x00, 0x00, 0x00, 0x00, 0xBF, 0x40, 0x00,
    0x00, 0x00, 0x9F, 0xC0, 0x00, 0x00, 0x05, 0xCF, 0xE2, 0x00, 0x00, 0x8E,
    0xFF, 0xC2, 0x00, 0x00, 0x07, 0xFC, 0x60, 0x00, 0x00, 0x00, 0x11, 0x00,
    0x00, 0x00, 0x00, 0x00, 0x00, 0x00, 0x00, 0x00, 0x00, 0x0B, 0x80, 0x2D,
    0x40, 0x00, 0x06, 0xFF, 0x4B, 0xFD, 0x00, 0x00, 0x0A, 0x80, 0x2D, 0x30,
    0x00, 0x00, 0x00, 0x00, 0x00, 0x00, 0x00, 0x00, 0x00, 0x00, 0x00, 0x00,
    0x00, 0x1A, 0xED, 0x70, 0x00, 0x00, 0x0C, 0xFF, 0xFF, 0x80, 0x00, 0x05,
    0xFC, 0x35, 0xEF, 0x20, 0x00, 0xBF, 0x50, 0x07, 0xF8, 0x00, 0x0E, 0xF1,
    0x00, 0x3F, 0xC0, 0x00, 0xFF, 0x10, 0x01, 0xFE, 0x00, 0x0D, 0xF9, 0x32,
    0x5F, 0xF0, 0x00, 0x6F, 0xFF, 0xFF, 0xFE, 0x00, 0x00, 0x6C, 0xFE, 0xCF,
    0xD0, 0x00, 0x00, 0x00, 0x03, 0xFA, 0x00, 0x00, 0x00, 0x00, 0xBF, 0x40,
    0x00, 0x00, 0x00, 0x9F, 0xC0, 0x00, 0x00, 0x05, 0xCF, 0xE2, 0x00, 0x00,
    0x8E, 0xFF, 0xC2, 0x00, 0x00, 0x07, 0xFC, 0x60, 0x00, 0x00, 0x00, 0x11,
    0x00, 0x00, 0x00, 0x00, 0x00, 0x00, 0x72, 0x00, 0x00, 0x00, 0x00, 0x6F,
    0xD1, 0x00, 0x00, 0x00, 0x02, 0xE8, 0x00, 0x00, 0x00, 0x07, 0x32, 0x09,
    0x10, 0x00, 0x06, 0xFE, 0x29, 0xFC, 0x00, 0x00, 0x1D, 0xA0, 0x3E, 0x50,
    0x00, 0x00, 0x10, 0x00, 0x10, 0x00, 0x00, 0x00, 0x00, 0x00, 0x00, 0x00,
    0x00, 0x1A, 0xED, 0x70, 0x00, 0x00, 0x0C, 0xFF, 0xFF, 0x80, 0x00, 0x05,
    0xFC, 0x35, 0xEF, 0x20, 0x00, 0xBF, 0x50, 0x07, 0xF8, 0x00, 0x0E, 0xF1,
    0x00, 0x3F, 0xC0, 0x00, 0xFF, 0x10, 0x01, 0xFE, 0x00, 0x0D, 0xF9, 0x32,
    0x5F, 0xF0, 0x00, 0x6F, 0xFF, 0xFF, 0xFE, 0x00, 0x00, 0x6C, 0xFE, 0xCF,
    0xD0, 0x00, 0x00, 0x00, 0x03, 0xFA, 0x00, 0x00, 0x00, 0x00, 0xBF, 0x40,
    0x00, 0x00, 0x00, 0x9F, 0xC0, 0x00, 0x00, 0x05, 0xCF, 0xE2, 0x00, 0x00,
    0x8E, 0xFF, 0xC2, 0x00, 0x00, 0x07, 0xFC, 0x60, 0x00, 0x00, 0x00, 0x11,
    0x00, 0x00, 0x00, 0x00, 0x00, 0x00, 0x00, 0x00, 0x00, 0x3A, 0xEE, 0xC6,
    0x00, 0x00, 0x00, 0x00, 0x00, 0x5F, 0xFF, 0xFF, 0x90, 0x00, 0x00, 0x00,
    0x00, 0x2F, 0xF9, 0x32, 0x53, 0x00, 0x3B, 0x50, 0x00, 0x09, 0xFA, 0x00,
    0x00, 0x00, 0x07, 0xFA, 0x00, 0x00, 0xDF, 0x30, 0x00, 0x00, 0x00, 0xBF,
    0x60, 0x00, 0x0F, 0xF1, 0x00, 0x00, 0x00, 0x0D, 0xF3, 0x00, 0x00, 0xEF,
    0x42, 0x21, 0x00, 0x00, 0xEF, 0x10, 0x00, 0x0A, 0xFF, 0xFF, 0xFD, 0x30,
    0x0F, 0xF0, 0x00, 0x00, 0x1B, 0xEF, 0xFF, 0xFB, 0x00, 0xDF, 0x20, 0x00,
    0x00, 0x00, 0x00, 0x4F, 0xE0, 0x0A, 0xF7, 0x00, 0x00, 0x00, 0x00, 0x02,
    0xFE, 0x00, 0x5F, 0xE3, 0x00, 0x00, 0x00, 0x02, 0xCF, 0x90, 0x00, 0xBF,
    0xE8, 0x42, 0x23, 0x6A, 0xFF, 0xD1, 0x00, 0x01, 0xBF, 0xFF, 0xFF, 0xFF,
    0xFF, 0xB1, 0x00, 0x00, 0x00, 0x5A, 0xDF, 0xFD, 0xC8, 0x30, 0x00, 0x00,
    0x00, 0x00, 0x00, 0x00, 0x00, 0x00, 0x3A, 0xEE, 0xC6, 0x00, 0x00, 0x00,
    0x00, 0x00, 0x00, 0x5F, 0xFF, 0xFF, 0x90, 0x00, 0x00, 0x00, 0x00, 0x00,
    0x2E, 0xF9, 0x32, 0x53, 0x00, 0x03, 0xBB, 0x50, 0x00, 0x09, 0xFA, 0x00,
    0x00, 0x00, 0x1A, 0xFF, 0xFA, 0x00, 0x00, 0xDF, 0x30, 0x00, 0x00, 0x04,
    0xFB, 0xCF, 0x60, 0x00, 0x0F, 0xF1, 0x00, 0x00, 0x00, 0x44, 0x0D, 0xF3,
    0x00, 0x00, 0xEF, 0x42, 0x21, 0x00, 0x00, 0x00, 0xEF, 0x10, 0x00, 0x0A,
    0xFF, 0xFF, 0xFD, 0x30, 0x00, 0x0F, 0xF0, 0x00, 0x00, 0x1B, 0xEF, 0xFF,
    0xFB, 0x00, 0x00, 0xDF, 0x20, 0x00, 0x00, 0x00, 0x00, 0x3F, 0xE0, 0x00,
    0x0A, 0xF7, 0x00, 0x00, 0x00, 0x00, 0x02, 0xFE, 0x00, 0x00, 0x5F, 0xE3,
    0x00, 0x00, 0x00, 0x02, 0xCF, 0x90, 0x00, 0x00, 0xBF, 0xE8, 0x42, 0x23,
    0x6A, 0xFF, 0xD1, 0x00, 0x00, 0x01, 0xBF, 0xFF, 0xFF, 0xFF, 0xFF, 0xB1,
    0x00, 0x00, 0x00, 0x00, 0x5A, 0xDF, 0xFD, 0xC8, 0x30, 0x00, 0x00, 0x00,
    0x10, 0x00, 0x10, 0x00, 0x00, 0x00, 0x00, 0x00, 0x0D, 0x40, 0x5C, 0x00,
    0x00, 0x00, 0x00, 0x00, 0x00, 0x7B, 0x0D, 0x60, 0x00, 0x00, 0x00, 0x00,
    0x00, 0x01, 0xEA, 0xD0, 0x00, 0x00, 0x00, 0x00, 0x00, 0x00, 0x06, 0xE5,
    0x00, 0x00, 0x3A, 0xEE, 0xC6, 0x00, 0x00, 0x00, 0x00, 0x00, 0x5F, 0xFF,
    0xFF, 0x90, 0x00, 0x00, 0x00, 0x00, 0x2F, 0xF9, 0x32, 0x53, 0x00, 0x3B,
    0x50, 0x00, 0x09, 0xFA, 0x00, 0x00, 0x00, 0x07, 0xFA, 0x00, 0x00, 0xDF,
    0x30, 0x00, 0x00, 0x00, 0xBF, 0x60, 0x00, 0x0F, 0xF1, 0x00, 0x00, 0x00,
    0x0D, 0xF3, 0x00, 0x00, 0xEF, 0x42, 0x21, 0x00, 0x00, 0xEF, 0x10, 0x00,
    0x0A, 0xFF, 0xFF, 0xFD, 0x30, 0x0F, 0xF0, 0x00, 0x00, 0x1B, 0xEF, 0xFF,
    0xFB, 0x00, 0xDF, 0x20, 0x00, 0x00, 0x00, 0x00, 0x4F, 0xE0, 0x0A, 0xF7,
    0x00, 0x00, 0x00, 0x00, 0x02, 0xFE, 0x00, 0x5F, 0xE3, 0x00, 0x00, 0x00,
    0x02, 0xCF, 0x90, 0x00, 0xBF, 0xE8, 0x42, 0x23, 0x6A, 0xFF, 0xD1, 0x00,
    0x01, 0xBF, 0xFF, 0xFF, 0xFF, 0xFF, 0xB1, 0x00, 0x00, 0x00, 0x5A, 0xDF,
    0xFD, 0xC8, 0x30, 0x00, 0x00, 0x00, 0x00, 0x30, 0x00, 0x00, 0x00, 0x00,
    0x4F, 0xA0, 0x00, 0x00, 0x00, 0x07, 0xFD, 0x10, 0x00, 0x00, 0x00, 0x08,
    0x20, 0x00, 0x00, 0x00, 0x00, 0x00, 0x00, 0x00, 0x00, 0x00, 0x00, 0x00,
    0x00, 0x00, 0x00, 0x1A, 0xED, 0x70, 0x00, 0x00, 0x0C, 0xFF, 0xFF, 0x80,
    0x00, 0x05, 0xFC, 0x35, 0xEF, 0x20, 0x00, 0xBF, 0x50, 0x07, 0xF8, 0x00,
    0x0E, 0xF1, 0x00, 0x3F, 0xC0, 0x00, 0xFF, 0x10, 0x01, 0xFE, 0x00, 0x0D,
    0xF9, 0x32, 0x5F, 0xF0, 0x00, 0x6F, 0xFF, 0xFF, 0xFE, 0x00, 0x00, 0x6C,
    0xFE, 0xCF, 0xD0, 0x00, 0x00, 0x00, 0x03, 0xFA, 0x00, 0x00, 0x00, 0x00,
    0xBF, 0x40, 0x00, 0x00, 0x00, 0x9F, 0xC0, 0x00, 0x00, 0x05, 0xCF, 0xE2,
    0x00, 0x00, 0x8E, 0xFF, 0xC2, 0x00, 0x00, 0x07, 0xFC, 0x60, 0x00, 0x00,
    0x00, 0x11, 0x00, 0x00, 0x00, 0x00, 0x00, 0x00, 0x00, 0x00, 0x00, 0x3A,
    0xEE, 0xC6, 0x00, 0x00, 0x00, 0x00, 0x00, 0x5F, 0xFF, 0xFF, 0x90, 0x00,
    0x00, 0x00, 0x00, 0x2F, 0xF9, 0x32, 0x53, 0x00, 0x3B, 0x50, 0x00, 0x09,
    0xFA, 0x00, 0x00, 0x00, 0x07, 0xFA, 0x00, 0x00, 0xDF, 0x30, 0x00, 0x00,
    0x00, 0xBF, 0x60, 0x00, 0x0F, 0xF1, 0x00, 0x00, 0x00, 0x0D, 0xF3, 0x00,
    0x00, 0xEF, 0x42, 0x21, 0x00, 0x00, 0xEF, 0x10, 0x00, 0x0A, 0xFF, 0xFF,
    0xFD, 0x30, 0x0F, 0xF0, 0x00, 0x00, 0x1B, 0xEF, 0xFF, 0xFB, 0x00, 0xDF,
    0x20, 0x00, 0x00, 0x00, 0x00, 0x4F, 0xE0, 0x0A, 0xF7, 0x00, 0x00, 0x00,
    0x00, 0x02, 0xFE, 0x00, 0x5F, 0xE3, 0x00, 0x00, 0x00, 0x02, 0xCF, 0x90,
    0x00, 0xBF, 0xE8, 0x42, 0x23, 0x6A, 0xFF, 0xD1, 0x00, 0x01, 0xBF, 0xFF,
    0xFF, 0xFF, 0xFF, 0xB1, 0x00, 0x00, 0x00, 0x5A, 0xDF, 0xFD, 0xC8, 0x30,
    0x00, 0x00, 0x00, 0x00, 0x00, 0x03, 0x00, 0x00, 0x00, 0x00, 0x00, 0x00,
    0x00, 0x06, 0xF8, 0x00, 0x00, 0x00, 0x00, 0x00, 0x00, 0x00, 0xCF, 0xD1,
    0x00, 0x00, 0x00, 0x00, 0x00, 0x00, 0x01, 0xA2, 0x00, 0x00, 0x00, 0x00,
    0x00, 0x00, 0x00, 0x2C, 0x30, 0x00, 0x00, 0x00, 0x00, 0x00, 0x00, 0x0D,
    0xFE, 0x10, 0x00, 0x00, 0x00, 0x00, 0x00, 0x00, 0x4E, 0x60, 0x00, 0x00,
    0x00, 0x00, 0x00, 0x00, 0x00, 0x10, 0x00, 0x00, 0x00, 0x00, 0x00, 0x00,
    0x00, 0x55, 0x00, 0x00, 0x00, 0x00, 0x00, 0x00, 0x00, 0x00, 0x00, 0x7F,
    0xFA, 0x00, 0x00, 0x00, 0x00, 0x00, 0x00, 0x00, 0x00, 0x3F, 0xED, 0xF9,
    0x00, 0x00, 0x00, 0x00, 0x00, 0x00, 0x00, 0x1C, 0xF5, 0x2E, 0xF6, 0x00,
    0x00, 0x00, 0x00, 0x00, 0x00, 0x1B, 0xFA, 0x00, 0x4F, 0x80, 0x00, 0x00,
    0x00, 0x00, 0x00, 0x1C, 0xFB, 0x00, 0x00, 0x30, 0x00, 0x00, 0x00, 0x00,
    0x00, 0x0A, 0xF9, 0x00, 0x00, 0x00, 0x00, 0x00, 0x00, 0x00, 0x00, 0x00,
    0xEF, 0x20, 0x00, 0x00, 0x00, 0x00, 0x00, 0x00, 0x00, 0x00, 0x0C, 0xFE,
    0x85, 0x32, 0x22, 0x22, 0x23, 0x45, 0x79, 0xAC, 0x00, 0x2C, 0xFF, 0xFF,
    0xFF, 0xFF, 0xFF, 0xFF, 0xFF, 0xFF, 0xF0, 0x00, 0x04, 0x8A, 0xDE, 0xEF,
    0xFF, 0xEE, 0xDB, 0xA8, 0x75, 0x00, 0x00, 0x00, 0x03, 0xCE, 0x80, 0x00,
    0x00, 0x00, 0x00, 0x00, 0x00, 0x00, 0x00, 0xC8, 0x34, 0x00, 0x00, 0x00,
    0x00, 0x00, 0x00, 0x00, 0x00, 0x0E, 0x10, 0x11, 0x00, 0x00, 0x00, 0x00,
    0x00, 0x00, 0x00, 0x00, 0x9D, 0xAE, 0x40, 0x00, 0x00, 0x00, 0x00, 0x00,
    0x00, 0x00, 0x2B, 0xFB, 0x50, 0x00, 0x00, 0x00, 0x00, 0x00, 0x00, 0x00,
    0x02, 0x82, 0x00, 0x00, 0x00, 0x00, 0x00, 0x00, 0x00, 0x00, 0x00, 0x00,
    0x00, 0x00, 0x00, 0x00, 0x00, 0x00, 0x00, 0x00, 0x00, 0x00, 0x3D, 0xA1,
    0x00, 0x00, 0x00, 0x00, 0x00, 0x00, 0x00, 0x00, 0x1D, 0xFF, 0xC1, 0x00,
    0x00, 0x00, 0x00, 0x00, 0x00, 0x00, 0x08, 0xF8, 0xEF, 0x90, 0x00, 0x00,
    0x00, 0x00, 0x00, 0x00, 0x03, 0xFC, 0x03, 0xFF, 0x50, 0x00, 0x00, 0x00,
    0x00, 0x00, 0x03, 0xEF, 0x30, 0x07, 0xD2, 0x00, 0x00, 0x00, 0x00, 0x00,
    0x02, 0xEF, 0x60, 0x00, 0x01, 0x00, 0x00, 0x00, 0x00, 0x00, 0x00, 0xCF,
    0x70, 0x00, 0x00, 0x00, 0x00, 0x00, 0x00, 0x00, 0x00, 0x0E, 0xF2, 0x00,
    0x00, 0x00, 0x00, 0x00, 0x00, 0x00, 0x00, 0x00, 0xBF, 0xE8, 0x53, 0x22,
    0x22, 0x23, 0x34, 0x67, 0x9B, 0xD0, 0x02, 0xCF, 0xFF, 0xFF, 0xFF, 0xFF,
    0xFF, 0xFF, 0xFF, 0xFF, 0x00, 0x00, 0x37, 0xAC, 0xEE, 0xFF, 0xFE, 0xED,
    0xBA, 0x87, 0x50, 0x02, 0x22, 0x22, 0x00, 0xFF, 0xFF, 0xF0, 0x0F, 0xFF,
    0xFF, 0x00, 0x00, 0x00, 0x51, 0x00, 0x00, 0x00, 0x00, 0x4F, 0xD3, 0x00,
    0x00, 0x00, 0x06, 0xFF, 0xE4, 0x00, 0x00, 0x04, 0xFF, 0xDF, 0xE3, 0x00,
    0x01, 0xEF, 0x80, 0xAF, 0xE1, 0x00, 0x8F, 0xA0, 0x00, 0xBF, 0x90, 0x0D,
    0xF2, 0x00, 0x02, 0xFE, 0x00, 0xFF, 0x10, 0x00, 0x1F, 0xE0, 0x0C, 0xFB,
    0x42, 0x4B, 0xFB, 0x00, 0x4F, 0xFF, 0xFF, 0xFE, 0x30, 0x00, 0x2A, 0xDF,
    0xEA, 0x20, 0x00, 0x00, 0x00, 0x00, 0x00, 0x00, 0x00, 0x10, 0x00, 0x00,
    0x00, 0x00, 0x00, 0x05, 0x03, 0xD0, 0x00, 0x73, 0x00, 0x06, 0xB0, 0x0F,
    0x01, 0xF0, 0x00, 0xD3, 0x00, 0x03, 0xF3, 0x3F, 0x33, 0xD0, 0x00, 0xF1,
    0x00, 0x01, 0xFF, 0xFA, 0xFF, 0x60, 0x00, 0xD2, 0x00, 0x02, 0xE1, 0x10,
    0x11, 0x00, 0x00, 0x9A, 0x20, 0x2B, 0x90, 0x00, 0x00, 0x00, 0x00, 0x19,
    0xEF, 0xD9, 0x10, 0x00, 0x00, 0x00, 0x00, 0x00, 0x00, 0x00, 0x3D, 0xD4,
    0x00, 0x00, 0x00, 0x00, 0x00, 0x94, 0x01, 0x11, 0x3A, 0x10, 0x00, 0x00,
    0x08, 0x80, 0x00, 0x00, 0x07, 0xA0, 0x00, 0x00, 0x00, 0x00, 0x00, 0x00,
    0x00, 0x00, 0x00, 0x00, 0x30, 0x00, 0x00, 0x00, 0x00, 0x03, 0x00, 0x00,
    0xD1, 0x00, 0x00, 0x00, 0x00, 0x0E, 0x00, 0x00, 0xD1, 0x00, 0x00, 0x00,
    0x00, 0x0E, 0x00, 0x00, 0x40, 0x00, 0x00, 0x00, 0x00, 0x05, 0x00, 0x00,
    0x00, 0x00, 0x00, 0x00, 0x00, 0x00, 0x00, 0x00, 0x08, 0x60, 0x00, 0x00,
    0x05, 0xA0, 0x00, 0x00, 0x01, 0xB4, 0x00, 0x00, 0x3C, 0x10, 0x00, 0x00,
    0x00, 0x00, 0x3D, 0xD5, 0x00, 0x00, 0x00, 0x00, 0x00, 0x00, 0x00, 0x03,
    0x7B, 0xDE, 0xED, 0xB8, 0x30, 0x00, 0x00, 0x00, 0x00, 0x00, 0x00, 0x00,
    0x00, 0x4C, 0xFD, 0x85, 0x33, 0x58, 0xDF, 0xC5, 0x00, 0x00, 0x00, 0x00,
    0x00, 0x03, 0xCE, 0xCF, 0xD5, 0x00, 0x00, 0x00, 0x00, 0x5D, 0xFC, 0xEC,
    0x30, 0x00, 0x00, 0x00, 0xC5, 0x5F, 0xA1, 0x00, 0x00, 0x00, 0x00, 0x00,
    0x1A, 0xF5, 0x5C, 0x00, 0x00, 0x00, 0x0E, 0x00, 0xFE, 0xEE, 0xEE, 0xEE,
    0xEE, 0xEE, 0xEE, 0xEF, 0x00, 0xE0, 0x00, 0x00, 0x00, 0xC5, 0x5E, 0x22,
    0x22, 0x22, 0x22, 0x22, 0x22, 0x22, 0xE5, 0x5C, 0x00, 0x00, 0x00, 0x3F,
    0xEE, 0x50, 0x00, 0x00, 0x00, 0x00, 0x00, 0x00, 0x05, 0xEE, 0xF3, 0x00,
    0x00, 0x0B, 0xD1, 0x00, 0x00, 0x00, 0x00, 0x00, 0x00, 0x00, 0x00, 0x00,
    0x0D, 0xB0, 0x00, 0x03, 0xF4, 0x00, 0x00, 0x00, 0x00, 0x00, 0x00, 0x00,
    0x00, 0x00, 0x00, 0x5F, 0x20, 0x00, 0x8C, 0x00, 0x00, 0x00, 0x00, 0x00,
    0x00, 0x00, 0x00, 0x00, 0x00, 0x00, 0xD6, 0x00, 0x0C, 0x70, 0x00, 0x00,
    0x00, 0x00, 0x00, 0x00, 0x00, 0x00, 0x00, 0x00, 0x09, 0xA0, 0x00, 0xF3,
    0x00, 0x00, 0x00, 0x00, 0x00, 0x00, 0x00, 0x00, 0x00, 0x00, 0x00, 0x5D,
    0x00, 0x1F, 0x10, 0x00, 0x00, 0x00, 0x00, 0x00, 0x00, 0x00, 0x00, 0x00,
    0x00, 0x04, 0xE0, 0x02, 0xF0, 0x00, 0x00, 0x00, 0x00, 0x00, 0x00, 0x00,
    0x00, 0x00, 0x00, 0x00, 0x3F, 0x00, 0x1F, 0x10, 0x00, 0x00, 0x00, 0x00,
    0x00, 0x00, 0x00, 0x00, 0x00, 0x00, 0x04, 0xE0, 0x00, 0xF3, 0x00, 0x00,
    0x00, 0x00, 0x00, 0x00, 0x00, 0x00, 0x00, 0x00, 0x00, 0x5D, 0x00, 0x0C,
    0x70, 0x00, 0x00, 0x00, 0x00, 0x00, 0x00, 0x00, 0x00, 0x00, 0x00, 0x09,
    0xA0, 0x00, 0x8C, 0x00, 0x00, 0x00, 0x00, 0x00, 0x00, 0x00, 0x00, 0x00,
    0x00, 0x00, 0xD6, 0x00, 0x03, 0xF4, 0x00, 0x00, 0x00, 0x00, 0x00, 0x00,
    0x00, 0x00, 0x00, 0x00, 0x5F, 0x20, 0x00, 0x0B, 0xD0, 0x00, 0x00, 0x00,
    0x00, 0x00, 0x00, 0x00, 0x00, 0x00, 0x0D, 0xB0, 0x00, 0x00, 0x3F, 0xEE,
    0x40, 0x00, 0x00, 0x00, 0x00, 0x00, 0x00, 0x04, 0xEE, 0xF3, 0x00, 0x00,
    0x00, 0xC5, 0x5D, 0x00, 0x00, 0x00, 0x00, 0x00, 0x00, 0x00, 0xD5, 0x5C,
    0x00, 0x00, 0x00, 0x0E, 0x00, 0xFE, 0xEE, 0xEE, 0xEE, 0xEE, 0xEE, 0xEE,
    0xEF, 0x00, 0xE0, 0x00, 0x00, 0x00, 0xC5, 0x5F, 0xB4, 0x22, 0x22, 0x22,
    0x22, 0x22, 0x4A, 0xF5, 0x5C, 0x00, 0x00, 0x00, 0x03, 0xCE, 0xCF, 0xFB,
    0x73, 0x10, 0x01, 0x36, 0xBF, 0xFC, 0xEC, 0x30, 0x00, 0x00, 0x00, 0x00,
    0x00, 0x27, 0xAD, 0xFF, 0xFF, 0xFF, 0xDB, 0x72, 0x00, 0x00, 0x00, 0x00,
    0x00, 0x00, 0x00, 0x00, 0x00, 0x00, 0x22, 0x22, 0x00, 0x00, 0x00, 0x00,
    0x00, 0x00, 0x00, 0x00, 0x00, 0x00, 0x00, 0x00, 0x00, 0x00, 0x00, 0x00,
    0x00, 0x00, 0x00, 0x00, 0x00, 0x00, 0x00, 0x00, 0x3C, 0x30, 0x00, 0x00,
    0x00, 0x00, 0x00, 0x00, 0x00, 0x00, 0x00, 0x04, 0xD7, 0xD4, 0x00, 0x00,
    0x00, 0x00, 0x00, 0x00, 0x00, 0x00, 0x00, 0x6C, 0x20, 0x2C, 0x50, 0x00,
    0x00, 0x00, 0x00, 0x00, 0x00, 0xDE, 0xEE, 0xFE, 0xEE, 0xEE, 0xFE, 0xEE,
    0xD0, 0x00, 0x00, 0x00, 0x00, 0xD0, 0x5B, 0x10, 0x00, 0x00, 0x1C, 0x40,
    0xD0, 0x00, 0x00, 0x00, 0x00, 0xD5, 0xB1, 0x00, 0x00, 0x00, 0x01, 0xB5,
    0xD0, 0x00, 0x00, 0x00, 0x00, 0xEB, 0x10, 0x00, 0x00, 0x00, 0x00, 0x1B,
    0xE0, 0x00, 0x00, 0x00, 0x07, 0xF1, 0x00, 0x00, 0x00, 0x00, 0x00, 0x01,
    0xE6, 0x00, 0x00, 0x00, 0x8A, 0xE0, 0x00, 0x03, 0xCE, 0xC3, 0x00, 0x00,
    0xDB, 0x70, 0x00, 0x09, 0x90, 0xD0, 0x00, 0x0D, 0x50, 0x5D, 0x00, 0x00,
    0xD0, 0xA8, 0x00, 0x08, 0xB1, 0xD0, 0x00, 0x0D, 0x50, 0x5D, 0x00, 0x00,
    0xD0, 0xA9, 0x00, 0x00, 0x8C, 0xE0, 0x00, 0x03, 0xCE, 0xC3, 0x00, 0x00,
    0xDB, 0x90, 0x00, 0x00, 0x08, 0xF0, 0x00, 0x00, 0x00, 0x00, 0x00, 0x00,
    0xE9, 0x00, 0x00, 0x00, 0x00, 0xE9, 0x00, 0x00, 0x00, 0x00, 0x00, 0x08,
    0xE0, 0x00, 0x00, 0x00, 0x00, 0xDB, 0x60, 0x00, 0x00, 0x00, 0x00, 0x5C,
    0xD0, 0x00, 0x00, 0x00, 0x00, 0xD1, 0xD4, 0x00, 0x00, 0x00, 0x03, 0xD1,
    0xD0, 0x00, 0x00, 0x00, 0x00, 0xD0, 0x2D, 0x20, 0x00, 0x00, 0x1D, 0x30,
    0xD0, 0x00, 0x00, 0x00, 0x00, 0xDE, 0xEE, 0xFE, 0xEE, 0xEE, 0xFE, 0xEE,
    0xD0, 0x00, 0x00, 0x00, 0x00, 0x00, 0x00, 0x4C, 0x30, 0x2C, 0x50, 0x00,
    0x00, 0x00, 0x00, 0x00, 0x00, 0x00, 0x00, 0x03, 0xD7, 0xD4, 0x00, 0x00,
    0x00, 0x00, 0x00, 0x00, 0x00, 0x00, 0x00, 0x00, 0x2B, 0x30, 0x00, 0x00,
    0x00, 0x00, 0x00, 0x00, 0x00, 0x00, 0x01, 0x00, 0x00, 0x00, 0x00, 0x00,
    0x00, 0x7E, 0x40, 0x00, 0x00, 0x00, 0x00, 0x07, 0xC4, 0xD4, 0x00, 0x00,
    0x00, 0x00, 0x8C, 0x10, 0x3D, 0x40, 0x00, 0x00, 0x09, 0xB1, 0x3B, 0x22,
    0xD5, 0x00, 0x00, 0xAA, 0x05, 0xEA, 0xE4, 0x2D, 0x50, 0x05, 0xE1, 0x1D,
    0xA0, 0xCD, 0x15, 0xE1, 0x00, 0x8B, 0x12, 0xCD, 0xA1, 0x2D, 0x40, 0x00,
    0x08, 0xB0, 0x3F, 0x00, 0xC6, 0x00, 0x00, 0x00, 0xE0, 0x3F, 0x00, 0xE0,
    0x00, 0x00, 0x00, 0xE0, 0x3F, 0x00, 0xE0, 0x00, 0x00, 0x00, 0xE0, 0x3F,
    0x00, 0xE0, 0x00, 0x00, 0x00, 0xE0, 0x3F, 0x00, 0xE0, 0x00, 0x00, 0x00,
    0xE0, 0x3F, 0x00, 0xE0, 0x00, 0x00, 0x09, 0xC0, 0x3F, 0x00, 0xC9, 0x00,
    0x00, 0xAB, 0x10, 0x37, 0x10, 0x1B, 0xA0, 0x00, 0xE0, 0x00, 0x00, 0x00,
    0x00, 0xE0, 0x00, 0xEE, 0xEE, 0xEE, 0xEE, 0xEE, 0xE0, 0x00, 0x00, 0x01,
    0x00, 0x00, 0x00, 0x06, 0xEF, 0xE6, 0x00, 0x00, 0x6F, 0xFF, 0xFF, 0x60,
    0x00, 0xDF, 0x71, 0x7F, 0xD0, 0x00, 0xFF, 0x10, 0x1F, 0xF0, 0x00, 0xCF,
    0x82, 0x9F, 0xC0, 0x00, 0x5F, 0xFF, 0xFF, 0x50, 0x00, 0x05, 0xCF, 0xC5,
    0x00, 0x00, 0x00, 0x00, 0x00, 0x00, 0x00, 0x00, 0x00, 0x00, 0x00, 0x02,
    0x80, 0x00, 0x00, 0xCF, 0x50, 0x00, 0x06, 0xFA, 0x00, 0x00, 0x1F, 0xF0,
    0x00, 0x00, 0xCF, 0x30, 0x00, 0x09, 0xF6, 0x00, 0x00, 0x6F, 0x90, 0x00,
    0x05, 0xFA, 0x00, 0x00, 0x3F, 0xC0, 0x00, 0x02, 0xFD, 0x00, 0x00, 0x1F,
    0xE0, 0x00, 0x01, 0xFE, 0x00, 0x00, 0x0F, 0xF0, 0x00, 0x00, 0xFF, 0x00,
    0x00, 0x0F, 0xF0, 0x00, 0x00, 0xFF, 0x00, 0x07, 0xC1, 0x00, 0x00, 0x1A,
    0xB0, 0x00, 0xAF, 0x60, 0x00, 0x01, 0xFF, 0x00, 0x04, 0xFC, 0x00, 0x00,
    0x1F, 0xE0, 0x00, 0x0E, 0xF3, 0x00, 0x03, 0xFD, 0x00, 0x00, 0xBF, 0xD4,
    0x12, 0xBF, 0x90, 0x00, 0x08, 0xFF, 0xFF, 0xFF, 0xF3, 0x00, 0x00, 0x6F,
    0xEE, 0xFF, 0xD5, 0x00, 0x00, 0x04, 0xFC, 0x01, 0x10, 0x00, 0x00, 0x00,
    0x3F, 0xE0, 0x00, 0x00, 0x00, 0x00, 0x02, 0xFF, 0x00, 0x00, 0x00, 0x00,
    0x00, 0x1F, 0xF0, 0x00, 0x00, 0x00, 0x00, 0x01, 0xFF, 0x00, 0x00, 0x00,
    0x00, 0x00, 0x0F, 0xF0, 0x00, 0x00, 0x00, 0x00, 0x00, 0xFF, 0x00, 0x00,
    0x00, 0x00, 0x00, 0x0F, 0xF0, 0x00, 0x00, 0x00, 0x00, 0x00, 0xFF, 0x00,
    0x00, 0x00, 0x00, 0x04, 0x91, 0x00, 0x00, 0x00, 0x00, 0x18, 0x80, 0x0B,
    0xF6, 0x00, 0x00, 0xFF, 0x00, 0x1F, 0xF0, 0x05, 0xFD, 0x00, 0x00, 0xFF,
    0x00, 0x0F, 0xE0, 0x00, 0xEF, 0x50, 0x01, 0xFF, 0x10, 0x2F, 0xD0, 0x00,
    0xCF, 0xD3, 0x18, 0xFF, 0x81, 0x9F, 0xA0, 0x00, 0x9F, 0xFF, 0xFF, 0xEF,
    0xFF, 0xFF, 0x40, 0x00, 0x6F, 0xFF, 0xFD, 0x45, 0xEF, 0xE7, 0x00, 0x00,
    0x4F, 0xD1, 0x10, 0x00, 0x01, 0x00, 0x00, 0x00, 0x3F, 0xE0, 0x00, 0x00,
    0x00, 0x00, 0x00, 0x00, 0x2F, 0xF0, 0x00, 0x00, 0x00, 0x00, 0x00, 0x00,
    0x1F, 0xF0, 0x00, 0x00, 0x00, 0x00, 0x00, 0x00, 0x1F, 0xF0, 0x00, 0x00,
    0x00, 0x00, 0x00, 0x00, 0x0F, 0xF0, 0x00, 0x00, 0x00, 0x00, 0x00, 0x00,
    0x0F, 0xF0, 0x00, 0x00, 0x00, 0x00, 0x00, 0x00, 0x0F, 0xF0, 0x00, 0x00,
    0x00, 0x00, 0x00, 0x00, 0x0F, 0xF0, 0x00, 0x00, 0x00, 0x00, 0x00, 0x00,
    0x00, 0x00, 0x00, 0x00, 0x00, 0x00, 0x08, 0xE1, 0x00, 0x07, 0xDF, 0xD8,
    0x10, 0x09, 0xF6, 0x00, 0xAF, 0xFF, 0xFF, 0x50, 0x04, 0xFC, 0x06, 0xFF,
    0x72, 0x4A, 0x10, 0x00, 0xEF, 0x2B, 0xF8, 0x00, 0x00, 0x00, 0x00, 0xBF,
    0x8E, 0xF2, 0x00, 0x00, 0x00, 0x00, 0x8F, 0xFF, 0xF1, 0x00, 0x00, 0x00,
    0x00, 0x6F, 0xFF, 0xFB, 0x42, 0x35, 0x70, 0x00, 0x4F, 0xCC, 0xFF, 0xFF,
    0xFF, 0xE0, 0x00, 0x3F, 0xD0, 0x5A, 0xDF, 0xEC, 0x80, 0x00, 0x2F, 0xE0,
    0x00, 0x00, 0x00, 0x00, 0x00, 0x1F, 0xF0, 0x00, 0x00, 0x00, 0x00, 0x00,
    0x1F, 0xF0, 0x00, 0x00, 0x00, 0x00, 0x00, 0x0F, 0xF0, 0x00, 0x00, 0x00,
    0x00, 0x00, 0x0F, 0xF0, 0x00, 0x00, 0x00, 0x00, 0x00, 0x0F, 0xF0, 0x00,
    0x00, 0x00, 0x00, 0x00, 0x0F, 0xF0, 0x00, 0x00, 0x00, 0x00, 0x00, 0x00,
    0x02, 0x20, 0x00, 0x00, 0x00, 0x00, 0x00, 0x1C, 0xE3, 0x00, 0x00, 0x00,
    0x00, 0x00, 0x1D, 0xFE, 0x20, 0x00, 0x00, 0x00, 0x00, 0x2E, 0xFF, 0xD2,
    0x00, 0x00, 0x00, 0x00, 0xCF, 0xBC, 0xFC, 0x10, 0x00, 0x00, 0x07, 0xFD,
    0x11, 0xDF, 0x80, 0x00, 0x00, 0x2E, 0xF4, 0x00, 0x3F, 0xF4, 0x00, 0x00,
    0xAF, 0x90, 0x00, 0x08, 0xFB, 0x00, 0x02, 0xFE, 0x10, 0x00, 0x00, 0xDF,
    0x30, 0x08, 0xF9, 0x00, 0x00, 0x00, 0x7F, 0x80, 0x0C, 0xF4, 0x00, 0x00,
    0x00, 0x3F, 0xC0, 0x0E, 0xF1, 0x00, 0x66, 0x00, 0x1F, 0xE0, 0x0E, 0xF1,
    0x01, 0xFE, 0x10, 0x1F, 0xE0, 0x0C, 0xF9, 0x29, 0xFF, 0x92, 0x8F, 0xC0,
    0x06, 0xFF, 0xFF, 0xCC, 0xFF, 0xFF, 0x60, 0x00, 0x7D, 0xFC, 0x32, 0xBE,
    0xD7, 0x00, 0x00, 0x00, 0x01, 0x00, 0x00, 0x00, 0x00, 0x08, 0xEF, 0xFB,
    0x20, 0x00, 0x00, 0xBF, 0xFF, 0xFF, 0x50, 0x00, 0x06, 0xFF, 0x61, 0x28,
    0x00, 0x00, 0x0C, 0xF6, 0x00, 0x00, 0x00, 0x00, 0x0E, 0xF1, 0x00, 0x00,
    0x00, 0x00, 0x0E, 0xF5, 0x00, 0x00, 0x3A, 0x00, 0x07, 0xFF, 0xB7, 0x59,
    0xFF, 0x30, 0x00, 0x8F, 0xFF, 0xFF, 0xF9, 0x10, 0x00, 0x01, 0x6E, 0xFE,
    0x40, 0x00, 0x00, 0x00, 0x8F, 0xE3, 0x00, 0x00, 0x00, 0x05, 0xFE, 0x30,
    0x00, 0x00, 0x00, 0x1E, 0xF5, 0x00, 0x00, 0x00, 0x00, 0xAF, 0x90, 0x00,
    0x00, 0x00, 0x03, 0xFE, 0x10, 0x00, 0x00, 0x00, 0x0A, 0xF7, 0x00, 0x00,
    0x00, 0x00, 0x03, 0x91, 0x00, 0x00, 0x00, 0x00, 0x01, 0x70, 0x00, 0x00,
    0x00, 0x06, 0x10, 0x0C, 0xF6, 0x00, 0x00, 0x00, 0x4F, 0xE1, 0x06, 0xFD,
    0x00, 0x00, 0x00, 0xBF, 0x80, 0x00, 0xDF, 0x50, 0x00, 0x03, 0xFE, 0x10,
    0x00, 0x6F, 0xB0, 0x00, 0x09, 0xF8, 0x00, 0x00, 0x0E, 0xF2, 0x00, 0x1E,
    0xF2, 0x00, 0x00, 0x08, 0xF8, 0x00, 0x6F, 0xA0, 0x00, 0x00, 0x02, 0xFD,
    0x00, 0xBF, 0x40, 0x00, 0x00, 0x00, 0xCF, 0x31, 0xFE, 0x00, 0x00, 0x00,
    0x00, 0x7F, 0x75, 0xF9, 0x00, 0x00, 0x00, 0x00, 0x2F, 0xB9, 0xF4, 0x00,
    0x00, 0x00, 0x00, 0x0D, 0xED, 0xF1, 0x00, 0x00, 0x00, 0x00, 0x09, 0xFF,
    0xC0, 0x00, 0x00, 0x00, 0x00, 0x06, 0xFF, 0x80, 0x00, 0x00, 0x00, 0x00,
    0x03, 0xFF, 0x50, 0x00, 0x00, 0x00, 0x00, 0x01, 0xFF, 0x30, 0x00, 0x00,
    0x00, 0x00, 0x01, 0xFF, 0x30, 0x00, 0x00, 0x00, 0x00, 0x03, 0xFF, 0x50,
    0x00, 0x00, 0x00, 0x00, 0x06, 0xFF, 0x80, 0x00, 0x00, 0x00, 0x00, 0x09,
    0xFF, 0xC0, 0x00, 0x00, 0x00, 0x00, 0x0D, 0xED, 0xF1, 0x00, 0x00, 0x00,
    0x00, 0x2F, 0xB9, 0xF4, 0x00, 0x00, 0x00, 0x00, 0x7F, 0x75, 0xF9, 0x00,
    0x00, 0x00, 0x00, 0xCF, 0x31, 0xFE, 0x00, 0x00, 0x00, 0x02, 0xFD, 0x00,
    0xBF, 0x40, 0x00, 0x00, 0x08, 0xF8, 0x00, 0x6F, 0xA0, 0x00, 0x00, 0x0E,
    0xF2, 0x00, 0x1E, 0xF2, 0x00, 0x00, 0x6F, 0xB0, 0x00, 0x09, 0xF8, 0x00,
    0x00, 0xDF, 0x50, 0x00, 0x03, 0xFE, 0x10, 0x06, 0xFD, 0x00, 0x00, 0x00,
    0xBF, 0x80, 0x0C, 0xF6, 0x00, 0x00, 0x00, 0x4F, 0xE1, 0x01, 0x70, 0x00,
    0x00, 0x00, 0x06, 0x10, 0x00, 0x1A, 0xED, 0x91, 0x00, 0x00, 0x00, 0xCF,
    0xFF, 0xFB, 0x00, 0x00, 0x05, 0xFD, 0x35, 0xEF, 0x40, 0x00, 0x0B, 0xF5,
    0x00, 0x8F, 0x90, 0x00, 0x0E, 0xF1, 0x00, 0x3F, 0xC0, 0x00, 0x0F, 0xF1,
    0x00, 0x2F, 0xE0, 0x00, 0x0D, 0xF9, 0x32, 0x4F, 0xE0, 0x00, 0x07, 0xFF,
    0xFF, 0xFF, 0xF0, 0x00, 0x00, 0x6C, 0xEF, 0xDF, 0xF0, 0x00, 0x00, 0x00,
    0x00, 0x0F, 0xF0, 0x00, 0x00, 0x00, 0x00, 0x0F, 0xF0, 0x00, 0x00, 0x00,
    0x00, 0x0F, 0xF0, 0x00, 0x00, 0x00, 0x00, 0x0F, 0xF0, 0x00, 0x00, 0x00,
    0x00, 0x0F, 0xF0, 0x00, 0x00, 0x00, 0x00, 0x0F, 0xF0, 0x00, 0x00, 0x00,
    0x00, 0x0F, 0xF0, 0x00, 0x00, 0x00, 0x00, 0x00, 0x00, 0x00, 0x01, 0x20,
    0x00, 0x00, 0x00, 0x00, 0x00, 0x00, 0x00, 0x00, 0x01, 0xBE, 0x30, 0x00,
    0x00, 0x00, 0x00, 0x00, 0x00, 0x00, 0x00, 0x4F, 0xF8, 0x00, 0x00, 0x00,
    0x00, 0x00, 0x00, 0x00, 0x00, 0x00, 0x59, 0x00, 0x00, 0x30, 0x00, 0x00,
    0x00, 0x00, 0x00, 0x00, 0x00, 0x00, 0x16, 0xCF, 0x00, 0x00, 0x00, 0x00,
    0x00, 0x00, 0x00, 0x02, 0x8E, 0xFF, 0xD0, 0x00, 0x00, 0x00, 0x00, 0x00,
    0x00, 0x5B, 0xFF, 0xFA, 0x40, 0x00, 0x00, 0x00, 0x00, 0x00, 0x01, 0xDF,
    0xFE, 0x82, 0x00, 0x00, 0x00, 0x00, 0x00, 0x00, 0x00, 0x6F, 0xE5, 0x00,
    0x00, 0x00, 0x00, 0x00, 0x00, 0x00, 0x00, 0x02, 0xEF, 0xC2, 0x00, 0x00,
    0x00, 0x00, 0x00, 0x00, 0x00, 0x00, 0x04, 0xDF, 0xE4, 0x00, 0x00, 0x00,
    0x21, 0x00, 0x00, 0x00, 0x00, 0x01, 0xBF, 0xF7, 0x00, 0x00, 0x0A, 0xF4,
    0x00, 0x00, 0x00, 0x00, 0x00, 0x7F, 0xF7, 0x00, 0x00, 0xDF, 0x20, 0x00,
    0x00, 0x00, 0x00, 0x00, 0x5F, 0xF3, 0x00, 0x0F, 0xF0, 0x00, 0x00, 0x00,
    0x00, 0x00, 0x00, 0x7F, 0xB0, 0x00, 0xEF, 0x30, 0x00, 0x00, 0x00, 0x00,
    0x00, 0x01, 0xFE, 0x00, 0x0A, 0xFB, 0x00, 0x00, 0x00, 0x00, 0x00, 0x00,
    0x2F, 0xE0, 0x00, 0x3F, 0xFD, 0x85, 0x32, 0x22, 0x22, 0x23, 0x5D, 0xFB,
    0x00, 0x00, 0x4E, 0xFF, 0xFF, 0xFF, 0xFF, 0xFF, 0xFF, 0xFE, 0x20, 0x00,
    0x00, 0x05, 0x9C, 0xDE, 0xFF, 0xFF, 0xFE, 0xB7, 0x10, 0x00, 0x00, 0x00,
    0x00, 0x00, 0x00, 0x00, 0x00, 0x21, 0x00, 0x00, 0x00, 0x00, 0x00, 0x00,
    0x00, 0x00, 0x00, 0x2D, 0xB1, 0x00, 0x00, 0x00, 0x00, 0x00, 0x00, 0x00,
    0x00, 0x05, 0xFE, 0x30, 0x00, 0x00, 0x00, 0x00, 0x00, 0x00, 0x00, 0x02,
    0x15, 0x32, 0x10, 0x00, 0x00, 0x00, 0x00, 0x00, 0x00, 0x02, 0xEC, 0x13,
    0xEB, 0x10, 0x00, 0x00, 0x00, 0x00, 0x00, 0x00, 0x5F, 0xE2, 0x5F, 0xE2,
    0x00, 0x00, 0x00, 0x00, 0x00, 0x00, 0x00, 0x52, 0x00, 0x53, 0x03, 0x00,
    0x00, 0x00, 0x00, 0x00, 0x00, 0x00, 0x00, 0x01, 0x6C, 0xF0, 0x00, 0x00,
    0x00, 0x00, 0x00, 0x00, 0x00, 0x28, 0xEF, 0xFD, 0x00, 0x00, 0x00, 0x00,
    0x00, 0x00, 0x05, 0xBF, 0xFF, 0xA4, 0x00, 0x00, 0x00, 0x00, 0x00, 0x00,
    0x1D, 0xFF, 0xE8, 0x20, 0x00, 0x00, 0x00, 0x00, 0x00, 0x00, 0x06, 0xFE,
    0x50, 0x00, 0x00, 0x00, 0x00, 0x00, 0x00, 0x00, 0x00, 0x2E, 0xFC, 0x20,
    0x00, 0x00, 0x00, 0x00, 0x00, 0x00, 0x00, 0x00, 0x4D, 0xFE, 0x40, 0x00,
    0x00, 0x02, 0x10, 0x00, 0x00, 0x00, 0x00, 0x1B, 0xFF, 0x70, 0x00, 0x00,
    0xAF, 0x40, 0x00, 0x00, 0x00, 0x00, 0x07, 0xFF, 0x70, 0x00, 0x0D, 0xF2,
    0x00, 0x00, 0x00, 0x00, 0x00, 0x05, 0xFF, 0x30, 0x00, 0xFF, 0x00, 0x00,
    0x00, 0x00, 0x00, 0x00, 0x07, 0xFB, 0x00, 0x0E, 0xF3, 0x00, 0x00, 0x00,
    0x00, 0x00, 0x00, 0x1F, 0xE0, 0x00, 0xAF, 0xB0, 0x00, 0x00, 0x00, 0x00,
    0x00, 0x02, 0xFE, 0x00, 0x03, 0xFF, 0xD8, 0x53, 0x22, 0x22, 0x22, 0x35,
    0xDF, 0xB0, 0x00, 0x04, 0xEF, 0xFF, 0xFF, 0xFF, 0xFF, 0xFF, 0xFF, 0xE2,
    0x00, 0x00, 0x00, 0x59, 0xCD, 0xEF, 0xFF, 0xFF, 0xEB, 0x71, 0x00, 0x00,
    0x00, 0x06, 0xED, 0x50, 0x06, 0xC2, 0x3E, 0x35, 0xD2, 0x15, 0xD3, 0xCE,
    0xFE, 0xC4, 0x00, 0x00, 0x00, 0x00, 0x00, 0xFF, 0x00, 0x00, 0x0F, 0xF0,
    0x00, 0x00, 0xFF, 0x00, 0x00, 0x0F, 0xF0, 0x00, 0x00, 0xFF, 0x00, 0x00,
    0x0F, 0xF0, 0x00, 0x00, 0xFF, 0x00, 0x00, 0x0F, 0xF0, 0x00, 0x00, 0xFF,
    0x00, 0x00, 0x0F, 0xF0, 0x00, 0x00, 0xFF, 0x00, 0x00, 0x0F, 0xF0, 0x00,
    0x00, 0xFF, 0x00, 0x00, 0x0F, 0xF0, 0x00, 0x00, 0xFF, 0x00, 0x00, 0x01,
    0xAE, 0xD4, 0x00, 0x1D, 0x71, 0x4D, 0x06, 0xB7, 0x01, 0x5D, 0x09, 0xEF,
    0xFE, 0xB3, 0x00, 0x00, 0x00, 0x00, 0x00, 0x0C, 0xC0, 0x00, 0x00, 0x0F,
    0xF0, 0x00, 0x00, 0x0F, 0xF0, 0x00, 0x00, 0x0F, 0xF0, 0x00, 0x00, 0x0F,
    0xF0, 0x00, 0x00, 0x0F, 0xF0, 0x00, 0x00, 0x0F, 0xF0, 0x00, 0x00, 0x0F,
    0xF0, 0x00, 0x00, 0x0F, 0xF0, 0x00, 0x00, 0x0F, 0xF0, 0x00, 0x00, 0x0F,
    0xF0, 0x00, 0x00, 0x0D, 0xF3, 0x00, 0x00, 0x09, 0xFC, 0x52, 0x00, 0x02,
    0xEF, 0xFF, 0x00, 0x00, 0x29, 0xDF, 0x02, 0x10, 0x00, 0x00, 0x00, 0x00,
    0x00, 0x00, 0x00, 0x12, 0x00, 0x9E, 0x40, 0x00, 0x00, 0x00, 0x00, 0x00,
    0x00, 0x5F, 0xB0, 0x0D, 0xF2, 0x00, 0x00, 0x00, 0x00, 0x00, 0x00, 0x03,
    0xFD, 0x00, 0xFF, 0x00, 0x00, 0x00, 0x00, 0x00, 0x00, 0x00, 0x1F, 0xE0,
    0x0E, 0xF3, 0x00, 0x00, 0x00, 0x00, 0x00, 0x00, 0x00, 0xFF, 0x00, 0xAF,
    0xB1, 0x00, 0x00, 0x00, 0x00, 0x00, 0x00, 0x4F, 0xD0, 0x03, 0xFF, 0xD8,
    0x53, 0x22, 0x22, 0x22, 0x23, 0x7E, 0xF8, 0x00, 0x04, 0xDF, 0xFF, 0xFF,
    0xFF, 0xFF, 0xFF, 0xFF, 0xFB, 0x10, 0x00, 0x00, 0x48, 0xBD, 0xEF, 0xFF,
    0xFE, 0xED, 0xA5, 0x00, 0x00, 0x00, 0x00, 0x00, 0x00, 0x00, 0x00, 0x00,
    0x00, 0x00, 0x00, 0x00, 0x00, 0x00, 0x00, 0x31, 0x00, 0x22, 0x00, 0x00,
    0x00, 0x00, 0x00, 0x00, 0x00, 0x4E, 0xC1, 0x3E, 0xD2, 0x00, 0x00, 0x00,
    0x00, 0x00, 0x00, 0x05, 0xFD, 0x24, 0xEE, 0x30, 0x00, 0x00, 0x00, 0x00,
    0x00, 0x00, 0x05, 0x23, 0x24, 0x30, 0x00, 0x00, 0x00, 0x00, 0x00, 0x00,
    0x00, 0x04, 0xED, 0x20, 0x00, 0x00, 0x00, 0x00, 0x00, 0x00, 0x00, 0x00,
    0x4F, 0xD2, 0x00, 0x00, 0x00, 0x00, 0x00, 0x00, 0x00, 0x00, 0x00, 0x42,
    0x00, 0x00, 0x00, 0x00, 0x00, 0x02, 0x10, 0x00, 0x00, 0x00, 0x00, 0x00,
    0x00, 0x00, 0x00, 0x00, 0x00, 0xAF, 0x40, 0x00, 0x00, 0x00, 0x00, 0x00,
    0x00, 0x00, 0x10, 0x00, 0x0D, 0xF2, 0x00, 0x00, 0x00, 0x00, 0x00, 0x00,
    0x00, 0xEC, 0x00, 0x00, 0xFF, 0x00, 0x00, 0x00, 0x00, 0x00, 0x00, 0x00,
    0x0F, 0xE0, 0x00, 0x0E, 0xF3, 0x00, 0x00, 0x00, 0x00, 0x00, 0x00, 0x01,
    0xFF, 0x00, 0x00, 0xAF, 0xB1, 0x00, 0x00, 0x00, 0x00, 0x00, 0x00, 0x7F,
    0xF2, 0x00, 0x03, 0xFF, 0xD8, 0x53, 0x22, 0x22, 0x22, 0x47, 0xBF, 0xFF,
    0xC3, 0x10, 0x04, 0xDF, 0xFF, 0xFF, 0xFF, 0xFF, 0xFF, 0xFF, 0xE3, 0xCF,
    0xF8, 0x00, 0x00, 0x48, 0xBD, 0xEF, 0xFF, 0xFE, 0xDB, 0x61, 0x01, 0xAE,
    0x70, 0x00, 0x00, 0x00, 0x00, 0x00, 0x00, 0x00, 0x00, 0x00, 0x00, 0x00,
    0x00, 0x00, 0x00, 0x00, 0x31, 0x00, 0x31, 0x00, 0x00, 0x00, 0x00, 0x00,
    0x00, 0x00, 0x00, 0x4E, 0xC1, 0x3E, 0xD2, 0x00, 0x00, 0x00, 0x00, 0x00,
    0x00, 0x00, 0x06, 0xFD, 0x24, 0xFE, 0x30, 0x00, 0x00, 0x00, 0x00, 0x00,
    0x00, 0x00, 0x05, 0x23, 0x14, 0x20, 0x00, 0x00, 0x00, 0x00, 0x00, 0x00,
    0x00, 0x00, 0x04, 0xED, 0x20, 0x00, 0x00, 0x00, 0x00, 0x00, 0x00, 0x00,
    0x00, 0x00, 0x4F, 0xD2, 0x00, 0x00, 0x00, 0x00, 0x00, 0x00, 0x00, 0x00,
    0x00, 0x00, 0x42, 0x00, 0x00, 0x00, 0x00, 0x00, 0x00, 0x00, 0x00, 0x00,
    0x23, 0x00, 0x00, 0x00, 0x5F, 0xB0, 0x00, 0x00, 0x03, 0xFD, 0x00, 0x00,
    0x00, 0x1F, 0xE0, 0x00, 0x00, 0x00, 0xFF, 0x00, 0x00, 0x00, 0x2F, 0xD0,
    0x01, 0x22, 0x3B, 0xFA, 0x00, 0x8F, 0xFF, 0xFF, 0x30, 0x08, 0xFF, 0xEB,
    0x40, 0x00, 0x00, 0x00, 0x00, 0x00, 0x04, 0x00, 0x04, 0x00, 0x05, 0xFB,
    0x05, 0xFA, 0x00, 0x6F, 0xC1, 0x7F, 0xC1, 0x00, 0x51, 0x41, 0x51, 0x00,
    0x00, 0x5F, 0xB0, 0x00, 0x00, 0x06, 0xFC, 0x10, 0x00, 0x00, 0x05, 0x10,
    0x00, 0x00, 0x00, 0x00, 0x00, 0x00, 0x10, 0x00, 0x00, 0x00, 0x01, 0xEF,
    0x00, 0x00, 0x00, 0x00, 0x0F, 0xF0, 0x00, 0x00, 0x00, 0x01, 0xFF, 0x00,
    0x00, 0x00, 0x00, 0x4F, 0xF2, 0x00, 0x02, 0x23, 0x6D, 0xFF, 0xA3, 0x00,
    0xFF, 0xFF, 0xFB, 0xCF, 0xF0, 0x0F, 0xFE, 0xC7, 0x02, 0xBF, 0x00, 0x00,
    0x00, 0x00, 0x00, 0x00, 0x04, 0x00, 0x04, 0x00, 0x00, 0x1B, 0xF6, 0x07,
    0xFA, 0x00, 0x01, 0xCF, 0x80, 0x8F, 0xC1, 0x00, 0x01, 0x50, 0x50, 0x61,
    0x00, 0x00, 0x00, 0xAF, 0xA0, 0x00, 0x00, 0x00, 0x1B, 0xFA, 0x10, 0x00,
    0x00, 0x00, 0x06, 0x00, 0x00, 0x00, 0x00, 0x00, 0x00, 0x00, 0x3F, 0x00,
    0x00, 0x00, 0x00, 0x00, 0x00, 0x00, 0x00, 0x00, 0x03, 0xF0, 0x00, 0x00,
    0x00, 0x00, 0x00, 0x00, 0x00, 0x00, 0x00, 0x3F, 0x6E, 0xD4, 0x00, 0x00,
    0x00, 0x00, 0x00, 0x00, 0x00, 0x03, 0xFF, 0x54, 0xC0, 0x00, 0x00, 0x00,
    0x00, 0x00, 0x00, 0x00, 0x3F, 0x80, 0x1E, 0x00, 0x00, 0x00, 0x00, 0x00,
    0x00, 0x00, 0x04, 0xE1, 0x29, 0xB0, 0x00, 0x00, 0x00, 0x00, 0x00, 0x00,
    0x0B, 0xFF, 0xFF, 0xB2, 0x00, 0x00, 0x00, 0x00, 0x8A, 0x30, 0x00, 0x23,
    0x32, 0x10, 0x00, 0x00, 0x4C, 0xA0, 0x0C, 0xF3, 0x00, 0x00, 0x00, 0x00,
    0x00, 0x00, 0x04, 0xFD, 0x00, 0xEF, 0x10, 0x00, 0x00, 0x00, 0x00, 0x00,
    0x00, 0x2F, 0xE0, 0x0E, 0xF2, 0x00, 0x00, 0x00, 0x00, 0x00, 0x00, 0x00,
    0xFF, 0x00, 0xBF, 0xA0, 0x00, 0x00, 0x00, 0x00, 0x00, 0x00, 0x3F, 0xD0,
    0x04, 0xFF, 0xD8, 0x53, 0x22, 0x22, 0x22, 0x23, 0x6E, 0xF9, 0x00, 0x05,
    0xEF, 0xFF, 0xFF, 0xFF, 0xFF, 0xFF, 0xFF, 0xFC, 0x10, 0x00, 0x00, 0x59,
    0xBD, 0xEF, 0xFF, 0xFE, 0xED, 0xA6, 0x00, 0x00, 0x00, 0x00, 0x00, 0x00,
    0x3F, 0x00, 0x00, 0x00, 0x00, 0x00, 0x00, 0x00, 0x00, 0x00, 0x00, 0x03,
    0xF0, 0x00, 0x00, 0x00, 0x00, 0x00, 0x00, 0x00, 0x00, 0x00, 0x00, 0x3F,
    0x6E, 0xD4, 0x00, 0x00, 0x00, 0x00, 0x00, 0x00, 0x00, 0x00, 0x03, 0xFF,
    0x54, 0xC0, 0x00, 0x00, 0x00, 0x00, 0x00, 0x00, 0x00, 0x00, 0x3F, 0x80,
    0x1E, 0x00, 0x00, 0x00, 0x00, 0x00, 0x00, 0x00, 0x00, 0x04, 0xE1, 0x29,
    0xB0, 0x00, 0x00, 0x00, 0x00, 0x00, 0x00, 0x00, 0x0B, 0xFF, 0xFF, 0xB2,
    0x00, 0x00, 0x00, 0x00, 0x00, 0x7A, 0x20, 0x00, 0x23, 0x32, 0x10, 0x00,
    0x00, 0x00, 0x00, 0x00, 0x0C, 0xF3, 0x00, 0x00, 0x00, 0x00, 0x00, 0x00,
    0x00, 0xA9, 0x00, 0x00, 0xEF, 0x10, 0x00, 0x00, 0x00, 0x00, 0x00, 0x00,
    0x0F, 0xD0, 0x00, 0x0E, 0xF2, 0x00, 0x00, 0x00, 0x00, 0x00, 0x00, 0x00,
    0xFF, 0x00, 0x00, 0xBF, 0xA0, 0x00, 0x00, 0x00, 0x00, 0x00, 0x00, 0x6F,
    0xF2, 0x00, 0x04, 0xFF, 0xD8, 0x53, 0x22, 0x22, 0x22, 0x46, 0xBF, 0xFF,
    0xB3, 0x10, 0x05, 0xEF, 0xFF, 0xFF, 0xFF, 0xFF, 0xFF, 0xFF, 0xE3, 0xCF,
    0xF8, 0x00, 0x00, 0x59, 0xCD, 0xEF, 0xFF, 0xFE, 0xDB, 0x61, 0x01, 0xAE,
    0x70, 0x03, 0xF0, 0x00, 0x00, 0x3F, 0x00, 0x00, 0x03, 0xF6, 0xED, 0x40,
    0x3F, 0xF5, 0x4C, 0x03, 0xF8, 0x01, 0xE0, 0x3E, 0x12, 0x9B, 0x9F, 0xFF,
    0xFB, 0x22, 0x33, 0x21, 0x00, 0x00, 0x00, 0x00, 0x00, 0x00, 0x3C, 0xC0,
    0x00, 0x03, 0xFE, 0x00, 0x00, 0x1F, 0xF0, 0x00, 0x00, 0xFF, 0x00, 0x00,
    0x2F, 0xE0, 0x12, 0x2A, 0xFA, 0x0A, 0xFF, 0xFF, 0x40, 0xAF, 0xFC, 0x50,
    0x00, 0x03, 0xF0, 0x00, 0x00, 0x00, 0x3F, 0x00, 0x00, 0x00, 0x03, 0xF0,
    0x00, 0x00, 0x00, 0x3F, 0x6E, 0xE5, 0x00, 0x03, 0xFD, 0x33, 0xE0, 0x00,
    0x4E, 0x31, 0x7D, 0x00, 0xDF, 0xFF, 0xFC, 0x30, 0x02, 0x33, 0x21, 0x00,
    0x00, 0x00, 0x00, 0x00, 0x00, 0x00, 0x00, 0x0B, 0xD0, 0x00, 0x00, 0x00,
    0xFF, 0x00, 0x00, 0x00, 0x0F, 0xF0, 0x00, 0x00, 0x03, 0xFF, 0x30, 0x02,
    0x24, 0xDF, 0xFC, 0x42, 0xFF, 0xFF, 0xDA, 0xFF, 0xFF, 0xFD, 0x81, 0x07,
    0xDF, 0x00, 0x00, 0x00, 0x00, 0x00, 0x00, 0x00, 0x64, 0x00, 0x00, 0x00,
    0x00, 0x00, 0x00, 0x00, 0x00, 0x00, 0x7F, 0xF5, 0x00, 0x00, 0x00, 0x00,
    0x00, 0x00, 0x00, 0x00, 0x03, 0xDC, 0x10, 0x00, 0x00, 0x00, 0x00, 0x00,
    0x00, 0x00, 0x08, 0x22, 0x14, 0x60, 0x00, 0x00, 0x00, 0x00, 0x00, 0x00,
    0x09, 0xFE, 0x24, 0xFF, 0x70, 0x00, 0x00, 0x00, 0x00, 0x00, 0x00, 0x4E,
    0xA0, 0x1B, 0xD3, 0x00, 0x00, 0x00, 0x00, 0x00, 0x00, 0x00, 0x20, 0x00,
    0x02, 0x00, 0x00, 0x00, 0x00, 0x00, 0x00, 0x00, 0x00, 0x00, 0x10, 0x00,
    0x00, 0x00, 0x00, 0x00, 0x00, 0x00, 0x00, 0x1A, 0xFF, 0xD6, 0x00, 0x00,
    0x00, 0x00, 0x00, 0x00, 0x00, 0x0D, 0xFF, 0xFF, 0xF7, 0x00, 0x00, 0x00,
    0x00, 0x00, 0x00, 0x07, 0xFC, 0x21, 0x7F, 0xF2, 0x00, 0x10, 0x00, 0x00,
    0x00, 0x00, 0xCF, 0x40, 0x00, 0xBF, 0x80, 0x09, 0xD3, 0x00, 0x00, 0x00,
    0x0F, 0xF1, 0x00, 0x06, 0xFB, 0x00, 0xDF, 0x20, 0x00, 0x00, 0x00, 0xEF,
    0x83, 0x23, 0x7F, 0xE0, 0x0E, 0xF0, 0x00, 0x00, 0x00, 0x08, 0xFF, 0xFF,
    0xFF, 0xFF, 0x00, 0xEF, 0x20, 0x00, 0x00, 0x00, 0x06, 0xCE, 0xFE, 0xBF,
    0xE0, 0x0B, 0xFB, 0x10, 0x00, 0x00, 0x00, 0x00, 0x00, 0x02, 0xFD, 0x00,
    0x4F, 0xFD, 0x85, 0x32, 0x22, 0x22, 0x22, 0x24, 0xBF, 0xA0, 0x00, 0x5E,
    0xFF, 0xFF, 0xFF, 0xFF, 0xFF, 0xFF, 0xFF, 0xF3, 0x00, 0x00, 0x05, 0x9B,
    0xDE, 0xFF, 0xFF, 0xFF, 0xED, 0xA3, 0x00, 0x00, 0x00, 0x00, 0x00, 0x00,
    0x00, 0x00, 0x01, 0x60, 0x00, 0x00, 0x00, 0x00, 0x00, 0x00, 0x00, 0x00,
    0x00, 0x01, 0xCF, 0xA0, 0x00, 0x00, 0x00, 0x00, 0x00, 0x00, 0x00, 0x00,
    0x00, 0x1C, 0xFA, 0x00, 0x00, 0x00, 0x00, 0x00, 0x00, 0x00, 0x00, 0x00,
    0x25, 0x15, 0x06, 0x10, 0x00, 0x00, 0x00, 0x00, 0x00, 0x00, 0x00, 0x2D,
    0xF6, 0x09, 0xFC, 0x10, 0x00, 0x00, 0x00, 0x00, 0x00, 0x00, 0x02, 0xDE,
    0x50, 0x7F, 0xB1, 0x00, 0x00, 0x00, 0x00, 0x00, 0x00, 0x00, 0x02, 0x30,
    0x00, 0x41, 0x00, 0x00, 0x00, 0x00, 0x00, 0x00, 0x00, 0x00, 0x00, 0x00,
    0x00, 0x00, 0x00, 0x00, 0x00, 0x00, 0x00, 0x00, 0x00, 0x00, 0x6D, 0xFC,
    0x60, 0x00, 0x00, 0x44, 0x00, 0x00, 0x00, 0x00, 0x00, 0x9F, 0xFF, 0xFF,
    0x90, 0x00, 0x0A, 0xF4, 0x00, 0x00, 0x00, 0x00, 0x5F, 0xF6, 0x27, 0xFF,
    0x60, 0x00, 0xDF, 0x10, 0x00, 0x00, 0x00, 0x0D, 0xF5, 0x00, 0x05, 0xFD,
    0x00, 0x0F, 0xF0, 0x00, 0x00, 0x00, 0x00, 0xFF, 0x10, 0x00, 0x1F, 0xF0,
    0x00, 0xEF, 0x30, 0x00, 0x00, 0x00, 0x0D, 0xF5, 0x00, 0x05, 0xFC, 0x00,
    0x0A, 0xFB, 0x10, 0x00, 0x00, 0x00, 0x7F, 0xE4, 0x03, 0xEF, 0x60, 0x00,
    0x3F, 0xFD, 0x85, 0x32, 0x22, 0x22, 0xCF, 0xFB, 0xFF, 0xC2, 0x21, 0x00,
    0x4D, 0xFF, 0xFF, 0xFF, 0xFF, 0xFF, 0xFF, 0xFF, 0xFF, 0xFF, 0x80, 0x00,
    0x05, 0x9B, 0xDE, 0xFF, 0xFD, 0xCA, 0x64, 0x7A, 0xDE, 0xF8, 0x00, 0x00,
    0x07, 0x00, 0x00, 0x00, 0x00, 0x00, 0x8F, 0x90, 0x00, 0x00, 0x00, 0x00,
    0x4F, 0x50, 0x00, 0x00, 0x00, 0x08, 0x12, 0x17, 0x00, 0x00, 0x00, 0x9F,
    0xC1, 0xBF, 0x80, 0x00, 0x00, 0x4E, 0x80, 0x7E, 0x30, 0x00, 0x00, 0x02,
    0x00, 0x02, 0x00, 0x00, 0x00, 0x00, 0x01, 0x00, 0x00, 0x00, 0x00, 0x03,
    0xCF, 0xF9, 0x00, 0x00, 0x00, 0x1E, 0xFF, 0xFF, 0xA0, 0x00, 0x00, 0x8F,
    0xB1, 0x4F, 0xF3, 0x00, 0x00, 0xDF, 0x30, 0x09, 0xF8, 0x00, 0x00, 0xFF,
    0x10, 0x05, 0xFC, 0x00, 0x00, 0xDF, 0x72, 0x27, 0xFD, 0x00, 0x00, 0x8F,
    0xFF, 0xFF, 0xFF, 0x00, 0x00, 0x07, 0xDF, 0xEB, 0xFE, 0x00, 0x00, 0x00,
    0x00, 0x02, 0xFD, 0x00, 0x12, 0x22, 0x22, 0x4B, 0xFA, 0x00, 0x8F, 0xFF,
    0xFF, 0xFF, 0xF3, 0x00, 0x8F, 0xFF, 0xFF, 0xDA, 0x30, 0x00, 0x00, 0x00,
    0x00, 0x60, 0x00, 0x00, 0x00, 0x00, 0x1B, 0xFA, 0x10, 0x00, 0x00, 0x00,
    0x1B, 0xFA, 0x10, 0x00, 0x00, 0x01, 0x50, 0x50, 0x51, 0x00, 0x00, 0x2D,
    0xF7, 0x08, 0xFC, 0x10, 0x00, 0x2D, 0xF5, 0x06, 0xFC, 0x10, 0x00, 0x02,
    0x30, 0x00, 0x41, 0x00, 0x00, 0x00, 0x00, 0x00, 0x00, 0x00, 0x00, 0x00,
    0x6D, 0xFC, 0x60, 0x00, 0x00, 0x09, 0xFF, 0xFF, 0xF9, 0x00, 0x00, 0x6F,
    0xF6, 0x27, 0xFF, 0x60, 0x00, 0xDF, 0x50, 0x00, 0x5F, 0xD0, 0x00, 0xFF,
    0x10, 0x00, 0x1F, 0xF0, 0x00, 0xDF, 0x50, 0x00, 0x5F, 0xC0, 0x00, 0x7F,
    0xE4, 0x03, 0xEF, 0x60, 0x22, 0x2C, 0xFF, 0xBF, 0xFC, 0x22, 0xFF, 0xFF,
    0xFF, 0xFF, 0xFF, 0xFF, 0xFF, 0xED, 0xA6, 0x47, 0xBD, 0xFF, 0x00, 0x00,
    0x01, 0x00, 0x00, 0x00, 0x00, 0x00, 0x00, 0x2A, 0xFF, 0xD8, 0x10, 0x00,
    0x00, 0x00, 0x02, 0xDF, 0xFF, 0xFF, 0xF9, 0x30, 0x00, 0x00, 0x0C, 0xFC,
    0x31, 0x5A, 0xFF, 0xFC, 0x73, 0x10, 0x03, 0x91, 0x00, 0x00, 0x2B, 0xFF,
    0xFF, 0x80, 0x00, 0x00, 0x00, 0x4A, 0xEF, 0xFF, 0xFF, 0x70, 0x00, 0x00,
    0x3B, 0xFF, 0xFC, 0x84, 0x20, 0x00, 0x00, 0x05, 0xEF, 0xE8, 0x20, 0x00,
    0x00, 0x00, 0x00, 0x4F, 0xFA, 0x10, 0x00, 0x00, 0x00, 0x00, 0x01, 0xEF,
    0x80, 0x17, 0x00, 0x17, 0x00, 0x00, 0x07, 0xFB, 0x00, 0xCF, 0x90, 0xCF,
    0xA0, 0x00, 0x0C, 0xF3, 0x00, 0x7F, 0x50, 0x7F, 0x50, 0x00, 0x0E, 0xF1,
    0x00, 0x02, 0x19, 0x02, 0x00, 0x00, 0x0F, 0xF1, 0x00, 0x00, 0xDF, 0xA0,
    0x00, 0x00, 0x0C, 0xF5, 0x00, 0x00, 0x6E, 0x40, 0x00, 0x00, 0x08, 0xFE,
    0x30, 0x00, 0x01, 0x00, 0x00, 0x10, 0x01, 0xCF, 0xFA, 0x53, 0x22, 0x35,
    0x9D, 0x80, 0x00, 0x1B, 0xFF, 0xFF, 0xFF, 0xFF, 0xFF, 0xB0, 0x00, 0x00,
    0x38, 0xCE, 0xFF, 0xEC, 0x94, 0x00, 0x00, 0x00, 0x01, 0x00, 0x00, 0x00,
    0x00, 0x00, 0x00, 0x01, 0x9F, 0xFD, 0x81, 0x00, 0x00, 0x00, 0x00, 0x02,
    0xDF, 0xFF, 0xFF, 0xF9, 0x30, 0x00, 0x00, 0x00, 0xCF, 0xD3, 0x15, 0xBF,
    0xFF, 0xC7, 0x31, 0x00, 0x03, 0xA1, 0x00, 0x00, 0x3C, 0xFF, 0xFF, 0x80,
    0x00, 0x00, 0x00, 0x04, 0xAE, 0xFF, 0xFF, 0xF8, 0x00, 0x00, 0x00, 0x3C,
    0xFF, 0xFC, 0xFF, 0x31, 0x00, 0x00, 0x00, 0x5F, 0xFE, 0x82, 0x0E, 0xF3,
    0x00, 0x00, 0x00, 0x4F, 0xFA, 0x10, 0x00, 0xBF, 0xC5, 0x22, 0x10, 0x1E,
    0xF9, 0x00, 0x00, 0x03, 0xFF, 0xFF, 0xF8, 0x07, 0xFC, 0x05, 0x30, 0x07,
    0x03, 0x9D, 0xEF, 0x80, 0xCF, 0x43, 0xFE, 0x1A, 0xFA, 0x00, 0x00, 0x00,
    0x0E, 0xF1, 0x0A, 0x80, 0x3D, 0x20, 0x00, 0x00, 0x00, 0xFF, 0x10, 0x01,
    0xC4, 0x00, 0x00, 0x00, 0x00, 0x0D, 0xF5, 0x00, 0x6F, 0xB0, 0x00, 0x00,
    0x00, 0x00, 0x8F, 0xD2, 0x00, 0x71, 0x00, 0x00, 0x00, 0x00, 0x01, 0xDF,
    0xE8, 0x41, 0x00, 0x14, 0x7B, 0x70, 0x00, 0x02, 0xCF, 0xFF, 0xFF, 0xFF,
    0xFF, 0xFB, 0x00, 0x00, 0x00, 0x5A, 0xEF, 0xFF, 0xFD, 0xA6, 0x10, 0x00,
    0x00, 0x00, 0x00, 0x01, 0x10, 0x00, 0x00, 0x00, 0x00, 0x00, 0x00, 0x10,
    0x00, 0x00, 0x00, 0x00, 0x00, 0x03, 0xBF, 0xFC, 0x71, 0x00, 0x00, 0x00,
    0x00, 0x4E, 0xFF, 0xFF, 0xFE, 0x93, 0x00, 0x00, 0x01, 0xEF, 0xB2, 0x15,
    0xBF, 0xFF, 0xC7, 0x41, 0x00, 0x38, 0x00, 0x00, 0x01, 0x7C, 0xFF, 0xF8,
    0x00, 0x00, 0x00, 0x00, 0x01, 0x7D, 0xFF, 0xE6, 0x00, 0x00, 0x00, 0x03,
    0x9E, 0xFF, 0xA4, 0x00, 0x22, 0x24, 0x59, 0xDF, 0xFF, 0x92, 0x00, 0x00,
    0xFF, 0xFF, 0xFF, 0xFE, 0x82, 0x00, 0x00, 0x00, 0xFF, 0xFE, 0xC9, 0x40,
    0x00, 0x00, 0x00, 0x00, 0x00, 0x00, 0x00, 0x00, 0x00, 0x00, 0x00, 0x00,
    0x00, 0x00, 0x01, 0x30, 0x01, 0x30, 0x00, 0x00, 0x00, 0x00, 0x1C, 0xE3,
    0x1C, 0xE4, 0x00, 0x00, 0x00, 0x00, 0x2D, 0xF4, 0x2D, 0xF5, 0x00, 0x00,
    0x00, 0x00, 0x02, 0x41, 0x42, 0x50, 0x00, 0x00, 0x00, 0x00, 0x00, 0x1C,
    0xE4, 0x00, 0x00, 0x00, 0x00, 0x00, 0x00, 0x2D, 0xF5, 0x00, 0x00, 0x00,
    0x00, 0x00, 0x00, 0x02, 0x40, 0x00, 0x00, 0x00, 0x00, 0x00, 0x00, 0x10,
    0x00, 0x00, 0x00, 0x00, 0x00, 0x00, 0x3B, 0xFF, 0xC6, 0x10, 0x00, 0x00,
    0x00, 0x00, 0x4E, 0xFF, 0xFF, 0xFE, 0x92, 0x00, 0x00, 0x00, 0x1E, 0xFB,
    0x21, 0x5B, 0xFF, 0xFC, 0x74, 0x10, 0x00, 0x37, 0x00, 0x00, 0x01, 0x6C,
    0xFF, 0xF7, 0x00, 0x00, 0x00, 0x00, 0x00, 0x28, 0xEF, 0xFD, 0x50, 0x00,
    0x00, 0x00, 0x04, 0xAF, 0xFF, 0xE3, 0x00, 0x02, 0x23, 0x46, 0x9D, 0xFF,
    0xE8, 0xAF, 0x84, 0x32, 0xFF, 0xFF, 0xFF, 0xFD, 0x71, 0x03, 0xFF, 0xFF,
    0xFF, 0xFE, 0xDC, 0x84, 0x00, 0x00, 0x03, 0xAD, 0xFF, 0x00, 0x00, 0x00,
    0x00, 0x00, 0x00, 0x00, 0x00, 0x00, 0x00, 0x00, 0x13, 0x00, 0x13, 0x00,
    0x00, 0x00, 0x00, 0x00, 0x1D, 0xE3, 0x1C, 0xE3, 0x00, 0x00, 0x00, 0x00,
    0x02, 0xEF, 0x42, 0xDF, 0x50, 0x00, 0x00, 0x00, 0x00, 0x02, 0x41, 0x32,
    0x40, 0x00, 0x00, 0x00, 0x00, 0x00, 0x01, 0xDE, 0x30, 0x00, 0x00, 0x00,
    0x00, 0x00, 0x00, 0x2D, 0xF4, 0x00, 0x00, 0x00, 0x00, 0x00, 0x00, 0x00,
    0x24, 0x00, 0x00, 0x00, 0x00, 0x00, 0x3F, 0x00, 0x00, 0x00, 0x00, 0x03,
    0xF0, 0x00, 0x00, 0x00, 0x00, 0x3F, 0x00, 0x00, 0x00, 0x00, 0x03, 0xF6,
    0xEE, 0x50, 0x00, 0x00, 0x3F, 0xD3, 0x3E, 0x00, 0x00, 0x04, 0xE3, 0x16,
    0xD0, 0x00, 0x0B, 0xFF, 0xFF, 0xC3, 0x00, 0x00, 0x23, 0x32, 0x10, 0x00,
    0x00, 0x00, 0x00, 0x00, 0x00, 0x00, 0x00, 0x00, 0x3D, 0x50, 0x00, 0x00,
    0x00, 0x09, 0xFF, 0xA1, 0x00, 0x00, 0x00, 0x07, 0xEF, 0xD2, 0x00, 0x00,
    0x00, 0x02, 0xDF, 0xC0, 0x00, 0x00, 0x00, 0x01, 0xDF, 0x70, 0x00, 0x00,
    0x00, 0x04, 0xFD, 0x00, 0x00, 0x00, 0x00, 0x0F, 0xF0, 0x00, 0x00, 0x00,
    0x04, 0xFD, 0x01, 0x53, 0x22, 0x48, 0xEF, 0x90, 0x3F, 0xFF, 0xFF, 0xFF,
    0xC1, 0x02, 0xCE, 0xFF, 0xDB, 0x60, 0x00, 0x00, 0x01, 0x70, 0x00, 0x00,
    0x00, 0x00, 0x00, 0x3F, 0x00, 0x00, 0x00, 0x00, 0x00, 0x03, 0xF0, 0x00,
    0x00, 0x00, 0x00, 0x00, 0x3F, 0x6E, 0xE5, 0x00, 0x00, 0x00, 0x03, 0xFD,
    0x33, 0xE0, 0x00, 0x00, 0x00, 0x3E, 0x31, 0x6D, 0x00, 0x00, 0x00, 0xDF,
    0xFF, 0xFC, 0x30, 0x00, 0x00, 0x02, 0x33, 0x21, 0x00, 0x00, 0x00, 0x00,
    0x00, 0x00, 0x00, 0x00, 0x00, 0x00, 0x00, 0x00, 0x06, 0x50, 0x00, 0x00,
    0x00, 0x00, 0x04, 0xFC, 0x00, 0x00, 0x00, 0x00, 0x00, 0x0D, 0xF3, 0x00,
    0x00, 0x00, 0x00, 0x00, 0x7F, 0x90, 0x00, 0x00, 0x00, 0x00, 0x01, 0xEE,
    0x10, 0x00, 0x00, 0x00, 0x00, 0x09, 0xF6, 0x00, 0x00, 0x00, 0x00, 0x00,
    0x4F, 0xD0, 0x00, 0x00, 0x00, 0x00, 0x01, 0xFF, 0x40, 0x00, 0x00, 0x00,
    0x00, 0x4F, 0xFB, 0x00, 0x05, 0x32, 0x24, 0x8E, 0xFF, 0xF8, 0x20, 0xFF,
    0xFF, 0xFF, 0xF7, 0x9F, 0xFF, 0x0C, 0xEF, 0xED, 0x93, 0x00, 0x7E, 0xF0,
    0x00, 0x00, 0x01, 0x00, 0x00, 0x00, 0x00, 0x5F, 0x50, 0x00, 0x00, 0x00,
    0xCF, 0xC0, 0x00, 0x00, 0x02, 0x19, 0x12, 0x00, 0x00, 0x5F, 0x50, 0x5F,
    0x60, 0x00, 0xBF, 0xB0, 0xBF, 0xC0, 0x00, 0x18, 0x10, 0x18, 0x10, 0x00,
    0x00, 0x00, 0x00, 0x00, 0x00, 0x00, 0x00, 0x31, 0x00, 0x00, 0x00, 0x0A,
    0xF6, 0x00, 0x00, 0x00, 0x07, 0xFA, 0x00, 0x00, 0x00, 0x04, 0xFD, 0x00,
    0x00, 0x00, 0x02, 0xFE, 0x00, 0x00, 0x00, 0x00, 0xFF, 0x00, 0x00, 0x00,
    0x01, 0xFD, 0x00, 0x00, 0x00, 0x04, 0xFB, 0x00, 0x00, 0x00, 0x0B, 0xF6,
    0x00, 0x00, 0x00, 0x6F, 0xE1, 0x00, 0x00, 0x29, 0xFF, 0x50, 0x00, 0x1B,
    0xFF, 0xF6, 0x00, 0x00, 0x0C, 0xFA, 0x20, 0x00, 0x00, 0x02, 0x10, 0x00,
    0x00, 0x00, 0x00, 0x00, 0x01, 0x00, 0x00, 0x00, 0x00, 0x5E, 0x40, 0x00,
    0x00, 0x00, 0xCF, 0xA0, 0x00, 0x00, 0x01, 0x19, 0x11, 0x00, 0x00, 0x5E,
    0x50, 0x6E, 0x20, 0x00, 0xCF, 0xC0, 0xCF, 0x80, 0x00, 0x19, 0x10, 0x18,
    0x00, 0x00, 0x00, 0x00, 0x00, 0x00, 0x00, 0x00, 0x00, 0x30, 0x00, 0x00,
    0x00, 0x09, 0xF3, 0x00, 0x00, 0x00, 0x07, 0xF7, 0x00, 0x00, 0x00, 0x04,
    0xFB, 0x00, 0x00, 0x00, 0x02, 0xFF, 0x72, 0x00, 0x00, 0x00, 0xFF, 0xFF,
    0x00, 0x00, 0x01, 0xFC, 0xBE, 0x00, 0x00, 0x04, 0xF8, 0x00, 0x00, 0x00,
    0x0B, 0xF3, 0x00, 0x00, 0x00, 0x6F, 0xC0, 0x00, 0x00, 0x29, 0xFF, 0x30,
    0x00, 0x1B, 0xFF, 0xE4, 0x00, 0x00, 0x0C, 0xEA, 0x20, 0x00, 0x00, 0x02,
    0x00, 0x00, 0x00, 0x00, 0x00, 0x2C, 0x00, 0x00, 0x00, 0x3F, 0x00, 0x00,
    0x00, 0x3F, 0x00, 0x00, 0x00, 0x3F, 0x6E, 0xE5, 0x00, 0x3F, 0xE4, 0x3E,
    0x00, 0x3F, 0x30, 0x5D, 0x09, 0xDF, 0xDE, 0xC3, 0x02, 0x33, 0x21, 0x00,
    0x00, 0x00, 0x00, 0x00, 0x00, 0x00, 0x28, 0x40, 0x00, 0x00, 0x7F, 0x80,
    0x00, 0x00, 0x4F, 0xC0, 0x00, 0x00, 0x2F, 0xD0, 0x00, 0x00, 0x1F, 0xF0,
    0x00, 0x00, 0x0F, 0xE0, 0x00, 0x00, 0x2F, 0xD0, 0x00, 0x00, 0x6F, 0x90,
    0x00, 0x00, 0xDF, 0x50, 0x00, 0x0A, 0xFC, 0x00, 0x15, 0xCF, 0xE3, 0x00,
    0xAF, 0xFD, 0x30, 0x00, 0x5B, 0x60, 0x00, 0x00, 0x00, 0x17, 0x00, 0x00,
    0x00, 0x00, 0x3F, 0x00, 0x00, 0x00, 0x00, 0x3F, 0x00, 0x00, 0x00, 0x00,
    0x3F, 0x6E, 0xE5, 0x00, 0x00, 0x3F, 0xD3, 0x3E, 0x00, 0x00, 0x3E, 0x31,
    0x6D, 0x00, 0x0A, 0xFF, 0xFF, 0xC3, 0x00, 0x02, 0x33, 0x21, 0x00, 0x00,
    0x00, 0x00, 0x00, 0x00, 0x00, 0x00, 0x00, 0x03, 0x60, 0x00, 0x00, 0x00,
    0x1F, 0xE0, 0x00, 0x00, 0x00, 0x0A, 0xF2, 0x00, 0x00, 0x00, 0x05, 0xF7,
    0x00, 0x00, 0x00, 0x01, 0xFE, 0x52, 0x00, 0x00, 0x00, 0xFF, 0xFF, 0x00,
    0x00, 0x01, 0xF8, 0xDF, 0x00, 0x00, 0x05, 0xD0, 0x00, 0x00, 0x00, 0x0C,
    0x90, 0x00, 0x00, 0x00, 0x9F, 0x30, 0x00, 0x00, 0x4C, 0xF8, 0x00, 0x00,
    0x7D, 0xFF, 0x90, 0x00, 0x00, 0x7F, 0xC4, 0x00, 0x00, 0x00, 0x12, 0x00,
    0x00, 0x00, 0x00, 0x00, 0x00, 0x00, 0x00, 0x00, 0x00, 0x00, 0x00, 0x00,
    0x03, 0x00, 0x00, 0x00, 0x00, 0x00, 0x00, 0x00, 0x00, 0x01, 0x6C, 0xF0,
    0x00, 0x00, 0x00, 0x00, 0x00, 0x00, 0x00, 0x28, 0xEF, 0xFD, 0x00, 0x00,
    0x00, 0x00, 0x00, 0x00, 0x05, 0xBF, 0xFF, 0xA4, 0x00, 0x00, 0x00, 0x00,
    0x00, 0x00, 0x1D, 0xFF, 0xE8, 0x20, 0x00, 0x00, 0x00, 0x00, 0x00, 0x00,
    0x06, 0xFE, 0x50, 0x00, 0x00, 0x00, 0x00, 0x00, 0x00, 0x00, 0x00, 0x2E,
    0xFC, 0x20, 0x00, 0x00, 0x00, 0x00, 0x00, 0x00, 0x00, 0x00, 0x4D, 0xFE,
    0x40, 0x00, 0x00, 0x02, 0x10, 0x00, 0x00, 0x00, 0x00, 0x1B, 0xFF, 0x70,
    0x00, 0x00, 0xAF, 0x40, 0x00, 0x00, 0x00, 0x00, 0x07, 0xFF, 0x70, 0x00,
    0x0D, 0xF2, 0x00, 0x00, 0x00, 0x00, 0x00, 0x05, 0xFF, 0x30, 0x00, 0xFF,
    0x00, 0x00, 0x00, 0x00, 0x00, 0x00, 0x07, 0xFB, 0x00, 0x0E, 0xF3, 0x00,
    0x00, 0x00, 0x00, 0x00, 0x00, 0x1F, 0xE0, 0x00, 0xAF, 0xB0, 0x00, 0x00,
    0x00, 0x00, 0x00, 0x02, 0xFE, 0x00, 0x03, 0xFF, 0xD8, 0x53, 0x22, 0x22,
    0x22, 0x35, 0xDF, 0xB0, 0x00, 0x04, 0xEF, 0xFF, 0xFF, 0xFF, 0xFF, 0xFF,
    0xFF, 0xE2, 0x00, 0x00, 0x00, 0x59, 0xCD, 0xEF, 0xFF, 0xFF, 0xEB, 0x71,
    0x00, 0x00, 0x00, 0x00, 0x00, 0x00, 0x00, 0x00, 0x00, 0x00, 0x00, 0x01,
    0x20, 0x00, 0x00, 0x00, 0x00, 0x00, 0x00, 0x00, 0x00, 0x00, 0x39, 0xE8,
    0x00, 0x00, 0x00, 0x00, 0x00, 0x00, 0x00, 0x00, 0x16, 0xCF, 0xFF, 0x70,
    0x00, 0x00, 0x00, 0x00, 0x00, 0x00, 0x03, 0x9E, 0xFF, 0xD7, 0x20, 0x00,
    0x00, 0x00, 0x00, 0x00, 0x00, 0x0B, 0xFF, 0xFA, 0x40, 0x00, 0x00, 0x00,
    0x00, 0x00, 0x00, 0x00, 0x03, 0xFF, 0x81, 0x00, 0x00, 0x00, 0x00, 0x00,
    0x00, 0x00, 0x00, 0x00, 0x0D, 0xFD, 0x30, 0x00, 0x00, 0x00, 0x00, 0x00,
    0x00, 0x00, 0x00, 0x00, 0x2C, 0xFF, 0x60, 0x00, 0x00, 0x00, 0x02, 0x10,
    0x00, 0x00, 0x00, 0x00, 0x08, 0xFF, 0x70, 0x00, 0x00, 0x00, 0xAF, 0x40,
    0x00, 0x00, 0x00, 0x00, 0x04, 0xEF, 0x80, 0x00, 0x00, 0x0D, 0xF2, 0x00,
    0x00, 0x00, 0x00, 0x00, 0x02, 0xDF, 0x40, 0x00, 0x00, 0xFF, 0x00, 0x00,
    0x00, 0x00, 0x00, 0x00, 0x02, 0xFC, 0x00, 0x00, 0x0E, 0xF3, 0x00, 0x00,
    0x00, 0x00, 0x00, 0x00, 0x0B, 0xF4, 0x00, 0x00, 0xAF, 0xB1, 0x00, 0x00,
    0x00, 0x00, 0x00, 0x00, 0xBF, 0xC0, 0x00, 0x03, 0xFF, 0xD8, 0x53, 0x22,
    0x22, 0x22, 0x24, 0x9F, 0xFF, 0xB3, 0x10, 0x04, 0xDF, 0xFF, 0xFF, 0xFF,
    0xFF, 0xFF, 0xFF, 0xF5, 0xAF, 0xF8, 0x00, 0x00, 0x59, 0xBD, 0xEF, 0xFF,
    0xFF, 0xEC, 0x93, 0x00, 0x9E, 0x70, 0x00, 0x00, 0x00, 0x00, 0x03, 0x00,
    0x00, 0x00, 0x00, 0x6C, 0xF0, 0x00, 0x00, 0x28, 0xEF, 0xFD, 0x00, 0x05,
    0xBF, 0xFF, 0xA4, 0x00, 0x1C, 0xFF, 0xE8, 0x20, 0x00, 0x04, 0xFE, 0x50,
    0x00, 0x00, 0x00, 0x1E, 0xFB, 0x20, 0x00, 0x00, 0x00, 0x3D, 0xFE, 0x40,
    0x00, 0x00, 0x00, 0x1A, 0xFF, 0x70, 0x00, 0x00, 0x00, 0x07, 0xFF, 0x70,
    0x00, 0x00, 0x00, 0x05, 0xFF, 0x40, 0x00, 0x00, 0x00, 0x07, 0xFB, 0x00,
    0x00, 0x00, 0x00, 0x1F, 0xE0, 0x00, 0x00, 0x00, 0x02, 0xFE, 0x00, 0x22,
    0x22, 0x35, 0xDF, 0xB0, 0x0F, 0xFF, 0xFF, 0xFF, 0xE3, 0x00, 0xFF, 0xFF,
    0xEC, 0x81, 0x00, 0x00, 0x00, 0x00, 0x00, 0x00, 0x01, 0x20, 0x00, 0x00,
    0x00, 0x00, 0x4A, 0xF6, 0x00, 0x00, 0x00, 0x17, 0xDF, 0xFF, 0x50, 0x00,
    0x04, 0xAF, 0xFF, 0xD7, 0x10, 0x00, 0x1C, 0xFF, 0xFA, 0x40, 0x00, 0x00,
    0x04, 0xFF, 0x81, 0x00, 0x00, 0x00, 0x00, 0x1E, 0xFE, 0x40, 0x00, 0x00,
    0x00, 0x00, 0x3D, 0xFF, 0x80, 0x00, 0x00, 0x00, 0x00, 0x19, 0xFF, 0xA0,
    0x00, 0x00, 0x00, 0x00, 0x05, 0xEF, 0xB0, 0x00, 0x00, 0x00, 0x00, 0x03,
    0xEF, 0x80, 0x00, 0x00, 0x00, 0x00, 0x04, 0xFF, 0x20, 0x00, 0x00, 0x00,
    0x00, 0x0C, 0xF9, 0x00, 0x00, 0x00, 0x00, 0x00, 0xDF, 0xF3, 0x00, 0x22,
    0x22, 0x35, 0xAF, 0xFF, 0xD5, 0x2F, 0xFF, 0xFF, 0xFF, 0xE3, 0xBF, 0xFF,
    0xFF, 0xFF, 0xEC, 0x82, 0x00, 0x8D, 0xF0, 0x00, 0x00, 0x00, 0x00, 0x00,
    0x00, 0x00, 0x00, 0x00, 0x00, 0x00, 0x00, 0x00, 0x00, 0x00, 0x00, 0x00,
    0x00, 0x00, 0x17, 0xD0, 0x00, 0x00, 0x00, 0x00, 0x00, 0x00, 0x00, 0x04,
    0xAF, 0xD7, 0x00, 0x00, 0x00, 0x00, 0x00, 0x00, 0x01, 0x7D, 0xFA, 0x40,
    0x30, 0x00, 0x00, 0x00, 0x00, 0x00, 0x0A, 0xFD, 0x71, 0x16, 0xCF, 0x00,
    0x00, 0x00, 0x00, 0x00, 0x00, 0xA4, 0x03, 0x9E, 0xFF, 0xD0, 0x00, 0x00,
    0x00, 0x00, 0x00, 0x00, 0x5B, 0xFF, 0xFA, 0x40, 0x00, 0x00, 0x00, 0x00,
    0x00, 0x02, 0xDF, 0xFD, 0x82, 0x00, 0x00, 0x00, 0x00, 0x00, 0x00, 0x00,
    0x7F, 0xE5, 0x00, 0x00, 0x00, 0x00, 0x00, 0x00, 0x00, 0x00, 0x03, 0xFF,
    0xB1, 0x00, 0x00, 0x00, 0x00, 0x00, 0x00, 0x00, 0x00, 0x04, 0xEF, 0xE4,
    0x00, 0x00, 0x00, 0x21, 0x00, 0x00, 0x00, 0x00, 0x02, 0xBF, 0xF6, 0x00,
    0x00, 0x0A, 0xF4, 0x00, 0x00, 0x00, 0x00, 0x00, 0x8F, 0xF7, 0x00, 0x00,
    0xDF, 0x20, 0x00, 0x00, 0x00, 0x00, 0x00, 0x5F, 0xF3, 0x00, 0x0F, 0xF0,
    0x00, 0x00, 0x00, 0x00, 0x00, 0x00, 0x8F, 0xB0, 0x00, 0xEF, 0x30, 0x00,
    0x00, 0x00, 0x00, 0x00, 0x01, 0xFE, 0x00, 0x0A, 0xFB, 0x00, 0x00, 0x00,
    0x00, 0x00, 0x00, 0x2F, 0xE0, 0x00, 0x3F, 0xFD, 0x85, 0x32, 0x22, 0x22,
    0x23, 0x5D, 0xFB, 0x00, 0x00, 0x4E, 0xFF, 0xFF, 0xFF, 0xFF, 0xFF, 0xFF,
    0xFE, 0x20, 0x00, 0x00, 0x05, 0x9C, 0xDE, 0xFF, 0xFF, 0xFE, 0xB7, 0x10,
    0x00, 0x00, 0x00, 0x00, 0x00, 0x00, 0x00, 0x00, 0x00, 0x00, 0x00, 0x00,
    0x00, 0x00, 0x00, 0x00, 0x00, 0x00, 0x00, 0x00, 0x00, 0x17, 0xD0, 0x00,
    0x00, 0x00, 0x00, 0x00, 0x00, 0x00, 0x00, 0x04, 0xAF, 0xD7, 0x00, 0x00,
    0x00, 0x00, 0x00, 0x00, 0x00, 0x01, 0x7D, 0xFA, 0x40, 0x30, 0x00, 0x00,
    0x00, 0x00, 0x00, 0x00, 0x0A, 0xFD, 0x71, 0x16, 0xCF, 0x00, 0x00, 0x00,
    0x00, 0x00, 0x00, 0x00, 0xA4, 0x03, 0x9E, 0xFF, 0xD0, 0x00, 0x00, 0x00,
    0x00, 0x00, 0x00, 0x00, 0x5B, 0xFF, 0xFA, 0x40, 0x00, 0x00, 0x00, 0x00,
    0x00, 0x00, 0x02, 0xDF, 0xFD, 0x72, 0x00, 0x00, 0x00, 0x00, 0x00, 0x00,
    0x00, 0x00, 0x7F, 0xE5, 0x00, 0x00, 0x00, 0x00, 0x00, 0x00, 0x00, 0x00,
    0x00, 0x03, 0xFF, 0xA1, 0x00, 0x00, 0x00, 0x00, 0x00, 0x00, 0x00, 0x00,
    0x00, 0x04, 0xEF, 0xD3, 0x00, 0x00, 0x00, 0x00, 0x21, 0x00, 0x00, 0x00,
    0x00, 0x02, 0xCF, 0xE4, 0x00, 0x00, 0x00, 0x0A, 0xF4, 0x00, 0x00, 0x00,
    0x00, 0x00, 0x8F, 0xF5, 0x00, 0x00, 0x00, 0xDF, 0x20, 0x00, 0x00, 0x00,
    0x00, 0x00, 0x6F, 0xE2, 0x00, 0x00, 0x0F, 0xF0, 0x00, 0x00, 0x00, 0x00,
    0x00, 0x00, 0x9F, 0xA0, 0x00, 0x00, 0xEF, 0x30, 0x00, 0x00, 0x00, 0x00,
    0x00, 0x02, 0xFF, 0x30, 0x00, 0x0B, 0xFB, 0x10, 0x00, 0x00, 0x00, 0x00,
    0x00, 0x3F, 0xFB, 0x00, 0x00, 0x3F, 0xFD, 0x85, 0x32, 0x22, 0x22, 0x23,
    0x6D, 0xFF, 0xFA, 0x31, 0x00, 0x5E, 0xFF, 0xFF, 0xFF, 0xFF, 0xFF, 0xFF,
    0xFC, 0x3E, 0xFF, 0x80, 0x00, 0x05, 0x9C, 0xDE, 0xFF, 0xFF, 0xFE, 0xB7,
    0x10, 0x2A, 0xE7, 0x00, 0x00, 0x00, 0x00, 0x00, 0x00, 0x00, 0x00, 0x00,
    0x17, 0xD0, 0x00, 0x00, 0x04, 0xAF, 0xD7, 0x00, 0x01, 0x7D, 0xFA, 0x40,
    0x30, 0x0A, 0xFD, 0x71, 0x16, 0xCF, 0x00, 0xA4, 0x02, 0x8E, 0xFF, 0xD0,
    0x00, 0x5B, 0xFF, 0xFA, 0x40, 0x01, 0xDF, 0xFE, 0x82, 0x00, 0x00, 0x6F,
    0xE5, 0x00, 0x00, 0x00, 0x02, 0xFF, 0xB2, 0x00, 0x00, 0x00, 0x04, 0xEF,
    0xE4, 0x00, 0x00, 0x00, 0x01, 0xBF, 0xF7, 0x00, 0x00, 0x00, 0x00, 0x7F,
    0xF7, 0x00, 0x00, 0x00, 0x00, 0x5F, 0xF4, 0x00, 0x00, 0x00, 0x00, 0x7F,
    0xB0, 0x00, 0x00, 0x00, 0x01, 0xFE, 0x00, 0x00, 0x00, 0x00, 0x2F, 0xE0,
    0x02, 0x22, 0x23, 0x5D, 0xFB, 0x00, 0xFF, 0xFF, 0xFF, 0xFE, 0x30, 0x0F,
    0xFF, 0xFE, 0xC8, 0x10, 0x00, 0x00, 0x00, 0x00, 0x00, 0x00, 0x00, 0x00,
    0x00, 0x00, 0x00, 0x17, 0xD0, 0x00, 0x00, 0x00, 0x04, 0xAF, 0xD7, 0x00,
    0x00, 0x01, 0x7D, 0xFA, 0x40, 0x30, 0x00, 0x0A, 0xFD, 0x71, 0x16, 0xCF,
    0x00, 0x00, 0xA4, 0x02, 0x8E, 0xFF, 0xD0, 0x00, 0x00, 0x5B, 0xFF, 0xFA,
    0x40, 0x00, 0x01, 0xDF, 0xFD, 0x72, 0x00, 0x00, 0x00, 0x6F, 0xE5, 0x00,
    0x00, 0x00, 0x00, 0x02, 0xFF, 0xB1, 0x00, 0x00, 0x00, 0x00, 0x04, 0xEF,
    0xE3, 0x00, 0x00, 0x00, 0x00, 0x01, 0xBF, 0xE5, 0x00, 0x00, 0x00, 0x00,
    0x00, 0x8F, 0xF5, 0x00, 0x00, 0x00, 0x00, 0x00, 0x6F, 0xE2, 0x00, 0x00,
    0x00, 0x00, 0x00, 0x8F, 0xA0, 0x00, 0x00, 0x00, 0x00, 0x02, 0xFF, 0x30,
    0x00, 0x00, 0x00, 0x00, 0x3F, 0xFB, 0x00, 0x02, 0x22, 0x23, 0x5D, 0xFF,
    0xFB, 0x42, 0xFF, 0xFF, 0xFF, 0xFC, 0x3D, 0xFF, 0xFF, 0xFF, 0xFE, 0xB7,
    0x10, 0x19, 0xDF, 0x00, 0x00, 0x00, 0x00, 0x00, 0x00, 0x04, 0x00, 0x02,
    0xA4, 0x00, 0x00, 0x00, 0x00, 0xDF, 0x30, 0x06, 0xFA, 0x00, 0x00, 0x00,
    0x00, 0xBF, 0x70, 0x0A, 0xF6, 0x00, 0x00, 0x00, 0x00, 0x6F, 0xB0, 0x0D,
    0xF3, 0x00, 0x00, 0x00, 0x00, 0x3F, 0xD0, 0x0E, 0xF1, 0x00, 0x00, 0x00,
    0x00, 0x1F, 0xE0, 0x0F, 0xF0, 0x00, 0x00, 0x00, 0x00, 0x0F, 0xF0, 0x0D,
    0xF2, 0x00, 0x00, 0x00, 0x00, 0x2F, 0xD0, 0x0A, 0xF7, 0x00, 0x00, 0x00,
    0x00, 0x7F, 0xA0, 0x05, 0xFE, 0x30, 0x00, 0x00, 0x03, 0xEF, 0x50, 0x00,
    0xBF, 0xE8, 0x42, 0x24, 0x8E, 0xFB, 0x00, 0x00, 0x1B, 0xFF, 0xFF, 0xFF,
    0xFF, 0xB1, 0x00, 0x00, 0x00, 0x5A, 0xDE, 0xED, 0xA5, 0x00, 0x00, 0x00,
    0x00, 0x00, 0x00, 0x00, 0x00, 0x03, 0x00, 0x00, 0x02, 0x93, 0x00, 0x00,
    0x00, 0x00, 0xCF, 0x30, 0x00, 0x06, 0xFA, 0x00, 0x00, 0x00, 0x00, 0xBF,
    0x80, 0x00, 0x0A, 0xF6, 0x00, 0x00, 0x00, 0x00, 0x7F, 0xD0, 0x00, 0x0C,
    0xF3, 0x00, 0x00, 0x00, 0x00, 0x3F, 0xF9, 0x31, 0x0E, 0xF1, 0x00, 0x00,
    0x00, 0x00, 0x1F, 0xFF, 0xF8, 0x0F, 0xF0, 0x00, 0x00, 0x00, 0x00, 0x0F,
    0xFA, 0xE7, 0x0D, 0xF2, 0x00, 0x00, 0x00, 0x00, 0x2F, 0xD0, 0x00, 0x0A,
    0xF7, 0x00, 0x00, 0x00, 0x00, 0x6F, 0xA0, 0x00, 0x05, 0xFE, 0x20, 0x00,
    0x00, 0x02, 0xEF, 0x50, 0x00, 0x00, 0xBF, 0xE8, 0x42, 0x24, 0x8E, 0xFB,
    0x00, 0x00, 0x00, 0x1B, 0xFF, 0xFF, 0xFF, 0xFF, 0xB1, 0x00, 0x00, 0x00,
    0x00, 0x5A, 0xDE, 0xED, 0xA5, 0x00, 0x00, 0x00, 0x00, 0x00, 0x00, 0x1A,
    0xEC, 0x00, 0x00, 0x00, 0x00, 0x0B, 0x91, 0x10, 0x00, 0x00, 0x00, 0x00,
    0xE1, 0x00, 0x00, 0x00, 0x00, 0x00, 0x09, 0xFF, 0xA0, 0x00, 0x00, 0x00,
    0x00, 0x00, 0x2E, 0x00, 0x00, 0x00, 0x12, 0x01, 0x4C, 0x80, 0x00, 0x00,
    0x05, 0xEF, 0xEB, 0x60, 0x00, 0x00, 0x00, 0x00, 0x00, 0x00, 0x00, 0x00,
    0x00, 0x00, 0x00, 0x04, 0xA6, 0x00, 0x00, 0x00, 0x00, 0x39, 0xEF, 0x80,
    0x00, 0x00, 0x03, 0xCF, 0xFF, 0xFA, 0x00, 0x00, 0x07, 0xFF, 0xD7, 0x3F,
    0xC0, 0x00, 0x05, 0xFF, 0x70, 0x00, 0xEE, 0x00, 0x00, 0xCF, 0x50, 0x00,
    0x0C, 0xF0, 0x00, 0x0F, 0xF1, 0x00, 0x01, 0xEF, 0x20, 0x00, 0xDF, 0x81,
    0x04, 0xCF, 0xF4, 0x00, 0x06, 0xFF, 0xFF, 0xFF, 0xEF, 0x70, 0x00, 0x05,
    0xCF, 0xFE, 0x82, 0xFE, 0x41, 0x00, 0x00, 0x01, 0x00, 0x0A, 0xFF, 0x80,
    0x00, 0x00, 0x00, 0x00, 0x19, 0xE7, 0x00, 0x00, 0x01, 0x00, 0x00, 0x00,
    0x00, 0x4D, 0xFC, 0x10, 0x00, 0x00, 0x3F, 0xFF, 0xF9, 0x00, 0x00, 0x1D,
    0xF7, 0x2E, 0xF2, 0x00, 0x06, 0xFA, 0x00, 0x7F, 0xA0, 0x00, 0xCF, 0x20,
    0x01, 0xEF, 0x82, 0x1F, 0xC0, 0x00, 0x06, 0xFF, 0xF3, 0xF9, 0x00, 0x00,
    0x05, 0xCF, 0x00, 0x10, 0x00, 0x00, 0x00, 0x00, 0x00, 0x00, 0x22, 0x00,
    0x00, 0x6F, 0x90, 0x00, 0x03, 0xFC, 0x00, 0x00, 0x1F, 0xE0, 0x00, 0x00,
    0xFF, 0x00, 0x00, 0x2F, 0xD0, 0x22, 0x3B, 0xF9, 0x0F, 0xFF, 0xFE, 0x20,
    0xFF, 0xEB, 0x30, 0x00, 0x00, 0x00, 0x00, 0x00, 0x00, 0x00, 0x00, 0x00,
    0x75, 0x00, 0x00, 0x5C, 0x00, 0x00, 0x0C, 0x70, 0x00, 0x00, 0xED, 0x00,
    0x00, 0x0C, 0xD0, 0x00, 0x00, 0x01, 0x00, 0x00, 0x00, 0x00, 0x01, 0x00,
    0x00, 0x00, 0x00, 0x01, 0xAB, 0x00, 0x00, 0x00, 0x23, 0x6D, 0xFF, 0x30,
    0x00, 0x01, 0xFF, 0xFF, 0xF6, 0x00, 0x2A, 0xFF, 0xFE, 0x9F, 0xF1, 0x01,
    0xDF, 0xFF, 0x00, 0x0E, 0xF1, 0x07, 0xFE, 0x41, 0x00, 0x0B, 0xF5, 0x0C,
    0xF5, 0x00, 0x00, 0x06, 0xFD, 0x1E, 0xF1, 0x00, 0x00, 0x00, 0xCF, 0xBF,
    0xF0, 0x00, 0x00, 0x00, 0x1C, 0xFF, 0xF0, 0x00, 0x00, 0x00, 0x01, 0xAE,
    0x50, 0x00, 0x00, 0x00, 0x00, 0x02, 0x00, 0x00, 0x00, 0x00, 0x00, 0x00,
    0x00, 0x00, 0x00, 0x00, 0x00, 0x00, 0x00, 0x00, 0x05, 0xD6, 0x00, 0x00,
    0x00, 0x00, 0x00, 0x00, 0x00, 0x1A, 0xFF, 0xD6, 0x00, 0x00, 0x00, 0x00,
    0x00, 0x5D, 0xFF, 0xFF, 0xFF, 0xC4, 0x00, 0x00, 0x00, 0x04, 0xFF, 0xFF,
    0xFE, 0x9E, 0xFF, 0x91, 0x00, 0x00, 0x0C, 0xFA, 0x21, 0xAF, 0xB1, 0x7E,
    0xFC, 0x10, 0x00, 0x0E, 0xF1, 0x00, 0x1F, 0xE0, 0x02, 0xCF, 0x90, 0x00,
    0x0E, 0xF2, 0x00, 0x2F, 0xD0, 0x00, 0x2F, 0xE0, 0x00, 0x08, 0xFC, 0x11,
    0xBF, 0x70, 0x00, 0x3F, 0xE0, 0x12, 0x23, 0xDF, 0xEE, 0xFB, 0x22, 0x36,
    0xDF, 0xA0, 0x9F, 0xFF, 0xFF, 0xFF, 0xFF, 0xFF, 0xFF, 0xFE, 0x20, 0x5F,
    0xED, 0xB8, 0x45, 0x8B, 0xDF, 0xFD, 0x81, 0x00, 0x00, 0x00, 0x00, 0x8E,
    0xE8, 0x00, 0x00, 0x00, 0x00, 0x08, 0xFF, 0xFF, 0x60, 0x00, 0x00, 0x00,
    0x1E, 0xF4, 0x7F, 0xC0, 0x00, 0x00, 0x00, 0x5F, 0x90, 0x1F, 0xE0, 0x00,
    0x00, 0x00, 0xAF, 0x50, 0x1F, 0xE0, 0x00, 0x00, 0x00, 0xCF, 0x20, 0x4F,
    0xB0, 0x00, 0x00, 0x00, 0xEF, 0x10, 0xBF, 0x60, 0x00, 0x02, 0x22, 0xFF,
    0x3A, 0xFD, 0x00, 0x01, 0x0D, 0xFF, 0xFF, 0xFF, 0xE3, 0x2A, 0xFF, 0x09,
    0xFF, 0xFF, 0xEA, 0x21, 0xDF, 0xFF, 0x00, 0x00, 0xAF, 0x40, 0x07, 0xFE,
    0x41, 0x00, 0x00, 0x5F, 0xC0, 0x0C, 0xF5, 0x00, 0x00, 0x00, 0x0D, 0xF9,
    0x0E, 0xF1, 0x00, 0x00, 0x00, 0x04, 0xFF, 0xAF, 0xF0, 0x00, 0x00, 0x00,
    0x00, 0x6F, 0xFF, 0xF0, 0x00, 0x00, 0x00, 0x00, 0x04, 0xDD, 0x30, 0x00,
    0x00, 0x00, 0x00, 0x00, 0x11, 0x00, 0x00, 0x00, 0x00, 0x00, 0x00, 0x00,
    0x00, 0x00, 0x00, 0x00, 0x00, 0x00, 0x05, 0xD6, 0x00, 0x00, 0x00, 0x00,
    0x00, 0x00, 0x01, 0xBF, 0xFD, 0x60, 0x00, 0x00, 0x00, 0x00, 0x4D, 0xFF,
    0xFF, 0xFF, 0xC4, 0x00, 0x00, 0x00, 0x4F, 0xFF, 0xFF, 0xE9, 0xEF, 0xF9,
    0x10, 0x00, 0x0C, 0xFA, 0x21, 0xAF, 0xB1, 0x7E, 0xFC, 0x10, 0x00, 0xEF,
    0x10, 0x01, 0xFE, 0x00, 0x2C, 0xF9, 0x00, 0x0E, 0xF2, 0x00, 0x2F, 0xD0,
    0x00, 0x2F, 0xE0, 0x00, 0x8F, 0xC1, 0x1B, 0xF7, 0x00, 0x03, 0xFE, 0x02,
    0x23, 0xDF, 0xEE, 0xFB, 0x22, 0x36, 0xDF, 0xA0, 0xFF, 0xFF, 0xFF, 0xFF,
    0xFF, 0xFF, 0xFF, 0xE2, 0x0F, 0xED, 0xB8, 0x45, 0x8B, 0xDF, 0xFD, 0x81,
    0x00, 0x00, 0x00, 0x08, 0xEE, 0x80, 0x00, 0x00, 0x00, 0x08, 0xFF, 0xFF,
    0x60, 0x00, 0x00, 0x01, 0xEF, 0x47, 0xFC, 0x00, 0x00, 0x00, 0x5F, 0x90,
    0x1F, 0xE0, 0x00, 0x00, 0x0A, 0xF5, 0x01, 0xFE, 0x00, 0x00, 0x00, 0xCF,
    0x20, 0x4F, 0xB0, 0x00, 0x00, 0x0E, 0xF1, 0x0B, 0xF6, 0x00, 0x01, 0x22,
    0xFF, 0x3A, 0xFD, 0x00, 0x01, 0x8F, 0xFF, 0xFF, 0xFE, 0x32, 0xAF, 0xF8,
    0xFF, 0xFF, 0xEA, 0x21, 0xDF, 0xFF, 0x00, 0x0A, 0xF4, 0x00, 0x7F, 0xE4,
    0x10, 0x00, 0x5F, 0xC0, 0x0C, 0xF5, 0x00, 0x00, 0x00, 0xDF, 0x90, 0xEF,
    0x10, 0x00, 0x00, 0x04, 0xFF, 0xAF, 0xF0, 0x00, 0x00, 0x00, 0x06, 0xFF,
    0xFF, 0x00, 0x00, 0x00, 0x00, 0x04, 0xDD, 0x30, 0x00, 0x00, 0x00, 0x00,
    0x01, 0x10, 0x00, 0x00, 0x00, 0x00, 0x00, 0x55, 0x00, 0x00, 0x00, 0x00,
    0x00, 0x00, 0x00, 0x00, 0x00, 0x7F, 0xFA, 0x00, 0x00, 0x00, 0x00, 0x00,
    0x00, 0x00, 0x00, 0x3F, 0xED, 0xF9, 0x00, 0x00, 0x00, 0x00, 0x00, 0x00,
    0x00, 0x1C, 0xF5, 0x2E, 0xF6, 0x00, 0x00, 0x00, 0x00, 0x00, 0x00, 0x1B,
    0xFA, 0x00, 0x4F, 0x80, 0x00, 0x00, 0x00, 0x00, 0x00, 0x1C, 0xFB, 0x00,
    0x00, 0x30, 0x00, 0x00, 0x00, 0x00, 0x00, 0x0A, 0xF9, 0x00, 0x00, 0x00,
    0x00, 0x00, 0x00, 0x00, 0x00, 0x00, 0xEF, 0x20, 0x00, 0x00, 0x00, 0x00,
    0x00, 0x00, 0x00, 0x00, 0x0C, 0xFE, 0x85, 0x32, 0x22, 0x22, 0x23, 0x45,
    0x79, 0xAC, 0x00, 0x2C, 0xFF, 0xFF, 0xFF, 0xFF, 0xFF, 0xFF, 0xFF, 0xFF,
    0xF0, 0x00, 0x04, 0x8A, 0xDE, 0xEF, 0xFF, 0xEE, 0xDB, 0xA8, 0x75, 0x00,
    0x00, 0x00, 0x00, 0x01, 0x22, 0x22, 0x22, 0x22, 0x22, 0x21, 0x00, 0x00,
    0x4A, 0xEF, 0xFF, 0xFF, 0xFF, 0xFF, 0xFF, 0xF8, 0x00, 0x1B, 0xFF, 0xFF,
    0xFF, 0xFF, 0xFF, 0xFF, 0xFF, 0xF8, 0x02, 0xDF, 0xD7, 0x20, 0x00, 0x00,
    0x00, 0x00, 0x00, 0x00, 0x0B, 0xF9, 0x10, 0x00, 0x00, 0x00, 0x00, 0x00,
    0x00, 0x00, 0x0E, 0xF3, 0x00, 0x00, 0x00, 0x00, 0x00, 0x00, 0x00, 0x00,
    0x0B, 0xFF, 0xB7, 0x53, 0x22, 0x22, 0x35, 0x7B, 0x90, 0x00, 0x02, 0xCF,
    0xFF, 0xFF, 0xFF, 0xFF, 0xFF, 0xFF, 0xD0, 0x00, 0x00, 0x03, 0x7A, 0xCE,
    0xEF, 0xFE, 0xDC, 0xA7, 0x30, 0x00, 0x00, 0x00, 0x03, 0xCE, 0x80, 0x00,
    0x00, 0x00, 0x00, 0x00, 0x00, 0x00, 0x00, 0xC8, 0x34, 0x00, 0x00, 0x00,
    0x00, 0x00, 0x00, 0x00, 0x00, 0x0E, 0x10, 0x11, 0x00, 0x00, 0x00, 0x00,
    0x00, 0x00, 0x00, 0x00, 0x9D, 0xAE, 0x40, 0x00, 0x00, 0x00, 0x00, 0x00,
    0x00, 0x00, 0x2B, 0xFB, 0x50, 0x00, 0x00, 0x00, 0x00, 0x00, 0x00, 0x00,
    0x02, 0x82, 0x00, 0x00, 0x00, 0x00, 0x00, 0x00, 0x00, 0x00, 0x00, 0x00,
    0x00, 0x00, 0x00, 0x00, 0x00, 0x00, 0x00, 0x00, 0x00, 0x00, 0x3D, 0xA1,
    0x00, 0x00, 0x00, 0x00, 0x00, 0x00, 0x00, 0x00, 0x1D, 0xFF, 0xC1, 0x00,
    0x00, 0x00, 0x00, 0x00, 0x00, 0x00, 0x08, 0xF8, 0xEF, 0x90, 0x00, 0x00,
    0x00, 0x00, 0x00, 0x00, 0x03, 0xFC, 0x03, 0xFF, 0x50, 0x00, 0x00, 0x00,
    0x00, 0x00, 0x03, 0xEF, 0x30, 0x07, 0xD2, 0x00, 0x00, 0x00, 0x00, 0x00,
    0x02, 0xEF, 0x60, 0x00, 0x01, 0x00, 0x00, 0x00, 0x00, 0x00, 0x00, 0xCF,
    0x70, 0x00, 0x00, 0x00, 0x00, 0x00, 0x00, 0x00, 0x00, 0x0E, 0xF2, 0x00,
    0x00, 0x00, 0x00, 0x00, 0x00, 0x00, 0x00, 0x00, 0xBF, 0xE8, 0x53, 0x22,
    0x22, 0x23, 0x34, 0x67, 0x9B, 0xD0, 0x02, 0xCF, 0xFF, 0xFF, 0xFF, 0xFF,
    0xFF, 0xFF, 0xFF, 0xFF, 0x00, 0x00, 0x37, 0xAC, 0xEE, 0xFF, 0xFE, 0xED,
    0xBA, 0x87, 0x50, 0x00, 0x00, 0x00, 0x3C, 0xE7, 0x00, 0x00, 0x00, 0x00,
    0x00, 0x00, 0x00, 0x00, 0xD7, 0x33, 0x00, 0x00, 0x00, 0x00, 0x00, 0x00,
    0x00, 0x00, 0xE2, 0x02, 0x00, 0x00, 0x00, 0x00, 0x00, 0x00, 0x00, 0x00,
    0x6E, 0xCE, 0x20, 0x00, 0x00, 0x00, 0x00, 0x00, 0x00, 0x03, 0xEB, 0x61,
    0x00, 0x00, 0x00, 0x00, 0x00, 0x00, 0x00, 0x01, 0x20, 0x00, 0x00, 0x00,
    0x00, 0x00, 0x00, 0x00, 0x00, 0x00, 0x01, 0x22, 0x22, 0x22, 0x22, 0x22,
    0x21, 0x00, 0x00, 0x4A, 0xEF, 0xFF, 0xFF, 0xFF, 0xFF, 0xFF, 0xF8, 0x00,
    0x1B, 0xFF, 0xFF, 0xFF, 0xFF, 0xFF, 0xFF, 0xFF, 0xF8, 0x02, 0xDF, 0xD7,
    0x20, 0x00, 0x00, 0x00, 0x00, 0x00, 0x00, 0x0B, 0xF9, 0x10, 0x00, 0x00,
    0x00, 0x00, 0x00, 0x00, 0x00, 0x0E, 0xF3, 0x00, 0x00, 0x00, 0x00, 0x00,
    0x00, 0x00, 0x00, 0x0B, 0xFF, 0xB7, 0x53, 0x22, 0x22, 0x35, 0x7A, 0x90,
    0x00, 0x02, 0xCF, 0xFF, 0xFF, 0xFF, 0xFF, 0xFF, 0xFF, 0xE0, 0x00, 0x00,
    0x03, 0x7A, 0xCE, 0xEF, 0xFE, 0xDC, 0xA7, 0x40, 0x00, 0x00, 0x00, 0x00,
    0x00, 0x00, 0x00, 0x00, 0x04, 0xDD, 0x40, 0x00, 0xD3, 0x3D, 0x00, 0x0D,
    0x33, 0xD0, 0x00, 0x4D, 0xD4, 0x00, 0x00, 0x2C, 0x00, 0x00, 0x00, 0x00,
    0x3F, 0x00, 0x00, 0x00, 0x00, 0x3F, 0x00, 0x00, 0x00, 0x00, 0x3F, 0x6E,
    0xE5, 0x00, 0x00, 0x3F, 0xE4, 0x3E, 0x00, 0x00, 0x3F, 0x30, 0x5D, 0x00,
    0x09, 0xDF, 0xDE, 0xC3, 0x00, 0x02, 0x33, 0x21, 0x00, 0x00, 0x00, 0x00,
    0x00, 0x00, 0x00, 0x00, 0x00, 0x00, 0x00, 0x00, 0x00, 0x00, 0x00, 0x00,
    0x00, 0x00, 0x00, 0x00, 0x00, 0x00, 0x00, 0x00, 0x00, 0x00, 0x00, 0x00,
    0x00, 0x00, 0x00, 0x00, 0x00, 0x00, 0x00, 0x00, 0x00, 0x00, 0x00, 0x00,
    0x00, 0x00, 0x00, 0x00, 0x00, 0x00, 0x00, 0x00, 0x00, 0x00, 0x00, 0x00,
    0x00, 0x00, 0x00, 0x00, 0x00, 0x00, 0x00, 0x00, 0x00, 0x00, 0x00, 0x00,
    0x00, 0x00, 0x00, 0x00, 0x00, 0x00, 0x00, 0x00, 0x00, 0x00, 0x00, 0x00,
    0x00, 0x00, 0x00, 0x00, 0x00, 0x00, 0x00, 0x00, 0x00, 0x00, 0x01, 0x80,
    0x00, 0x00, 0x00, 0x00, 0x00, 0x00, 0x00, 0x00, 0x00, 0xBF, 0xB0, 0x00,
    0x00, 0x00, 0x00, 0x00, 0x00, 0x00, 0x00, 0x06, 0xF6, 0x00, 0x00, 0x00,
    0x00, 0x00, 0x00, 0x00, 0x00, 0x1A, 0x12, 0x2A, 0x10, 0x00, 0x00, 0x00,
    0x00, 0x00, 0x00, 0x0C, 0xFC, 0x0C, 0xFB, 0x00, 0x0F, 0xF0, 0x00, 0x00,
    0x00, 0x00, 0x3C, 0x30, 0x3C, 0x20, 0x00, 0xFF, 0x00, 0x00, 0x00, 0x00,
    0x00, 0x00, 0x00, 0x00, 0x00, 0x0F, 0xF0, 0x00, 0x00, 0x00, 0x00, 0x00,
    0x18, 0xD6, 0x00, 0x00, 0xFF, 0x00, 0x00, 0x00, 0x00, 0x00, 0x2D, 0xB5,
    0x10, 0x00, 0x0F, 0xF0, 0x00, 0x00, 0x00, 0x00, 0x07, 0xC0, 0x00, 0x00,
    0x00, 0xFF, 0x00, 0x00, 0x00, 0x00, 0x00, 0x6F, 0xD9, 0x10, 0x00, 0x0F,
    0xF0, 0x00, 0x44, 0x00, 0x00, 0x00, 0x5B, 0xFA, 0x00, 0x00, 0xFF, 0x00,
    0x0A, 0xF4, 0x00, 0x00, 0x20, 0x19, 0xB0, 0x00, 0x0F, 0xF0, 0x00, 0xDF,
    0x10, 0x00, 0x0F, 0xFF, 0xE4, 0x00, 0x00, 0xFF, 0x00, 0x0F, 0xF0, 0x00,
    0x00, 0x12, 0x10, 0x00, 0x00, 0x0F, 0xF0, 0x00, 0xEF, 0x30, 0x00, 0x00,
    0x00, 0x00, 0x00, 0x01, 0xFE, 0x00, 0x0A, 0xFB, 0x10, 0x00, 0x00, 0x00,
    0x00, 0x00, 0x6F, 0xC0, 0x00, 0x3F, 0xFD, 0x85, 0x32, 0x22, 0x22, 0x35,
    0x9F, 0xF8, 0x00, 0x00, 0x4D, 0xFF, 0xFF, 0xFF, 0xFF, 0xFF, 0xFF, 0xFC,
    0x10, 0x00, 0x00, 0x05, 0x9C, 0xDE, 0xFF, 0xFF, 0xED, 0xA5, 0x00, 0x00,
    0x00, 0x00, 0x00, 0x00, 0x00, 0x81, 0x00, 0x00, 0x00, 0x00, 0x00, 0x00,
    0x00, 0x00, 0x00, 0x0A, 0xFB, 0x00, 0x00, 0x00, 0x00, 0x00, 0x00, 0x00,
    0x00, 0x00, 0x06, 0xF6, 0x00, 0x00, 0x00, 0x00, 0x00, 0x00, 0x00, 0x00,
    0x01, 0xA2, 0x21, 0xA1, 0x00, 0x00, 0x00, 0x00, 0x00, 0x00, 0x00, 0x0B,
    0xFC, 0x0C, 0xFC, 0x00, 0x0F, 0xF0, 0x00, 0x00, 0x00, 0x00, 0x03, 0xC3,
    0x03, 0xC3, 0x00, 0x0F, 0xF0, 0x00, 0x00, 0x00, 0x00, 0x00, 0x00, 0x00,
    0x00, 0x00, 0x0F, 0xF0, 0x00, 0x00, 0x00, 0x00, 0x00, 0x01, 0x8D, 0x60,
    0x00, 0x0F, 0xF0, 0x00, 0x00, 0x00, 0x00, 0x00, 0x2D, 0xB5, 0x10, 0x00,
    0x0F, 0xF0, 0x00, 0x00, 0x00, 0x00, 0x00, 0x7C, 0x00, 0x00, 0x00, 0x0F,
    0xF0, 0x00, 0x00, 0x00, 0x00, 0x00, 0x6F, 0xD9, 0x10, 0x00, 0x0F, 0xF0,
    0x00, 0x04, 0x40, 0x00, 0x00, 0x05, 0xBF, 0xA0, 0x00, 0x0F, 0xF0, 0x00,
    0x0A, 0xF4, 0x00, 0x00, 0x20, 0x19, 0xB0, 0x00, 0x0F, 0xF0, 0x00, 0x0D,
    0xF1, 0x00, 0x00, 0xFF, 0xFE, 0x40, 0x00, 0x0F, 0xF0, 0x00, 0x0F, 0xF0,
    0x00, 0x00, 0x12, 0x10, 0x00, 0x00, 0x0F, 0xF0, 0x00, 0x0E, 0xF3, 0x00,
    0x00, 0x00, 0x00, 0x00, 0x00, 0x1F, 0xF1, 0x00, 0x0A, 0xFB, 0x10, 0x00,
    0x00, 0x00, 0x00, 0x00, 0x6F, 0xF4, 0x00, 0x03, 0xFF, 0xD8, 0x53, 0x22,
    0x22, 0x23, 0x59, 0xFF, 0xFC, 0x42, 0x00, 0x4D, 0xFF, 0xFF, 0xFF, 0xFF,
    0xFF, 0xFF, 0xF7, 0xDF, 0xFF, 0x00, 0x00, 0x59, 0xCD, 0xEF, 0xFF, 0xFE,
    0xC9, 0x30, 0x2A, 0xEF, 0x00, 0x00, 0x11, 0x00, 0x00, 0x00, 0x00, 0x1D,
    0xC1, 0x00, 0x00, 0x00, 0x04, 0xFE, 0x30, 0x00, 0x00, 0x02, 0x14, 0x42,
    0x10, 0x00, 0x02, 0xDD, 0x12, 0xDC, 0x10, 0x00, 0x3E, 0xE3, 0x4F, 0xE3,
    0x00, 0x00, 0x43, 0x00, 0x43, 0x03, 0x00, 0x00, 0x00, 0x00, 0x6C, 0xF0,
    0x00, 0x00, 0x28, 0xEF, 0xFD, 0x00, 0x05, 0xBF, 0xFF, 0xA4, 0x00, 0x1C,
    0xFF, 0xE8, 0x20, 0x00, 0x04, 0xFE, 0x50, 0x00, 0x00, 0x00, 0x1E, 0xFB,
    0x20, 0x00, 0x00, 0x00, 0x3D, 0xFE, 0x40, 0x00, 0x00, 0x00, 0x1A, 0xFF,
    0x70, 0x00, 0x00, 0x00, 0x07, 0xFF, 0x70, 0x00, 0x00, 0x00, 0x05, 0xFF,
    0x40, 0x00, 0x00, 0x00, 0x07, 0xFB, 0x00, 0x00, 0x00, 0x00, 0x1F, 0xE0,
    0x00, 0x00, 0x00, 0x02, 0xFE, 0x00, 0x22, 0x22, 0x35, 0xDF, 0xB0, 0x0F,
    0xFF, 0xFF, 0xFF, 0xE3, 0x00, 0xFF, 0xFF, 0xEC, 0x81, 0x00, 0x00, 0x00,
    0x00, 0x12, 0x00, 0x00, 0x00, 0x00, 0x00, 0x1B, 0xE3, 0x00, 0x00, 0x00,
    0x00, 0x03, 0xEF, 0x60, 0x00, 0x00, 0x00, 0x01, 0x23, 0x61, 0x30, 0x00,
    0x00, 0x01, 0xCE, 0x31, 0xBE, 0x30, 0x00, 0x00, 0x3E, 0xF5, 0x2D, 0xF6,
    0x00, 0x00, 0x00, 0x35, 0x00, 0x25, 0x01, 0x20, 0x00, 0x00, 0x00, 0x00,
    0x4A, 0xF6, 0x00, 0x00, 0x00, 0x17, 0xDF, 0xFF, 0x50, 0x00, 0x04, 0xAF,
    0xFF, 0xD7, 0x10, 0x00, 0x1C, 0xFF, 0xFA, 0x40, 0x00, 0x00, 0x04, 0xFF,
    0x81, 0x00, 0x00, 0x00, 0x00, 0x1E, 0xFE, 0x40, 0x00, 0x00, 0x00, 0x00,
    0x3D, 0xFF, 0x80, 0x00, 0x00, 0x00, 0x00, 0x19, 0xFF, 0xA0, 0x00, 0x00,
    0x00, 0x00, 0x05, 0xEF, 0xB0, 0x00, 0x00, 0x00, 0x00, 0x03, 0xEF, 0x80,
    0x00, 0x00, 0x00, 0x00, 0x04, 0xFF, 0x20, 0x00, 0x00, 0x00, 0x00, 0x0C,
    0xF9, 0x00, 0x00, 0x00, 0x00, 0x00, 0xDF, 0xF3, 0x00, 0x22, 0x22, 0x35,
    0xAF, 0xFF, 0xD5, 0x2F, 0xFF, 0xFF, 0xFF, 0xE3, 0xBF, 0xFF, 0xFF, 0xFF,
    0xEC, 0x82, 0x00, 0x8D, 0xF0, 0x00, 0x05, 0xEE, 0x50, 0x00, 0x00, 0x00,
    0xE4, 0x3E, 0x00, 0x00, 0x00, 0x0C, 0x41, 0xD0, 0x00, 0x00, 0x00, 0x28,
    0xDD, 0x20, 0x00, 0x00, 0x37, 0xC9, 0x00, 0x00, 0x00, 0x05, 0x73, 0x00,
    0x00, 0x00, 0x00, 0x00, 0x00, 0x00, 0x00, 0x00, 0x01, 0xAE, 0xD7, 0x00,
    0x00, 0x00, 0xCF, 0xFF, 0xF8, 0x00, 0x00, 0x5F, 0xC3, 0x5E, 0xF2, 0x00,
    0x0B, 0xF5, 0x00, 0x7F, 0x80, 0x00, 0xEF, 0x10, 0x03, 0xFC, 0x00, 0x0F,
    0xF1, 0x00, 0x1F, 0xE0, 0x00, 0xDF, 0x93, 0x25, 0xFF, 0x00, 0x06, 0xFF,
    0xFF, 0xFF, 0xE0, 0x00, 0x06, 0xCF, 0xEC, 0xFD, 0x00, 0x00, 0x00, 0x00,
    0x3F, 0xA0, 0x00, 0x00, 0x00, 0x0B, 0xF4, 0x00, 0x00, 0x00, 0x09, 0xFC,
    0x00, 0x00, 0x00, 0x5C, 0xFE, 0x20, 0x00, 0x08, 0xEF, 0xFC, 0x20, 0x00,
    0x00, 0x7F, 0xC6, 0x00, 0x00, 0x00, 0x01, 0x10, 0x00, 0x00, 0x00, 0x00,
    0x00, 0x05, 0xEE, 0x50, 0x00, 0x00, 0x00, 0xE4, 0x3E, 0x00, 0x00, 0x00,
    0x0C, 0x41, 0xD0, 0x00, 0x00, 0x00, 0x28, 0xDD, 0x20, 0x00, 0x00, 0x37,
    0xC9, 0x00, 0x00, 0x00, 0x05, 0x73, 0x00, 0x00, 0x00, 0x00, 0x00, 0x00,
    0x00, 0x00, 0x00, 0x01, 0xAE, 0xD7, 0x00, 0x00, 0x00, 0xCF, 0xFF, 0xF8,
    0x00, 0x00, 0x6F, 0xD3, 0x5E, 0xF3, 0x00, 0x0B, 0xF5, 0x00, 0x7F, 0x80,
    0x00, 0xEF, 0x10, 0x03, 0xFC, 0x00, 0x0F, 0xF1, 0x00, 0x1F, 0xE0, 0x00,
    0xDF, 0x93, 0x22, 0xFF, 0x22, 0x06, 0xFF, 0xFF, 0xFF, 0xFF, 0xF0, 0x05,
    0xCE, 0xFF, 0xFF, 0xFF, 0x00, 0x00, 0x00, 0x3F, 0xA0, 0x00, 0x00, 0x00,
    0x0A, 0xF5, 0x00, 0x00, 0x00, 0x08, 0xFD, 0x00, 0x00, 0x00, 0x4C, 0xFE,
    0x30, 0x00, 0x08, 0xEF, 0xFD, 0x30, 0x00, 0x00, 0x7F, 0xC6, 0x00, 0x00,
    0x00, 0x01, 0x10, 0x00, 0x00, 0x00, 0x00, 0x00, 0x00, 0x00, 0x00, 0x00,
    0x00, 0x03, 0xB0, 0x2C, 0x00, 0x00, 0x00, 0x0D, 0x38, 0x80, 0x00, 0x00,
    0x00, 0x6B, 0xE2, 0x00, 0x00, 0x00, 0x01, 0xE9, 0x00, 0x00, 0x00, 0x00,
    0x00, 0x00, 0x00, 0x00, 0x00, 0x00, 0x00, 0x00, 0x00, 0x00, 0x01, 0xAE,
    0xD7, 0x00, 0x00, 0x00, 0xCF, 0xFF, 0xF8, 0x00, 0x00, 0x5F, 0xC3, 0x5E,
    0xF2, 0x00, 0x0B, 0xF5, 0x00, 0x7F, 0x80, 0x00, 0xEF, 0x10, 0x03, 0xFC,
    0x00, 0x0F, 0xF1, 0x00, 0x1F, 0xE0, 0x00, 0xDF, 0x93, 0x25, 0xFF, 0x00,
    0x06, 0xFF, 0xFF, 0xFF, 0xE0, 0x00, 0x06, 0xCF, 0xEC, 0xFD, 0x00, 0x00,
    0x00, 0x00, 0x3F, 0xA0, 0x00, 0x00, 0x00, 0x0B, 0xF4, 0x00, 0x00, 0x00,
    0x09, 0xFC, 0x00, 0x00, 0x00, 0x5C, 0xFE, 0x20, 0x00, 0x08, 0xEF, 0xFC,
    0x20, 0x00, 0x00, 0x7F, 0xC6, 0x00, 0x00, 0x00, 0x01, 0x10, 0x00, 0x00,
    0x00, 0x00, 0x00, 0x00, 0x00, 0x00, 0x00, 0x00, 0x03, 0xB0, 0x2C, 0x00,
    0x00, 0x00, 0x0D, 0x38, 0x80, 0x00, 0x00, 0x00, 0x6B, 0xE2, 0x00, 0x00,
    0x00, 0x01, 0xE9, 0x00, 0x00, 0x00, 0x00, 0x00, 0x00, 0x00, 0x00, 0x00,
    0x00, 0x00, 0x00, 0x00, 0x00, 0x01, 0xAE, 0xD7, 0x00, 0x00, 0x00, 0xCF,
    0xFF, 0xF8, 0x00, 0x00, 0x6F, 0xD3, 0x5E, 0xF3, 0x00, 0x0B, 0xF5, 0x00,
    0x7F, 0x80, 0x00, 0xEF, 0x10, 0x03, 0xFC, 0x00, 0x0F, 0xF1, 0x00, 0x1F,
    0xE0, 0x00, 0xDF, 0x93, 0x22, 0xFF, 0x22, 0x06, 0xFF, 0xFF, 0xFF, 0xFF,
    0xF0, 0x05, 0xCE, 0xFF, 0xFF, 0xFF, 0x00, 0x00, 0x00, 0x3F, 0xA0, 0x00,
    0x00, 0x00, 0x0A, 0xF5, 0x00, 0x00, 0x00, 0x08, 0xFD, 0x00, 0x00, 0x00,
    0x4C, 0xFE, 0x30, 0x00, 0x08, 0xEF, 0xFD, 0x30, 0x00, 0x00, 0x7F, 0xC6,
    0x00, 0x00, 0x00, 0x01, 0x10, 0x00, 0x00, 0x00, 0x00, 0x00, 0x02, 0xE0,
    0x00, 0x00, 0x00, 0x00, 0x2E, 0x00, 0x00, 0x00, 0x00, 0x02, 0xE0, 0x00,
    0x00, 0x00, 0x00, 0x2E, 0x00, 0x00, 0x00, 0x00, 0x00, 0x00, 0x00, 0x00,
    0x00, 0x00, 0x00, 0x00, 0x00, 0x00, 0x00, 0x1A, 0xED, 0x70, 0x00, 0x00,
    0x0C, 0xFF, 0xFF, 0x80, 0x00, 0x05, 0xFC, 0x35, 0xEF, 0x20, 0x00, 0xBF,
    0x50, 0x07, 0xF8, 0x00, 0x0E, 0xF1, 0x00, 0x3F, 0xC0, 0x00, 0xFF, 0x10,
    0x01, 0xFE, 0x00, 0x0D, 0xF9, 0x32, 0x5F, 0xF0, 0x00, 0x6F, 0xFF, 0xFF,
    0xFE, 0x00, 0x00, 0x6C, 0xFE, 0xCF, 0xD0, 0x00, 0x00, 0x00, 0x03, 0xFA,
    0x00, 0x00, 0x00, 0x00, 0xBF, 0x40, 0x00, 0x00, 0x00, 0x9F, 0xC0, 0x00,
    0x00, 0x05, 0xCF, 0xE2, 0x00, 0x00, 0x8E, 0xFF, 0xC2, 0x00, 0x00, 0x07,
    0xFC, 0x60, 0x00, 0x00, 0x00, 0x11, 0x00, 0x00, 0x00, 0x00, 0x00, 0x02,
    0xE0, 0x00, 0x00, 0x00, 0x00, 0x2E, 0x00, 0x00, 0x00, 0x00, 0x02, 0xE0,
    0x00, 0x00, 0x00, 0x00, 0x2E, 0x00, 0x00, 0x00, 0x00, 0x00, 0x00, 0x00,
    0x00, 0x00, 0x00, 0x00, 0x00, 0x00, 0x00, 0x00, 0x1A, 0xED, 0x70, 0x00,
    0x00, 0x0C, 0xFF, 0xFF, 0x80, 0x00, 0x06, 0xFD, 0x35, 0xEF, 0x30, 0x00,
    0xBF, 0x50, 0x07, 0xF8, 0x00, 0x0E, 0xF1, 0x00, 0x3F, 0xC0, 0x00, 0xFF,
    0x10, 0x01, 0xFE, 0x00, 0x0D, 0xF9, 0x32, 0x2F, 0xF2, 0x20, 0x6F, 0xFF,
    0xFF, 0xFF, 0xFF, 0x00, 0x5C, 0xEF, 0xFF, 0xFF, 0xF0, 0x00, 0x00, 0x03,
    0xFA, 0x00, 0x00, 0x00, 0x00, 0xAF, 0x50, 0x00, 0x00, 0x00, 0x8F, 0xD0,
    0x00, 0x00, 0x04, 0xCF, 0xE3, 0x00, 0x00, 0x8E, 0xFF, 0xD3, 0x00, 0x00,
    0x07, 0xFC, 0x60, 0x00, 0x00, 0x00, 0x11, 0x00, 0x00, 0x00, 0x00, 0x00,
    0x00, 0x72, 0x00, 0x00, 0x00, 0x00, 0x6F, 0xD1, 0x00, 0x00, 0x00, 0x02,
    0xE8, 0x00, 0x00, 0x00, 0x07, 0x32, 0x09, 0x10, 0x00, 0x06, 0xFE, 0x29,
    0xFC, 0x00, 0x00, 0x1D, 0xA0, 0x3E, 0x50, 0x00, 0x00, 0x10, 0x00, 0x10,
    0x00, 0x00, 0x00, 0x00, 0x00, 0x00, 0x00, 0x00, 0x1A, 0xED, 0x70, 0x00,
    0x00, 0x0C, 0xFF, 0xFF, 0x80, 0x00, 0x05, 0xFC, 0x35, 0xEF, 0x20, 0x00,
    0xBF, 0x50, 0x07, 0xF8, 0x00, 0x0E, 0xF1, 0x00, 0x3F, 0xC0, 0x00, 0xFF,
    0x10, 0x01, 0xFE, 0x00, 0x0D, 0xF9, 0x32, 0x5F, 0xF0, 0x00, 0x6F, 0xFF,
    0xFF, 0xFE, 0x00, 0x00, 0x6C, 0xFE, 0xCF, 0xD0, 0x00, 0x00, 0x00, 0x03,
    0xFA, 0x00, 0x00, 0x00, 0x00, 0xBF, 0x40, 0x00, 0x00, 0x00, 0x9F, 0xC0,
    0x00, 0x00, 0x05, 0xCF, 0xE2, 0x00, 0x00, 0x8E, 0xFF, 0xC2, 0x00, 0x00,
    0x07, 0xFC, 0x60, 0x00, 0x00, 0x00, 0x11, 0x00, 0x00, 0x00, 0x00, 0x00,
    0x00, 0x72, 0x00, 0x00, 0x00, 0x00, 0x6F, 0xD1, 0x00, 0x00, 0x00, 0x02,
    0xD8, 0x00, 0x00, 0x00, 0x07, 0x42, 0x09, 0x20, 0x00, 0x06, 0xFE, 0x28,
    0xFD, 0x00, 0x00, 0x1C, 0xA0, 0x3E, 0x60, 0x00, 0x00, 0x10, 0x00, 0x10,
    0x00, 0x00, 0x00, 0x00, 0x00, 0x00, 0x00, 0x00, 0x1A, 0xED, 0x70, 0x00,
    0x00, 0x0C, 0xFF, 0xFF, 0x80, 0x00, 0x06, 0xFD, 0x35, 0xEF, 0x30, 0x00,
    0xBF, 0x50, 0x07, 0xF8, 0x00, 0x0E, 0xF1, 0x00, 0x3F, 0xC0, 0x00, 0xFF,
    0x10, 0x01, 0xFE, 0x00, 0x0D, 0xF9, 0x32, 0x2F, 0xF2, 0x20, 0x6F, 0xFF,
    0xFF, 0xFF, 0xFF, 0x00, 0x5C, 0xEF, 0xFF, 0xFF, 0xF0, 0x00, 0x00, 0x03,
    0xFA, 0x00, 0x00, 0x00, 0x00, 0xAF, 0x50, 0x00, 0x00, 0x00, 0x8F, 0xD0,
    0x00, 0x00, 0x04, 0xCF, 0xE3, 0x00, 0x00, 0x8E, 0xFF, 0xD3, 0x00, 0x00,
    0x07, 0xFC, 0x60, 0x00, 0x00, 0x00, 0x11, 0x00, 0x00, 0x00, 0x00, 0x00,
    0x00, 0x64, 0x00, 0x00, 0x00, 0x00, 0x3E, 0xD0, 0x00, 0x00, 0x00, 0x0A,
    0x7A, 0x60, 0x00, 0x00, 0x02, 0xE1, 0x3D, 0x00, 0x00, 0x00, 0x03, 0x00,
    0x30, 0x00, 0x00, 0x00, 0x00, 0x00, 0x00, 0x00, 0x00, 0x1A, 0xED, 0x70,
    0x00, 0x00, 0x0C, 0xFF, 0xFF, 0x80, 0x00, 0x05, 0xFC, 0x35, 0xEF, 0x20,
    0x00, 0xBF, 0x50, 0x07, 0xF8, 0x00, 0x0E, 0xF1, 0x00, 0x3F, 0xC0, 0x00,
    0xFF, 0x10, 0x01, 0xFE, 0x00, 0x0D, 0xF9, 0x32, 0x5F, 0xF0, 0x00, 0x6F,
    0xFF, 0xFF, 0xFE, 0x00, 0x00, 0x6C, 0xFE, 0xCF, 0xD0, 0x00, 0x00, 0x00,
    0x03, 0xFA, 0x00, 0x00, 0x00, 0x00, 0xBF, 0x40, 0x00, 0x00, 0x00, 0x9F,
    0xC0, 0x00, 0x00, 0x05, 0xCF, 0xE2, 0x00, 0x00, 0x8E, 0xFF, 0xC2, 0x00,
    0x00, 0x07, 0xFC, 0x60, 0x00, 0x00, 0x00, 0x11, 0x00, 0x00, 0x00, 0x00,
    0x00, 0x00, 0x64, 0x00, 0x00, 0x00, 0x00, 0x3E, 0xD0, 0x00, 0x00, 0x00,
    0x0A, 0x7A, 0x60, 0x00, 0x00, 0x02, 0xE1, 0x3D, 0x00, 0x00, 0x00, 0x03,
    0x00, 0x30, 0x00, 0x00, 0x00, 0x00, 0x00, 0x00, 0x00, 0x00, 0x1A, 0xED,
    0x70, 0x00, 0x00, 0x0C, 0xFF, 0xFF, 0x80, 0x00, 0x06, 0xFD, 0x35, 0xEF,
    0x30, 0x00, 0xBF, 0x50, 0x07, 0xF8, 0x00, 0x0E, 0xF1, 0x00, 0x3F, 0xC0,
    0x00, 0xFF, 0x10, 0x01, 0xFE, 0x00, 0x0D, 0xF9, 0x32, 0x2F, 0xF2, 0x20,
    0x6F, 0xFF, 0xFF, 0xFF, 0xFF, 0x00, 0x5C, 0xEF, 0xFF, 0xFF, 0xF0, 0x00,
    0x00, 0x03, 0xFA, 0x00, 0x00, 0x00, 0x00, 0xAF, 0x50, 0x00, 0x00, 0x00,
    0x8F, 0xD0, 0x00, 0x00, 0x04, 0xCF, 0xE3, 0x00, 0x00, 0x8E, 0xFF, 0xD3,
    0x00, 0x00, 0x07, 0xFC, 0x60, 0x00, 0x00, 0x00, 0x11, 0x00, 0x00, 0x00,
    0x00, 0x00, 0x00, 0x23, 0x00, 0x00, 0x5F, 0xB0, 0x00, 0x03, 0xFD, 0x00,
    0x00, 0x1F, 0xE0, 0x00, 0x00, 0xFF, 0x00, 0x00, 0x2F, 0xD0, 0x22, 0x3B,
    0xF9, 0x0F, 0xFF, 0xFE, 0x20, 0xFF, 0xEB, 0x30, 0x00, 0x00, 0x00, 0x01,
    0x00, 0x00, 0x00, 0x0E, 0xF0, 0x00, 0x00, 0x00, 0xFF, 0x00, 0x00, 0x00,
    0x1F, 0xF0, 0x00, 0x00, 0x04, 0xFF, 0x30, 0x02, 0x25, 0xDF, 0xFC, 0x52,
    0xFF, 0xFF, 0xBB, 0xFF, 0xFF, 0xFC, 0x70, 0x18, 0xDF, 0x00, 0x00, 0x00,
    0x00, 0x00, 0x3A, 0xEE, 0xC6, 0x00, 0x00, 0x00, 0x00, 0x00, 0x5F, 0xFF,
    0xFF, 0x90, 0x00, 0x00, 0x00, 0x00, 0x2F, 0xF9, 0x32, 0x53, 0x00, 0x3B,
    0x50, 0x00, 0x09, 0xFA, 0x00, 0x00, 0x00, 0x07, 0xFA, 0x00, 0x00, 0xDF,
    0x30, 0x00, 0x00, 0x00, 0xBF, 0x60, 0x00, 0x0F, 0xF1, 0x00, 0x00, 0x00,
    0x0D, 0xF3, 0x00, 0x00, 0xEF, 0x42, 0x21, 0x00, 0x00, 0xEF, 0x10, 0x00,
    0x0A, 0xFF, 0xFF, 0xFD, 0x30, 0x0F, 0xF0, 0x00, 0x00, 0x1B, 0xEF, 0xFF,
    0xFB, 0x00, 0xDF, 0x20, 0x00, 0x00, 0x00, 0x00, 0x4F, 0xE0, 0x0A, 0xF7,
    0x00, 0x00, 0x00, 0x00, 0x02, 0xFE, 0x00, 0x5F, 0xE3, 0x00, 0x00, 0x00,
    0x02, 0xCF, 0x90, 0x00, 0xBF, 0xE8, 0x42, 0x23, 0x6A, 0xFF, 0xD1, 0x00,
    0x01, 0xBF, 0xFF, 0xFF, 0xFF, 0xFF, 0xB1, 0x00, 0x00, 0x00, 0x5A, 0xDF,
    0xFD, 0xC8, 0x30, 0x00, 0x00, 0x06, 0xA3, 0x00, 0x00, 0x00, 0x00, 0x00,
    0x00, 0x0B, 0xF5, 0x00, 0x00, 0x00, 0x00, 0x00, 0x00, 0x0D, 0xF2, 0x00,
    0x00, 0x01, 0x22, 0x22, 0x22, 0x0E, 0xF1, 0x00, 0x00, 0x08, 0xFF, 0xFF,
    0xFF, 0x0F, 0xF0, 0x00, 0x00, 0x04, 0xFF, 0xFF, 0xFF, 0x0D, 0xF2, 0x00,
    0x00, 0x00, 0x00, 0x17, 0xFC, 0x0A, 0xF7, 0x00, 0x00, 0x00, 0x00, 0x01,
    0xFE, 0x05, 0xFE, 0x30, 0x00, 0x00, 0x00, 0x2B, 0xFB, 0x00, 0xBF, 0xE9,
    0x42, 0x23, 0x59, 0xEF, 0xE2, 0x00, 0x1B, 0xFF, 0xFF, 0xFF, 0xFF, 0xFC,
    0x20, 0x00, 0x00, 0x5A, 0xDF, 0xFE, 0xC9, 0x40, 0x00, 0x00, 0x00, 0x00,
    0x23, 0x00, 0x00, 0x00, 0x5F, 0xB0, 0x00, 0x00, 0x03, 0xFD, 0x00, 0x00,
    0x00, 0x1F, 0xE0, 0x00, 0x00, 0x00, 0xFF, 0x00, 0x00, 0x00, 0x2F, 0xD0,
    0x01, 0x22, 0x3B, 0xFA, 0x00, 0x8F, 0xFF, 0xFF, 0x30, 0x08, 0xFF, 0xEB,
    0x40, 0x00, 0x00, 0x00, 0x00, 0x00, 0x00, 0x00, 0x00, 0x00, 0x01, 0xB7,
    0x01, 0xC5, 0x00, 0x8F, 0xF3, 0xAF, 0xF1, 0x01, 0xB7, 0x01, 0xD5, 0x00,
    0x00, 0x00, 0x00, 0x00, 0x00, 0x00, 0x00, 0x00, 0x00, 0x10, 0x00, 0x00,
    0x00, 0x01, 0xEF, 0x00, 0x00, 0x00, 0x00, 0x0F, 0xF0, 0x00, 0x00, 0x00,
    0x01, 0xFF, 0x00, 0x00, 0x00, 0x00, 0x4F, 0xF2, 0x00, 0x02, 0x23, 0x6D,
    0xFF, 0xA3, 0x00, 0xFF, 0xFF, 0xFB, 0xCF, 0xF0, 0x0F, 0xFE, 0xC7, 0x02,
    0xBF, 0x00, 0x00, 0x00, 0x00, 0x00, 0x00, 0x00, 0x00, 0x00, 0x00, 0x00,
    0x04, 0xD3, 0x02, 0xD5, 0x00, 0x01, 0xEF, 0xD1, 0xCF, 0xF2, 0x00, 0x04,
    0xD3, 0x02, 0xD5, 0x00, 0x00, 0x00, 0x00, 0x00, 0x00, 0x00, 0x00, 0x00,
    0x00, 0x00, 0x18, 0x00, 0x00, 0x00, 0x00, 0x2D, 0xF1, 0x00, 0x00, 0x00,
    0x1D, 0xF5, 0x00, 0x00, 0x00, 0x09, 0xF8, 0x00, 0x00, 0x00, 0x02, 0xFD,
    0x00, 0x00, 0x00, 0x00, 0x9F, 0x70, 0x00, 0x00, 0x00, 0x0E, 0xF1, 0x00,
    0x00, 0x00, 0x05, 0xFC, 0x00, 0x00, 0x02, 0xEF, 0xFF, 0xFF, 0xD0, 0x00,
    0x3F, 0x33, 0x33, 0x5F, 0x00, 0x03, 0xF0, 0x00, 0x03, 0xF0, 0x00, 0x3F,
    0x08, 0xD6, 0x3F, 0x00, 0x03, 0xF0, 0x67, 0xD3, 0xF0, 0x00, 0x3F, 0x09,
    0xE7, 0x3F, 0x00, 0x03, 0xF0, 0x00, 0x03, 0xF0, 0x00, 0x3F, 0x22, 0x22,
    0x5F, 0x00, 0x02, 0xFF, 0xFF, 0xFF, 0xE0, 0x00, 0x00, 0x05, 0xFC, 0x00,
    0x00, 0x00, 0x00, 0x1E, 0xF1, 0x00, 0x00, 0x00, 0x00, 0xAF, 0x70, 0x00,
    0x00, 0x00, 0x02, 0xFD, 0x00, 0x00, 0x00, 0x00, 0x09, 0xF8, 0x00, 0x00,
    0x00, 0x00, 0x1D, 0xF4, 0x00, 0x00, 0x00, 0x00, 0x2D, 0xF1, 0x00, 0x00,
    0x00, 0x00, 0x19, 0x00, 0x18, 0x00, 0x00, 0x00, 0x00, 0x4F, 0xB1, 0x00,
    0x00, 0x00, 0x07, 0xFB, 0x00, 0x00, 0x00, 0x00, 0xBF, 0x60, 0x00, 0x00,
    0x00, 0x2F, 0xE1, 0x00, 0x00, 0x00, 0x0A, 0xF7, 0x00, 0x00, 0x00, 0x04,
    0xFC, 0x00, 0x00, 0x00, 0x00, 0xEF, 0x20, 0x00, 0x02, 0xEF, 0xFF, 0xFF,
    0xD0, 0x03, 0xF3, 0x33, 0x35, 0xF0, 0x03, 0xF0, 0x00, 0x03, 0xF0, 0x03,
    0xF0, 0x8D, 0x63, 0xF0, 0x03, 0xF1, 0xC2, 0xD3, 0xF0, 0x03, 0xF0, 0x9D,
    0x73, 0xF0, 0x03, 0xF0, 0x00, 0x03, 0xF0, 0x03, 0xF2, 0x22, 0x25, 0xF0,
    0x02, 0xFF, 0xFF, 0xFF, 0xE0, 0x00, 0x00, 0xEF, 0x20, 0x00, 0x00, 0x04,
    0xFC, 0x00, 0x00, 0x00, 0x0A, 0xF7, 0x00, 0x00, 0x00, 0x2F, 0xE1, 0x00,
    0x00, 0x00, 0xBF, 0x60, 0x00, 0x00, 0x07, 0xFB, 0x00, 0x00, 0x00, 0x4F,
    0xC1, 0x00, 0x00, 0x00, 0x18, 0x00, 0x00, 0x00, 0x00, 0x00, 0x00, 0x00,
    0x00, 0x00, 0x00, 0x00, 0x0F, 0x00, 0x00, 0x00, 0x00, 0x00, 0x00, 0x00,
    0x00, 0x00, 0x00, 0x00, 0x00, 0x00, 0x00, 0x0F, 0x00, 0x00, 0x00, 0x00,
    0x00, 0x00, 0x00, 0x00, 0x00, 0x00, 0x00, 0x00, 0x00, 0x00, 0x0F, 0x00,
    0x00, 0x00, 0x00, 0x00, 0x00, 0x00, 0x00, 0x00, 0x00, 0x00, 0x00, 0x00,
    0x00, 0x0F, 0x00, 0x00, 0x00, 0x00, 0x00, 0x00, 0x00, 0x00, 0x00, 0x00,
    0x00, 0x00, 0x00, 0x00, 0x01, 0x01, 0x80, 0x00, 0x00, 0x00, 0x00, 0x00,
    0x00, 0x00, 0x00, 0x00, 0x00, 0x00, 0x91, 0x0F, 0x11, 0xE0, 0x00, 0x00,
    0x00, 0x00, 0x00, 0x00, 0x00, 0x00, 0x00, 0x00, 0x00, 0xE2, 0x3F, 0x53,
    0xD0, 0x00, 0x00, 0x00, 0xFF, 0x00, 0x00, 0x00, 0x00, 0x00, 0x00, 0x00,
    0x7E, 0xD6, 0xCE, 0x50, 0x0F, 0xF0, 0x00, 0xFF, 0x00, 0x00, 0x00, 0x00,
    0x00, 0x00, 0x00, 0x00, 0x03, 0x30, 0x00, 0x0F, 0xF0, 0x00, 0xFF, 0x00,
    0x00, 0x00, 0x00, 0x00, 0x00, 0x00, 0x00, 0x0F, 0xF0, 0x00, 0x0F, 0xF0,
    0x00, 0xFF, 0x00, 0x00, 0x00, 0x00, 0x07, 0x90, 0x00, 0x00, 0x0F, 0xF0,
    0x00, 0x0F, 0xF0, 0x00, 0xFF, 0x00, 0x00, 0x00, 0x04, 0x9F, 0xF0, 0x00,
    0x00, 0x0F, 0xF0, 0x00, 0x0F, 0xF0, 0x00, 0xFF, 0x00, 0x00, 0x04, 0xCF,
    0xFF, 0xF2, 0x00, 0x00, 0x0F, 0xF0, 0x00, 0x0F, 0xF0, 0x00, 0xFF, 0x00,
    0x00, 0x7F, 0xFD, 0x6A, 0xF4, 0x00, 0x00, 0x0F, 0xF0, 0x00, 0x0F, 0xF0,
    0x00, 0xFF, 0x00, 0x05, 0xFE, 0x60, 0x08, 0xF6, 0x00, 0x00, 0x0F, 0xF0,
    0x00, 0x0F, 0xF0, 0x00, 0xFF, 0x00, 0x0C, 0xF5, 0x00, 0x06, 0xF9, 0x00,
    0x00, 0x0F, 0xF0, 0x00, 0x0F, 0xF0, 0x00, 0xFF, 0x00, 0x0F, 0xF1, 0x00,
    0x08, 0xFB, 0x00, 0x00, 0x0F, 0xF0, 0x00, 0x0F, 0xF0, 0x00, 0xFF, 0x00,
    0x0D, 0xF8, 0x11, 0x7F, 0xFD, 0x00, 0x00, 0x0F, 0xF0, 0x00, 0x1F, 0xF0,
    0x00, 0xFF, 0x00, 0x07, 0xFF, 0xFF, 0xFF, 0xFF, 0x20, 0x00, 0x2F, 0xF2,
    0x00, 0x3F, 0xD0, 0x00, 0xFF, 0x00, 0x00, 0x6D, 0xFF, 0xC3, 0xAF, 0xC4,
    0x23, 0xAF, 0xF9, 0x23, 0xBF, 0xA0, 0x00, 0xFF, 0x00, 0x00, 0x00, 0x11,
    0x00, 0x3E, 0xFF, 0xFF, 0xFA, 0xFF, 0xFF, 0xFF, 0x30, 0x00, 0xFF, 0x00,
    0x00, 0x00, 0x00, 0x00, 0x03, 0xBE, 0xFE, 0x90, 0x5D, 0xFE, 0xC5, 0x00,
    0x00, 0xFF, 0x00, 0x00, 0x00, 0x00, 0x00, 0x00, 0x0F, 0xF0, 0x00, 0x0F,
    0xF0, 0x00, 0x00, 0x00, 0x00, 0x00, 0x00, 0x00, 0x00, 0x00, 0x00, 0x00,
    0x00, 0x00, 0xFF, 0x00, 0x00, 0xFF, 0x00, 0x00, 0x00, 0x00, 0x00, 0x00,
    0x00, 0x00, 0x00, 0x00, 0x00, 0x00, 0x00, 0x0F, 0xF0, 0x00, 0x0F, 0xF0,
    0x00, 0x00, 0x00, 0x00, 0x00, 0x00, 0x00, 0x00, 0x00, 0x00, 0x00, 0x00,
    0x00, 0xFF, 0x00, 0x00, 0xFF, 0x00, 0x00, 0x00, 0x00, 0x00, 0x00, 0x00,
    0x00, 0x00, 0x00, 0x00, 0x00, 0x00, 0x0F, 0xF0, 0x00, 0x0F, 0xF0, 0x00,
    0x00, 0x00, 0x00, 0x00, 0x00, 0x00, 0x00, 0x00, 0x00, 0x00, 0x00, 0x00,
    0xFF, 0x00, 0x00, 0xFF, 0x00, 0x00, 0x00, 0x00, 0x00, 0x00, 0x00, 0x00,
    0x00, 0x00, 0x00, 0x00, 0x00, 0x0F, 0xF0, 0x00, 0x0F, 0xF0, 0x00, 0x00,
    0x00, 0x00, 0x00, 0x00, 0x00, 0x00, 0x00, 0x00, 0x00, 0x00, 0x00, 0xFF,
    0x00, 0x00, 0xFF, 0x00, 0x00, 0x00, 0x12, 0x00, 0x00, 0x00, 0x00, 0x00,
    0x00, 0x00, 0x00, 0x00, 0x0F, 0xF0, 0x00, 0x0F, 0xF0, 0x00, 0x00, 0x4F,
    0xB0, 0x00, 0x00, 0x00, 0x00, 0x00, 0x00, 0x00, 0x00, 0x00, 0xFF, 0x00,
    0x00, 0xFF, 0x00, 0x00, 0x03, 0xFD, 0x00, 0x00, 0x00, 0x00, 0x01, 0x30,
    0x00, 0x00, 0x00, 0x0F, 0xF0, 0x00, 0x0F, 0xF0, 0x00, 0x00, 0x1F, 0xE0,
    0x00, 0x01, 0x62, 0x00, 0x5F, 0x90, 0x00, 0x00, 0x00, 0xFF, 0x00, 0x00,
    0xFF, 0x00, 0x00, 0x00, 0xFF, 0x00, 0x00, 0xBF, 0x70, 0x09, 0xF7, 0x00,
    0x00, 0x00, 0x0F, 0xF0, 0x00, 0x0D, 0xF3, 0x00, 0x00, 0x2F, 0xD0, 0x00,
    0x07, 0xFB, 0x00, 0xCF, 0x40, 0x00, 0x00, 0x00, 0xFF, 0x00, 0x00, 0x9F,
    0xC4, 0x32, 0x3B, 0xFA, 0x00, 0x00, 0x3F, 0xD0, 0x0D, 0xF2, 0x00, 0x00,
    0x00, 0x0F, 0xF0, 0x00, 0x02, 0xEF, 0xFF, 0xFF, 0xFF, 0x30, 0x00, 0x01,
    0xFE, 0x00, 0xFF, 0x00, 0x00, 0x00, 0x00, 0xFE, 0x00, 0x00, 0x02, 0xAE,
    0xFF, 0xEB, 0x40, 0x00, 0x00, 0x0F, 0xE0, 0x0E, 0xF1, 0x00, 0x00, 0x00,
    0x2F, 0xD0, 0x00, 0x00, 0x00, 0x00, 0x00, 0x00, 0x00, 0x00, 0x01, 0xFD,
    0x00, 0xCF, 0x40, 0x00, 0x00, 0x05, 0xFB, 0x00, 0x00, 0x00, 0x00, 0x00,
    0x00, 0x00, 0x00, 0x00, 0x5F, 0xA0, 0x08, 0xFB, 0x00, 0x00, 0x01, 0xCF,
    0x70, 0x00, 0x00, 0x01, 0xB6, 0x02, 0xC1, 0x00, 0x00, 0x0C, 0xF5, 0x00,
    0x2E, 0xFB, 0x42, 0x25, 0xCF, 0xE1, 0x00, 0x00, 0x00, 0xAF, 0xF3, 0xCF,
    0xA0, 0x00, 0x08, 0xFD, 0x00, 0x00, 0x5E, 0xFF, 0xFF, 0xFF, 0xE4, 0x00,
    0x00, 0x00, 0x03, 0xE5, 0x04, 0xD2, 0x00, 0x3B, 0xFE, 0x40, 0x00, 0x00,
    0x29, 0xDE, 0xED, 0x92, 0x00, 0x00, 0x00, 0x00, 0x01, 0x00, 0x01, 0x02,
    0xDF, 0xFE, 0x40, 0x00, 0x00, 0x00, 0x00, 0x00, 0x00, 0x00, 0x00, 0x00,
    0x00, 0x00, 0x00, 0x00, 0x00, 0x0D, 0xD8, 0x10, 0x00, 0x00, 0x00, 0x00,
    0x00, 0x00, 0x00, 0x00, 0x00, 0x00, 0x00, 0x00, 0x00, 0x00, 0x00, 0x10,
    0x00, 0x00, 0x00, 0x00, 0x00, 0x00, 0x00, 0x00, 0x17, 0xD0, 0x03, 0xAE,
    0xA4, 0x00, 0xD7, 0x11, 0x70, 0x00, 0x3A, 0xEA, 0x00, 0xCD, 0x71, 0x00,
    0x04, 0x00, 0x00, 0x00, 0x00, 0x00, 0x00, 0x00, 0x00, 0x00, 0x00, 0x00,
    0x00, 0x00, 0x00, 0x00, 0x00, 0x00, 0x00, 0x00, 0x00, 0x00, 0x00, 0x00,
    0x00, 0x00, 0x00, 0x00, 0x00, 0x00, 0x00, 0x00, 0x00, 0x00, 0x00, 0x00,
    0x00, 0x00, 0x00, 0x00, 0x00, 0x00, 0x00, 0x00, 0x00, 0x00, 0x00, 0x01,
    0x6C, 0x00, 0x03, 0x9E, 0xA4, 0x00, 0x0E, 0x82, 0x16, 0x00, 0x00, 0x39,
    0xEA, 0x00, 0x0C, 0xD8, 0x20, 0x00, 0x05, 0x00, 0x00, 0x00, 0x00, 0x00,
    0x00, 0x00, 0x00, 0x00, 0x00, 0x00, 0x00, 0x00, 0x00, 0x00, 0x00, 0x00,
    0x00, 0x00, 0x00, 0x00, 0x00, 0x00, 0x00, 0x00, 0x00, 0x00, 0x00, 0x00,
    0x00, 0x00, 0x00, 0x00, 0x00, 0x00, 0x22, 0x22, 0x22, 0x22, 0xFF, 0xFF,
    0xFF, 0xFF, 0xFF, 0xFF, 0xFF, 0xFF, 0x00, 0x05, 0xEE, 0x50, 0x00, 0x00,
    0xE4, 0x3E, 0x00, 0x6E, 0xAD, 0x41, 0xE0, 0x01, 0x2F, 0x3B, 0xDE, 0x20,
    0x02, 0xE3, 0x8D, 0x30, 0x00, 0x3E, 0xC8, 0x10, 0x00, 0x00, 0x00, 0x00,
    0x00, 0x00, 0x00, 0x00, 0x00, 0x00, 0x00, 0x00, 0x00, 0x00, 0x00, 0x00,
    0x00, 0x00, 0x00, 0x00, 0x00, 0x00, 0x00, 0x00, 0x00, 0x00, 0x00, 0x00,
    0x00, 0x00, 0x00, 0x00, 0x00, 0x00, 0x00, 0x00, 0x00, 0x00, 0x00, 0x00,
    0x00, 0x00, 0x07, 0x80, 0x00, 0x00, 0x0E, 0xF1, 0x00, 0x00, 0x0C, 0xF8,
    0x00, 0x00, 0x06, 0xFF, 0xA5, 0x32, 0x00, 0x9F, 0xFF, 0xFF, 0x00, 0x05,
    0xAD, 0xFF, 0x00, 0x00, 0x00, 0x00, 0x00, 0x00, 0x30, 0x00, 0x16, 0xCD,
    0x00, 0x9E, 0xB5, 0x00, 0x08, 0x21, 0x6C, 0x00, 0x39, 0xEB, 0x50, 0x0E,
    0x82, 0x00, 0x00, 0x00, 0x00, 0x00, 0x00, 0x00, 0x4A, 0x00, 0x17, 0xDD,
    0x70, 0x0E, 0xA4, 0x00, 0x00, 0x10, 0x00, 0x00, 0x00, 0x00, 0x00, 0x00,
    0x00, 0x00, 0x00, 0x00, 0x00, 0x00, 0x00, 0x00, 0x00, 0x00, 0x00, 0x00,
    0x00, 0x00, 0x00, 0x00, 0x00, 0x00, 0x00, 0x00, 0x00, 0x00, 0x00, 0x00,
    0x00, 0x00, 0x00, 0x00, 0x00, 0x00, 0x00, 0x00, 0x00, 0x00, 0x00, 0x00,
    0x00, 0x16, 0x70, 0x00, 0x4A, 0xEB, 0x40, 0x09, 0xD7, 0x10, 0x00, 0x02,
    0x00, 0x00, 0x00, 0x00, 0x00, 0x00, 0x00, 0x00, 0x00, 0x00, 0x00, 0x00,
    0x00, 0x00, 0x00, 0x00, 0x00, 0x00, 0x00, 0x00, 0x00, 0x00, 0x00, 0x00,
    0x00, 0x00, 0x00, 0x00, 0x00, 0x00, 0x00, 0x00, 0x00, 0x00, 0x00, 0x22,
    0x22, 0x22, 0x22, 0xFF, 0xFF, 0xFF, 0xFF, 0xFF, 0xFF, 0xFF, 0xFF, 0x00,
    0x5E, 0xE5, 0x00, 0x0E, 0x43, 0xE0, 0x00, 0xD4, 0x1E, 0x00, 0x04, 0xDE,
    0xD1, 0x00, 0x27, 0xD4, 0x12, 0xDD, 0x81, 0x00, 0x00, 0x00, 0x00, 0x00,
    0x00, 0x00, 0x00, 0x00, 0x00, 0x00, 0x00, 0x00, 0x00, 0x00, 0x00, 0x00,
    0x00, 0x00, 0x00, 0x00, 0x00, 0x00, 0x00, 0x00, 0x00, 0x00, 0x00, 0x00,
    0x00, 0x00, 0x00, 0x00, 0x00, 0x00, 0x00, 0x00, 0x5D, 0xE5, 0x00, 0x00,
    0xE4, 0x3E, 0x00, 0x00, 0xD4, 0x1E, 0x00, 0x00, 0x4D, 0xED, 0x20, 0x00,
    0x27, 0xC4, 0x10, 0x0D, 0xC8, 0x10, 0x00, 0x00, 0x00, 0x00, 0x00, 0x00,
    0x00, 0x00, 0x00, 0x00, 0x00, 0x00, 0x00, 0x00, 0x00, 0x00, 0x00, 0x00,
    0x00, 0x00, 0x00, 0x00, 0x00, 0x00, 0x00, 0x00, 0x00, 0x00, 0x00, 0x22,
    0x22, 0x22, 0x22, 0xFF, 0xFF, 0xFF, 0xFF, 0xFF, 0xFF, 0xFF, 0xFF, 0x00,
    0x00, 0x00, 0x00, 0x00, 0x00, 0x40, 0x00, 0x16, 0xDD, 0x00, 0x9E, 0xA4,
    0x00, 0x08, 0x20, 0x00, 0x00, 0x22, 0x22, 0x22, 0x22, 0xFF, 0xFF, 0xFF,
    0xFF, 0xFF, 0xFF, 0xFF, 0xFF, 0x00, 0x00, 0x00, 0x00, 0x00, 0x00, 0x00,
    0x00, 0x00, 0x00, 0x4A, 0x90, 0x02, 0x8D, 0xC7, 0x10, 0x09, 0x93, 0x00,
    0x00, 0x00, 0x00, 0x00, 0x00, 0x00, 0x00, 0x11, 0x90, 0x81, 0x68, 0x1E,
    0x0F, 0x06, 0xB2, 0xE0, 0xD3, 0x9F, 0xE6, 0x06, 0xEB, 0x00, 0x00, 0x00,
    0x00, 0x00, 0x00, 0x00, 0x00, 0x00, 0x00, 0x00, 0x00, 0x00, 0x00, 0x00,
    0x00, 0x00, 0x00, 0x00, 0x00, 0x00, 0x00, 0x00, 0x00, 0x00, 0x00, 0x00,
    0x00, 0x00, 0x00, 0x00, 0x00, 0x00, 0x00, 0x00, 0x00, 0x00, 0x00, 0x00,
    0x11, 0x90, 0x08, 0x16, 0x81, 0xE0, 0x0E, 0x28, 0xC2, 0xE0, 0x08, 0xEB,
    0x8E, 0x60, 0x00, 0x00, 0x00, 0x00, 0x00, 0x00, 0x00, 0x00, 0x00, 0x00,
    0x00, 0x00, 0x00, 0x00, 0x00, 0x00, 0x00, 0x00, 0x00, 0x00, 0x00, 0x00,
    0x00, 0x00, 0x00, 0x00, 0x00, 0x00, 0x22, 0x22, 0x22, 0x22, 0xFF, 0xFF,
    0xFF, 0xFF, 0xFF, 0xFF, 0xFF, 0xFF, 0x04, 0xDD, 0x40, 0x00, 0xD3, 0x4D,
    0x00, 0x0D, 0x33, 0xD0, 0x00, 0x4D, 0xD4, 0x00, 0x00, 0x00, 0x00, 0x00,
    0x00, 0x00, 0x00, 0x00, 0x00, 0x00, 0x00, 0x00, 0x00, 0x00, 0x00, 0x00,
    0x00, 0x00, 0x00, 0x00, 0x00, 0x00, 0x00, 0x00, 0x00, 0x00, 0x00, 0x00,
    0x00, 0x00, 0x00, 0x00, 0x00, 0x00, 0x00, 0x00, 0x4D, 0xD4, 0x00, 0x00,
    0xD3, 0x4D, 0x00, 0x00, 0xD3, 0x3D, 0x00, 0x00, 0x4D, 0xD4, 0x00, 0x00,
    0x00, 0x00, 0x00, 0x00, 0x00, 0x00, 0x00, 0x00, 0x00, 0x00, 0x00, 0x00,
    0x00, 0x00, 0x00, 0x00, 0x00, 0x00, 0x00, 0x00, 0x00, 0x00, 0x00, 0x00,
    0x00, 0x00, 0x00, 0x22, 0x22, 0x22, 0x22, 0xFF, 0xFF, 0xFF, 0xFF, 0xFF,
    0xFF, 0xFF, 0xFF, 0x00, 0x00, 0x01, 0x00, 0x00, 0x00, 0x04, 0xDF, 0xFC,
    0x40, 0x00, 0x4F, 0xFF, 0xFF, 0x80, 0x00, 0xCF, 0xA1, 0x15, 0x20, 0x00,
    0xFF, 0x10, 0x00, 0x00, 0x00, 0xDF, 0x40, 0x00, 0x00, 0x00, 0x6F, 0xE5,
    0x6B, 0xE0, 0x00, 0x0B, 0xFF, 0xFF, 0xF0, 0x04, 0xCF, 0xFE, 0x95, 0x10,
    0x08, 0xFC, 0x50, 0x00, 0x00, 0x04, 0x40, 0x00, 0x00, 0x00, 0x00, 0x00,
    0x00, 0x00, 0x00, 0x01, 0xBE, 0x60, 0x02, 0xA0, 0x1D, 0xD4, 0xCA, 0x2C,
    0xF2, 0x7E, 0x20, 0x09, 0xFD, 0x40, 0x03, 0x00, 0x00, 0x20, 0x00, 0x00,
    0x00, 0xFF, 0x00, 0x00, 0x00, 0x00, 0xFF, 0x00, 0x00, 0x00, 0x00, 0xFF,
    0x00, 0x00, 0x00, 0x00, 0xFF, 0x00, 0x00, 0x00, 0x00, 0xFF, 0x00, 0x00,
    0x00, 0x00, 0xFF, 0x00, 0x00, 0x00, 0x00, 0xFF, 0x00, 0x00, 0x00, 0x00,
    0xFF, 0x00, 0x00, 0x00, 0x00, 0xFF, 0x00, 0x00, 0x00, 0x00, 0xFF, 0x00,
    0x00, 0x00, 0x00, 0xFF, 0x00, 0x00, 0x00, 0x00, 0xFF, 0x00, 0x00, 0x00,
    0x00, 0xFF, 0x00, 0x00, 0x00, 0x00, 0xFF, 0x00, 0x00, 0x00, 0x00, 0xFF,
    0x00, 0x00, 0x00, 0x00, 0x00, 0x00, 0x00, 0x08, 0xE9, 0x32, 0xD3, 0x0B,
    0xD4, 0x7E, 0xF8, 0x00, 0x51, 0x00, 0x01, 0x00, 0x00, 0x05, 0x50, 0x00,
    0x00, 0x00, 0xFF, 0x00, 0x00, 0x00, 0x0F, 0xF0, 0x00, 0x00, 0x00, 0xFF,
    0x00, 0x00, 0x00, 0x0F, 0xF0, 0x00, 0x00, 0x00, 0xFF, 0x00, 0x00, 0x00,
    0x0F, 0xF0, 0x00, 0x00, 0x00, 0xFF, 0x00, 0x00, 0x00, 0x0F, 0xF0, 0x00,
    0x00, 0x00, 0xFF, 0x00, 0x00, 0x00, 0x0F, 0xF0, 0x00, 0x00, 0x00, 0xDF,
    0x20, 0x00, 0x00, 0x0A, 0xFB, 0x31, 0x00, 0x00, 0x3F, 0xFF, 0x80, 0x00,
    0x00, 0x3B, 0xE7, 0x00, 0x03, 0xCE, 0x80, 0x0D, 0x83, 0x30, 0x0E, 0x20,
    0x21, 0x07, 0xED, 0xE2, 0x3E, 0xB5, 0x00, 0x12, 0x00, 0x00, 0x00, 0xFF,
    0x00, 0x00, 0xFF, 0x00, 0x00, 0xFF, 0x00, 0x00, 0xFF, 0x00, 0x00, 0xFF,
    0x00, 0x00, 0xFF, 0x00, 0x00, 0xFF, 0x00, 0x00, 0xFF, 0x00, 0x00, 0xFF,
    0x00, 0x00, 0xFF, 0x00, 0x00, 0xFF, 0x00, 0x00, 0xFF, 0x00, 0x00, 0xFF,
    0x00, 0x00, 0xFF, 0x00, 0x00, 0xFF, 0x00, 0x03, 0xCE, 0x80, 0x00, 0xC8,
    0x34, 0x00, 0x0E, 0x10, 0x11, 0x00, 0x8D, 0xBF, 0x40, 0x2C, 0xEA, 0x40,
    0x02, 0x61, 0x00, 0x00, 0x00, 0x99, 0x00, 0x00, 0x0F, 0xF0, 0x00, 0x00,
    0xFF, 0x00, 0x00, 0x0F, 0xF0, 0x00, 0x00, 0xFF, 0x00, 0x00, 0x0F, 0xF0,
    0x00, 0x00, 0xFF, 0x00, 0x00, 0x0F, 0xF0, 0x00, 0x00, 0xFF, 0x00, 0x00,
    0x0F, 0xF0, 0x00, 0x00, 0xFF, 0x00, 0x00, 0x0D, 0xF3, 0x00, 0x00, 0x9F,
    0xC4, 0x20, 0x02, 0xEF, 0xFF, 0x00, 0x02, 0xAD, 0xF0, 0x00, 0x03, 0xDE,
    0x40, 0x00, 0x00, 0x00, 0xC7, 0x32, 0x00, 0x00, 0x00, 0x0E, 0x10, 0x10,
    0x00, 0x00, 0x00, 0x8D, 0xCD, 0x00, 0x00, 0x00, 0x2C, 0xE8, 0x20, 0x00,
    0x00, 0x02, 0x61, 0x00, 0x00, 0x00, 0x00, 0x00, 0x00, 0x00, 0x00, 0x00,
    0x01, 0xAE, 0xD7, 0x00, 0x00, 0x00, 0xCF, 0xFF, 0xF8, 0x00, 0x00, 0x5F,
    0xC3, 0x5E, 0xF2, 0x00, 0x0B, 0xF5, 0x00, 0x7F, 0x80, 0x00, 0xEF, 0x10,
    0x03, 0xFC, 0x00, 0x0F, 0xF1, 0x00, 0x1F, 0xE0, 0x00, 0xDF, 0x93, 0x25,
    0xFF, 0x00, 0x06, 0xFF, 0xFF, 0xFF, 0xE0, 0x00, 0x06, 0xCF, 0xEC, 0xFD,
    0x00, 0x00, 0x00, 0x00, 0x3F, 0xA0, 0x00, 0x00, 0x00, 0x0B, 0xF4, 0x00,
    0x00, 0x00, 0x09, 0xFC, 0x00, 0x00, 0x00, 0x5C, 0xFE, 0x20, 0x00, 0x08,
    0xEF, 0xFC, 0x20, 0x00, 0x00, 0x7F, 0xC6, 0x00, 0x00, 0x00, 0x01, 0x10,
    0x00, 0x00, 0x00, 0x00, 0x00, 0x03, 0xDE, 0x40, 0x00, 0x00, 0x00, 0xC7,
    0x32, 0x00, 0x00, 0x00, 0x0E, 0x10, 0x10, 0x00, 0x00, 0x00, 0x8D, 0xCD,
    0x00, 0x00, 0x00, 0x2C, 0xE8, 0x20, 0x00, 0x00, 0x02, 0x61, 0x00, 0x00,
    0x00, 0x00, 0x00, 0x00, 0x00, 0x00, 0x00, 0x01, 0xAE, 0xD7, 0x00, 0x00,
    0x00, 0xCF, 0xFF, 0xF8, 0x00, 0x00, 0x6F, 0xD3, 0x5E, 0xF3, 0x00, 0x0B,
    0xF5, 0x00, 0x7F, 0x80, 0x00, 0xEF, 0x10, 0x03, 0xFC, 0x00, 0x0F, 0xF1,
    0x00, 0x1F, 0xE0, 0x00, 0xDF, 0x93, 0x22, 0xFF, 0x22, 0x06, 0xFF, 0xFF,
    0xFF, 0xFF, 0xF0, 0x05, 0xCE, 0xFF, 0xFF, 0xFF, 0x00, 0x00, 0x00, 0x3F,
    0xA0, 0x00, 0x00, 0x00, 0x0A, 0xF5, 0x00, 0x00, 0x00, 0x08, 0xFD, 0x00,
    0x00, 0x00, 0x4C, 0xFE, 0x30, 0x00, 0x08, 0xEF, 0xFD, 0x30, 0x00, 0x00,
    0x7F, 0xC6, 0x00, 0x00, 0x00, 0x01, 0x10, 0x00, 0x00, 0x00, 0x00, 0x00,
    0xFF, 0x00, 0x00, 0xFF, 0x00, 0x00, 0xFF, 0x00, 0x00, 0xFF, 0x00, 0x00,
    0xFF, 0x00, 0x00, 0xFF, 0x00, 0x00, 0xFF, 0x00, 0x00, 0xFF, 0x00, 0x00,
    0xFF, 0x00, 0x00, 0xFF, 0x00, 0x00, 0xFF, 0x00, 0x00, 0xFF, 0x00, 0x00,
    0xFF, 0x00, 0x00, 0xFF, 0x00, 0x00, 0xFF, 0x00, 0x00, 0xFF, 0x00, 0x00,
    0x00, 0x00, 0x03, 0xCE, 0x70, 0x0C, 0x83, 0x30, 0x0E, 0x10, 0x10, 0x08,
    0xDB, 0xF2, 0x2C, 0xE9, 0x20, 0x26, 0x10, 0x00, 0x0F, 0xF0, 0x00, 0x0F,
    0xF0, 0x00, 0x0F, 0xF0, 0x00, 0x0F, 0xF0, 0x00, 0x0F, 0xF0, 0x00, 0x0F,
    0xF0, 0x00, 0x0F, 0xF0, 0x00, 0x0F, 0xF0, 0x00, 0x0F, 0xF0, 0x00, 0x0F,
    0xF0, 0x00, 0x0F, 0xF0, 0x00, 0x0F, 0xF0, 0x00, 0x0D, 0xF3, 0x00, 0x09,
    0xFC, 0x42, 0x02, 0xEF, 0xFF, 0x00, 0x2A, 0xDF, 0x00, 0x00, 0x00, 0x03,
    0xDF, 0x60, 0x0D, 0x84, 0x30, 0x0E, 0x10, 0x10, 0x08, 0xCA, 0xF2, 0x2B,
    0xE9, 0x30, 0x27, 0x10, 0x00, 0x00, 0x00, 0x3C, 0xE7, 0x00, 0x00, 0x00,
    0x00, 0x00, 0x00, 0x0D, 0x73, 0x30, 0x00, 0x00, 0x00, 0x00, 0x00, 0x00,
    0xE2, 0x04, 0x10, 0x00, 0x00, 0x00, 0x00, 0x00, 0x07, 0xEE, 0xD2, 0x00,
    0x00, 0x00, 0x00, 0x00, 0x07, 0xE9, 0x30, 0x00, 0x3A, 0xEE, 0xC6, 0x00,
    0x00, 0x11, 0x00, 0x00, 0x5F, 0xFF, 0xFF, 0x90, 0x00, 0x00, 0x00, 0x00,
    0x2F, 0xF9, 0x32, 0x53, 0x00, 0x3B, 0x61, 0x00, 0x09, 0xFA, 0x00, 0x00,
    0x00, 0x07, 0xFE, 0x00, 0x00, 0xDF, 0x30, 0x00, 0x00, 0x00, 0xBF, 0x80,
    0x00, 0x0F, 0xF1, 0x00, 0x00, 0x00, 0x0D, 0xF4, 0x00, 0x00, 0xEF, 0x42,
    0x21, 0x00, 0x00, 0xEF, 0x10, 0x00, 0x0A, 0xFF, 0xFF, 0xFD, 0x30, 0x0F,
    0xF0, 0x00, 0x00, 0x1B, 0xEF, 0xFF, 0xFB, 0x00, 0xDF, 0x20, 0x00, 0x00,
    0x00, 0x00, 0x4F, 0xE0, 0x0A, 0xF7, 0x00, 0x00, 0x00, 0x00, 0x02, 0xFE,
    0x00, 0x5F, 0xE3, 0x00, 0x00, 0x00, 0x02, 0xCF, 0x90, 0x00, 0xBF, 0xE8,
    0x42, 0x23, 0x6A, 0xFF, 0xD1, 0x00, 0x01, 0xBF, 0xFF, 0xFF, 0xFF, 0xFF,
    0xB1, 0x00, 0x00, 0x00, 0x5A, 0xDF, 0xFD, 0xC8, 0x30, 0x00, 0x00, 0x00,
    0x00, 0x3C, 0xE8, 0x00, 0x00, 0x00, 0x00, 0x00, 0x00, 0xC8, 0x33, 0x00,
    0x00, 0x00, 0x00, 0x00, 0x00, 0xE1, 0x01, 0x10, 0x00, 0x00, 0x00, 0x00,
    0x00, 0x7D, 0xBF, 0x30, 0x00, 0x00, 0x00, 0x00, 0x05, 0xDD, 0x82, 0x00,
    0x00, 0x00, 0x00, 0x00, 0x03, 0x40, 0x00, 0x00, 0x00, 0x00, 0x00, 0x00,
    0x00, 0x00, 0x00, 0x00, 0x00, 0x00, 0x00, 0x06, 0xA4, 0x00, 0x00, 0x00,
    0x00, 0x00, 0x00, 0x0A, 0xF9, 0x00, 0x00, 0x00, 0x00, 0x00, 0x00, 0x0D,
    0xF4, 0x00, 0x00, 0x01, 0x22, 0x22, 0x22, 0x0E, 0xF1, 0x00, 0x00, 0x08,
    0xFF, 0xFF, 0xFF, 0x0F, 0xF0, 0x00, 0x00, 0x04, 0xFF, 0xFF, 0xFF, 0x0D,
    0xF2, 0x00, 0x00, 0x00, 0x00, 0x17, 0xFC, 0x0A, 0xF7, 0x00, 0x00, 0x00,
    0x00, 0x01, 0xFE, 0x05, 0xFE, 0x30, 0x00, 0x00, 0x00, 0x2B, 0xFB, 0x00,
    0xBF, 0xE9, 0x42, 0x23, 0x59, 0xEF, 0xE2, 0x00, 0x1B, 0xFF, 0xFF, 0xFF,
    0xFF, 0xFC, 0x20, 0x00, 0x00, 0x5A, 0xDF, 0xFE, 0xC9, 0x40, 0x00, 0x00,
    0x2B, 0xED, 0x20, 0x0C, 0x93, 0x41, 0x00, 0xE1, 0x00, 0x20, 0x08, 0xDB,
    0xEA, 0x03, 0xCF, 0xA5, 0x00, 0x26, 0x10, 0x00, 0x00, 0x00, 0x02, 0x30,
    0x00, 0x07, 0xFB, 0x00, 0x00, 0x4F, 0xD0, 0x00, 0x02, 0xFE, 0x00, 0x00,
    0x0F, 0xF0, 0x00, 0x03, 0xFD, 0x22, 0x23, 0xCF, 0x9F, 0xFF, 0xFF, 0xE2,
    0xFF, 0xFE, 0xA2, 0x00, 0x00, 0x3C, 0xE6, 0x00, 0x00, 0x0C, 0x83, 0x30,
    0x00, 0x00, 0xE1, 0x01, 0x00, 0x00, 0x09, 0xCA, 0xF1, 0x00, 0x02, 0xBF,
    0xA4, 0x00, 0x00, 0x28, 0x20, 0x00, 0x00, 0x00, 0x00, 0x23, 0x00, 0x00,
    0x00, 0x0F, 0xF0, 0x00, 0x00, 0x00, 0xFF, 0x00, 0x00, 0x00, 0x1F, 0xF0,
    0x00, 0x00, 0x04, 0xFF, 0x30, 0x02, 0x24, 0xDF, 0xFD, 0x52, 0xFF, 0xFF,
    0xCB, 0xFF, 0xFF, 0xFD, 0x81, 0x18, 0xDF, 0x00, 0xFF, 0x00, 0x00, 0xFF,
    0x00, 0x00, 0xFF, 0x00, 0x00, 0xFF, 0x00, 0x00, 0xFF, 0x00, 0x00, 0xFF,
    0x00, 0x00, 0xFF, 0x00, 0x00, 0xFF, 0x00, 0x00, 0xFF, 0x00, 0x00, 0xFF,
    0x00, 0x00, 0xFF, 0x00, 0x00, 0xFF, 0x00, 0x00, 0xFF, 0x00, 0x00, 0xFF,
    0x00, 0x00, 0xFF, 0x00, 0x00, 0xFF, 0x00, 0x00, 0xFF, 0x00, 0x00, 0x0F,
    0xF0, 0x00, 0x00, 0xFF, 0x00, 0x00, 0x0F, 0xF0, 0x00, 0x00, 0xFF, 0x00,
    0x00, 0x0F, 0xF0, 0x00, 0x00, 0xFF, 0x00, 0x00, 0x0F, 0xF0, 0x00, 0x00,
    0xFF, 0x00, 0x00, 0x0F, 0xF0, 0x00, 0x00, 0xFF, 0x00, 0x00, 0x0F, 0xF0,
    0x00, 0x00, 0xDF, 0x20, 0x00, 0x0A, 0xFB, 0x31, 0x00, 0x3F, 0xFF, 0x80,
    0x00, 0x3B, 0xE7, 0x02, 0x10, 0x00, 0x00, 0x00, 0x00, 0x00, 0x00, 0x00,
    0x12, 0x00, 0x9E, 0x40, 0x00, 0x00, 0x00, 0x00, 0x00, 0x00, 0x5F, 0xB0,
    0x0D, 0xF2, 0x00, 0x00, 0x00, 0x00, 0x00, 0x00, 0x03, 0xFD, 0x00, 0xFF,
    0x00, 0x00, 0x00, 0x00, 0x00, 0x00, 0x00, 0x1F, 0xE0, 0x0E, 0xF3, 0x00,
    0x00, 0x00, 0x00, 0x00, 0x00, 0x00, 0xFF, 0x00, 0xAF, 0xB1, 0x00, 0x00,
    0x00, 0x00, 0x00, 0x00, 0x4F, 0xD0, 0x03, 0xFF, 0xD8, 0x53, 0x22, 0x22,
    0x22, 0x23, 0x7E, 0xF8, 0x00, 0x04, 0xDF, 0xFF, 0xFF, 0xFF, 0xFF, 0xFF,
    0xFF, 0xFB, 0x10, 0x00, 0x00, 0x48, 0xBD, 0xEF, 0xFF, 0xFE, 0xED, 0xA5,
    0x00, 0x00, 0x00, 0x00, 0x00, 0x00, 0x00, 0x00, 0x00, 0x00, 0x00, 0x00,
    0x00, 0x00, 0x00, 0x00, 0x00, 0x10, 0x00, 0x00, 0x00, 0x00, 0x00, 0x00,
    0x00, 0x00, 0x00, 0x1C, 0x90, 0x00, 0x00, 0x00, 0x00, 0x00, 0x00, 0x00,
    0x00, 0x09, 0xFF, 0x60, 0x00, 0x00, 0x00, 0x00, 0x00, 0x00, 0x00, 0x00,
    0x1C, 0x90, 0x00, 0x00, 0x00, 0x00, 0x00, 0x00, 0x00, 0x00, 0x00, 0x00,
    0x00, 0x00, 0x00, 0x00, 0x00, 0x02, 0x10, 0x00, 0x00, 0x00, 0x00, 0x00,
    0x00, 0x00, 0x00, 0x00, 0x00, 0xAF, 0x40, 0x00, 0x00, 0x00, 0x00, 0x00,
    0x00, 0x00, 0x10, 0x00, 0x0D, 0xF2, 0x00, 0x00, 0x00, 0x00, 0x00, 0x00,
    0x00, 0xEC, 0x00, 0x00, 0xFF, 0x00, 0x00, 0x00, 0x00, 0x00, 0x00, 0x00,
    0x0F, 0xE0, 0x00, 0x0E, 0xF3, 0x00, 0x00, 0x00, 0x00, 0x00, 0x00, 0x01,
    0xFF, 0x00, 0x00, 0xAF, 0xB1, 0x00, 0x00, 0x00, 0x00, 0x00, 0x00, 0x7F,
    0xF2, 0x00, 0x03, 0xFF, 0xD8, 0x53, 0x22, 0x22, 0x22, 0x47, 0xBF, 0xFF,
    0xC3, 0x10, 0x04, 0xDF, 0xFF, 0xFF, 0xFF, 0xFF, 0xFF, 0xFF, 0xE3, 0xCF,
    0xF8, 0x00, 0x00, 0x48, 0xBD, 0xEF, 0xFF, 0xFE, 0xDB, 0x61, 0x01, 0xAE,
    0x70, 0x00, 0x00, 0x00, 0x00, 0x00, 0x00, 0x00, 0x00, 0x00, 0x00, 0x00,
    0x00, 0x00, 0x00, 0x00, 0x00, 0x10, 0x00, 0x00, 0x00, 0x00, 0x00, 0x00,
    0x00, 0x00, 0x00, 0x00, 0x1C, 0x90, 0x00, 0x00, 0x00, 0x00, 0x00, 0x00,
    0x00, 0x00, 0x00, 0x09, 0xFF, 0x50, 0x00, 0x00, 0x00, 0x00, 0x00, 0x00,
    0x00, 0x00, 0x00, 0x1C, 0x90, 0x00, 0x00, 0x00, 0x00, 0x00, 0x00, 0x00,
    0x00, 0x00, 0x00, 0x00, 0x00, 0x00, 0x00, 0x00, 0x00, 0x00, 0x00, 0x00,
    0x23, 0x00, 0x00, 0x5F, 0xB0, 0x00, 0x03, 0xFD, 0x00, 0x00, 0x1F, 0xE0,
    0x00, 0x00, 0xFF, 0x00, 0x00, 0x2F, 0xD0, 0x22, 0x3B, 0xF9, 0x0F, 0xFF,
    0xFF, 0x30, 0xFF, 0xEC, 0x40, 0x00, 0x00, 0x00, 0x00, 0x00, 0x10, 0x00,
    0x00, 0x5D, 0x20, 0x00, 0x1F, 0xFB, 0x00, 0x00, 0x5D, 0x20, 0x00, 0x00,
    0x00, 0x00, 0x00, 0x00, 0x00, 0x01, 0x00, 0x00, 0x00, 0x0E, 0xF0, 0x00,
    0x00, 0x00, 0xFF, 0x00, 0x00, 0x00, 0x1F, 0xF0, 0x00, 0x00, 0x04, 0xFF,
    0x30, 0x02, 0x25, 0xDF, 0xFC, 0x52, 0xFF, 0xFF, 0xCB, 0xFF, 0xFF, 0xFD,
    0x81, 0x18, 0xDF, 0x00, 0x00, 0x00, 0x00, 0x00, 0x01, 0x00, 0x00, 0x00,
    0x05, 0xD2, 0x00, 0x00, 0x01, 0xEF, 0xC0, 0x00, 0x00, 0x05, 0xD2, 0x00,
    0x00, 0x00, 0x00, 0x00, 0x00, 0x00, 0x00, 0x02, 0x00, 0x02, 0x00, 0x00,
    0x0A, 0xE3, 0x0B, 0xD2, 0x00, 0x03, 0xEF, 0x83, 0xFF, 0x80, 0x00, 0x04,
    0x80, 0x04, 0x80, 0x00, 0x00, 0x00, 0x00, 0x00, 0x00, 0x00, 0x00, 0x05,
    0x10, 0x00, 0x00, 0x00, 0x04, 0xFD, 0x30, 0x00, 0x00, 0x00, 0x6F, 0xFE,
    0x40, 0x00, 0x00, 0x4F, 0xFD, 0xFE, 0x30, 0x00, 0x1E, 0xF8, 0x0A, 0xFE,
    0x10, 0x08, 0xFA, 0x00, 0x0B, 0xF9, 0x00, 0xDF, 0x20, 0x00, 0x2F, 0xE0,
    0x0F, 0xF1, 0x00, 0x01, 0xFE, 0x00, 0xCF, 0xB4, 0x24, 0xBF, 0xB0, 0x04,
    0xFF, 0xFF, 0xFF, 0xE3, 0x00, 0x02, 0xAD, 0xFE, 0xA2, 0x00, 0x00, 0x00,
    0x61, 0x00, 0x60, 0x00, 0x00, 0x00, 0x8F, 0xB1, 0xBF, 0xA0, 0x00, 0x00,
    0x07, 0xFA, 0x0A, 0xF8, 0x00, 0x00, 0x00, 0x05, 0x00, 0x05, 0x00, 0x00,
    0x00, 0x00, 0x00, 0x00, 0x00, 0x00, 0x00, 0x00, 0x00, 0x00, 0x88, 0x00,
    0x00, 0x00, 0x00, 0x04, 0xAF, 0xE0, 0x00, 0x00, 0x00, 0x4C, 0xFF, 0xFF,
    0x10, 0x00, 0x00, 0x8F, 0xFC, 0x5C, 0xF3, 0x00, 0x00, 0x5F, 0xE5, 0x00,
    0x9F, 0x50, 0x00, 0x0C, 0xF5, 0x00, 0x08, 0xF7, 0x00, 0x00, 0xFF, 0x10,
    0x00, 0xAF, 0x90, 0x00, 0x0D, 0xF7, 0x11, 0x8F, 0xFB, 0x00, 0x00, 0x7F,
    0xFF, 0xFF, 0xEF, 0xE1, 0x00, 0x00, 0x6D, 0xFF, 0xB3, 0xBF, 0xA3, 0x10,
    0x00, 0x01, 0x10, 0x04, 0xFF, 0xF8, 0x00, 0x00, 0x00, 0x00, 0x04, 0xBE,
    0x70, 0x00, 0x00, 0x00, 0x00, 0x30, 0x00, 0x30, 0x00, 0x00, 0x00, 0x00,
    0x00, 0x00, 0x00, 0x6F, 0x80, 0x6F, 0x80, 0x00, 0x00, 0x00, 0x00, 0x00,
    0x00, 0x0B, 0xFD, 0x1B, 0xFD, 0x10, 0x00, 0x00, 0x00, 0x21, 0x00, 0x00,
    0x19, 0x20, 0x19, 0x20, 0x00, 0x01, 0x20, 0x09, 0xE4, 0x00, 0x00, 0x00,
    0x00, 0x00, 0x00, 0x05, 0xFB, 0x00, 0xDF, 0x20, 0x00, 0x00, 0x00, 0x00,
    0x00, 0x00, 0x3F, 0xD0, 0x0F, 0xF0, 0x00, 0x00, 0x00, 0x00, 0x00, 0x00,
    0x01, 0xFE, 0x00, 0xEF, 0x30, 0x00, 0x00, 0x00, 0x00, 0x00, 0x00, 0x0F,
    0xF0, 0x0A, 0xFB, 0x10, 0x00, 0x00, 0x00, 0x00, 0x00, 0x04, 0xFD, 0x00,
    0x3F, 0xFD, 0x85, 0x32, 0x22, 0x22, 0x22, 0x37, 0xEF, 0x80, 0x00, 0x4D,
    0xFF, 0xFF, 0xFF, 0xFF, 0xFF, 0xFF, 0xFF, 0xB1, 0x00, 0x00, 0x04, 0x8B,
    0xDE, 0xFF, 0xFF, 0xEE, 0xDA, 0x50, 0x00, 0x00, 0x00, 0x00, 0x00, 0x30,
    0x00, 0x30, 0x00, 0x00, 0x00, 0x00, 0x00, 0x00, 0x00, 0x00, 0x5F, 0xA0,
    0x5F, 0x90, 0x00, 0x00, 0x00, 0x00, 0x00, 0x00, 0x00, 0x0A, 0xFD, 0x1A,
    0xFD, 0x10, 0x00, 0x00, 0x00, 0x00, 0x21, 0x00, 0x00, 0x08, 0x20, 0x08,
    0x20, 0x00, 0x00, 0x00, 0x00, 0x0A, 0xF4, 0x00, 0x00, 0x00, 0x00, 0x00,
    0x00, 0x00, 0x01, 0x00, 0x00, 0xDF, 0x20, 0x00, 0x00, 0x00, 0x00, 0x00,
    0x00, 0x0E, 0xC0, 0x00, 0x0F, 0xF0, 0x00, 0x00, 0x00, 0x00, 0x00, 0x00,
    0x00, 0xFE, 0x00, 0x00, 0xEF, 0x30, 0x00, 0x00, 0x00, 0x00, 0x00, 0x00,
    0x1F, 0xF0, 0x00, 0x0A, 0xFB, 0x10, 0x00, 0x00, 0x00, 0x00, 0x00, 0x07,
    0xFF, 0x20, 0x00, 0x3F, 0xFD, 0x85, 0x32, 0x22, 0x22, 0x24, 0x7B, 0xFF,
    0xFC, 0x31, 0x00, 0x4D, 0xFF, 0xFF, 0xFF, 0xFF, 0xFF, 0xFF, 0xFE, 0x3C,
    0xFF, 0x80, 0x00, 0x04, 0x8B, 0xDE, 0xFF, 0xFF, 0xED, 0xB6, 0x10, 0x1A,
    0xE7, 0x06, 0x20, 0x06, 0x20, 0x7F, 0xD2, 0x7F, 0xD1, 0x4F, 0xC1, 0x5F,
    0xB1, 0x04, 0x10, 0x04, 0x10, 0x00, 0x00, 0x00, 0x00, 0x00, 0x00, 0x02,
    0x30, 0x00, 0x00, 0x5F, 0xB0, 0x00, 0x00, 0x3F, 0xD0, 0x00, 0x00, 0x1F,
    0xE0, 0x00, 0x00, 0x0F, 0xF0, 0x00, 0x00, 0x2F, 0xD0, 0x12, 0x23, 0xBF,
    0x90, 0x8F, 0xFF, 0xFE, 0x30, 0x8F, 0xFE, 0xB3, 0x00, 0x02, 0x40, 0x05,
    0x20, 0x00, 0x1D, 0xE4, 0x5F, 0xD1, 0x00, 0x1C, 0xE3, 0x5F, 0xC1, 0x00,
    0x01, 0x40, 0x05, 0x10, 0x00, 0x00, 0x00, 0x00, 0x00, 0x00, 0x00, 0x00,
    0x00, 0x10, 0x00, 0x00, 0x00, 0x0E, 0xF0, 0x00, 0x00, 0x00, 0x0F, 0xF0,
    0x00, 0x00, 0x00, 0x1F, 0xF0, 0x00, 0x00, 0x00, 0x3F, 0xF3, 0x00, 0x02,
    0x24, 0xCF, 0xFC, 0x52, 0x0F, 0xFF, 0xFC, 0xBF, 0xFF, 0x0F, 0xFD, 0x81,
    0x18, 0xDF, 0x00, 0x00, 0x00, 0x00, 0x00, 0x30, 0x00, 0x00, 0x00, 0x00,
    0x00, 0x00, 0x00, 0x00, 0x00, 0x5F, 0x80, 0x00, 0x00, 0x00, 0x00, 0x00,
    0x00, 0x00, 0x00, 0x0A, 0xFC, 0x10, 0x00, 0x00, 0x00, 0x00, 0x00, 0x00,
    0x00, 0x03, 0x08, 0x13, 0x00, 0x00, 0x00, 0x00, 0x00, 0x00, 0x00, 0x07,
    0xF8, 0x05, 0xF9, 0x00, 0x00, 0x00, 0x00, 0x21, 0x00, 0x00, 0xAF, 0xB0,
    0x9F, 0xC1, 0x00, 0x01, 0x20, 0x09, 0xE4, 0x00, 0x00, 0x71, 0x00, 0x71,
    0x00, 0x05, 0xFB, 0x00, 0xDF, 0x20, 0x00, 0x00, 0x00, 0x00, 0x00, 0x00,
    0x3F, 0xD0, 0x0F, 0xF0, 0x00, 0x00, 0x00, 0x00, 0x00, 0x00, 0x01, 0xFE,
    0x00, 0xEF, 0x30, 0x00, 0x00, 0x00, 0x00, 0x00, 0x00, 0x0F, 0xF0, 0x0A,
    0xFB, 0x10, 0x00, 0x00, 0x00, 0x00, 0x00, 0x04, 0xFD, 0x00, 0x3F, 0xFD,
    0x85, 0x32, 0x22, 0x22, 0x22, 0x37, 0xEF, 0x80, 0x00, 0x4D, 0xFF, 0xFF,
    0xFF, 0xFF, 0xFF, 0xFF, 0xFF, 0xB1, 0x00, 0x00, 0x04, 0x8B, 0xDE, 0xFF,
    0xFF, 0xEE, 0xDA, 0x50, 0x00, 0x00, 0x00, 0x00, 0x00, 0x00, 0x30, 0x00,
    0x00, 0x00, 0x00, 0x00, 0x00, 0x00, 0x00, 0x00, 0x00, 0x6F, 0x90, 0x00,
    0x00, 0x00, 0x00, 0x00, 0x00, 0x00, 0x00, 0x00, 0x09, 0xFC, 0x10, 0x00,
    0x00, 0x00, 0x00, 0x00, 0x00, 0x00, 0x00, 0x04, 0x07, 0x14, 0x00, 0x00,
    0x00, 0x00, 0x00, 0x00, 0x00, 0x00, 0x07, 0xF9, 0x06, 0xFA, 0x00, 0x00,
    0x00, 0x00, 0x00, 0x21, 0x00, 0x00, 0x9F, 0xB0, 0x8F, 0xC1, 0x00, 0x00,
    0x00, 0x00, 0x0A, 0xF4, 0x00, 0x00, 0x60, 0x00, 0x61, 0x00, 0x00, 0x01,
    0x00, 0x00, 0xDF, 0x20, 0x00, 0x00, 0x00, 0x00, 0x00, 0x00, 0x0E, 0xC0,
    0x00, 0x0F, 0xF0, 0x00, 0x00, 0x00, 0x00, 0x00, 0x00, 0x00, 0xFE, 0x00,
    0x00, 0xEF, 0x30, 0x00, 0x00, 0x00, 0x00, 0x00, 0x00, 0x1F, 0xF0, 0x00,
    0x0A, 0xFB, 0x10, 0x00, 0x00, 0x00, 0x00, 0x00, 0x07, 0xFF, 0x20, 0x00,
    0x3F, 0xFD, 0x85, 0x32, 0x22, 0x22, 0x24, 0x7B, 0xFF, 0xFC, 0x31, 0x00,
    0x4D, 0xFF, 0xFF, 0xFF, 0xFF, 0xFF, 0xFF, 0xFE, 0x3C, 0xFF, 0x80, 0x00,
    0x04, 0x8B, 0xDE, 0xFF, 0xFF, 0xED, 0xB6, 0x10, 0x1A, 0xE7, 0x00, 0x02,
    0x00, 0x00, 0x00, 0x3E, 0x90, 0x00, 0x00, 0x8F, 0xE2, 0x00, 0x02, 0x08,
    0x32, 0x00, 0x3E, 0x90, 0x3E, 0xA0, 0x8F, 0xD2, 0x7F, 0xE2, 0x07, 0x20,
    0x07, 0x20, 0x00, 0x00, 0x00, 0x00, 0x00, 0x00, 0x02, 0x30, 0x00, 0x00,
    0x5F, 0xB0, 0x00, 0x00, 0x3F, 0xD0, 0x00, 0x00, 0x1F, 0xE0, 0x00, 0x00,
    0x0F, 0xF0, 0x00, 0x00, 0x2F, 0xD0, 0x12, 0x23, 0xBF, 0x90, 0x8F, 0xFF,
    0xFE, 0x30, 0x8F, 0xFE, 0xB3, 0x00, 0x00, 0x01, 0x10, 0x00, 0x00, 0x00,
    0x1C, 0xB0, 0x00, 0x00, 0x00, 0x3F, 0xE2, 0x00, 0x00, 0x01, 0x25, 0x42,
    0x10, 0x00, 0x0B, 0xD1, 0x2D, 0xB0, 0x00, 0x2E, 0xF4, 0x5F, 0xE2, 0x00,
    0x03, 0x50, 0x06, 0x30, 0x00, 0x00, 0x00, 0x00, 0x00, 0x00, 0x00, 0x00,
    0x00, 0x10, 0x00, 0x00, 0x00, 0x0E, 0xF0, 0x00, 0x00, 0x00, 0x0F, 0xF0,
    0x00, 0x00, 0x00, 0x1F, 0xF0, 0x00, 0x00, 0x00, 0x3F, 0xF3, 0x00, 0x02,
    0x24, 0xCF, 0xFC, 0x52, 0x0F, 0xFF, 0xFC, 0xBF, 0xFF, 0x0F, 0xFD, 0x81,
    0x18, 0xDF, 0x00, 0x00, 0x01, 0x00, 0x00, 0x00, 0x00, 0x00, 0x00, 0x2A,
    0xFF, 0xD8, 0x10, 0x00, 0x00, 0x00, 0x02, 0xDF, 0xFF, 0xFF, 0xF9, 0x30,
    0x00, 0x00, 0x0C, 0xFC, 0x31, 0x5A, 0xFF, 0xFC, 0x73, 0x10, 0x03, 0x91,
    0x00, 0x00, 0x2B, 0xFF, 0xFF, 0x80, 0x00, 0x00, 0x00, 0x4A, 0xEF, 0xFF,
    0xFF, 0x70, 0x00, 0x00, 0x3B, 0xFF, 0xFC, 0x84, 0x20, 0x00, 0x00, 0x05,
    0xEF, 0xE8, 0x20, 0x00, 0x00, 0x00, 0x00, 0x4F, 0xFA, 0x10, 0x00, 0x00,
    0x00, 0x00, 0x01, 0xEF, 0x80, 0x00, 0x00, 0x00, 0x00, 0x00, 0x07, 0xFB,
    0x00, 0x00, 0x19, 0x00, 0x00, 0x00, 0x0C, 0xF3, 0x00, 0x01, 0xCF, 0xB0,
    0x00, 0x00, 0x0E, 0xF1, 0x00, 0x00, 0x9F, 0x70, 0x00, 0x00, 0x0F, 0xF1,
    0x00, 0x00, 0x04, 0x00, 0x00, 0x00, 0x0C, 0xF5, 0x00, 0x00, 0x00, 0x00,
    0x00, 0x00, 0x08, 0xFE, 0x30, 0x00, 0x00, 0x00, 0x00, 0x10, 0x01, 0xCF,
    0xFA, 0x53, 0x22, 0x35, 0x9D, 0x80, 0x00, 0x1B, 0xFF, 0xFF, 0xFF, 0xFF,
    0xFF, 0xB0, 0x00, 0x00, 0x38, 0xCE, 0xFF, 0xEC, 0x94, 0x00, 0x00, 0x00,
    0x01, 0x00, 0x00, 0x00, 0x00, 0x00, 0x00, 0x01, 0x9F, 0xFD, 0x81, 0x00,
    0x00, 0x00, 0x00, 0x02, 0xDF, 0xFF, 0xFF, 0xF9, 0x30, 0x00, 0x00, 0x00,
    0xCF, 0xD3, 0x15, 0xBF, 0xFF, 0xC7, 0x31, 0x00, 0x03, 0xA1, 0x00, 0x00,
    0x3C, 0xFF, 0xFF, 0x80, 0x00, 0x00, 0x00, 0x04, 0xAE, 0xFF, 0xFF, 0xF8,
    0x00, 0x00, 0x00, 0x3C, 0xFF, 0xFC, 0xFF, 0x31, 0x00, 0x00, 0x00, 0x5F,
    0xFE, 0x82, 0x0E, 0xF3, 0x00, 0x00, 0x00, 0x4F, 0xFA, 0x10, 0x00, 0xBF,
    0xC5, 0x22, 0x10, 0x1E, 0xF9, 0x00, 0x00, 0x03, 0xFF, 0xFF, 0xF8, 0x07,
    0xFC, 0x00, 0x01, 0x00, 0x03, 0x9D, 0xEF, 0x80, 0xCF, 0x40, 0x01, 0xC9,
    0x00, 0x00, 0x00, 0x00, 0x0E, 0xF1, 0x00, 0x8F, 0xF4, 0x00, 0x00, 0x00,
    0x00, 0xFF, 0x10, 0x00, 0xB7, 0x00, 0x00, 0x00, 0x00, 0x0D, 0xF5, 0x00,
    0x00, 0x00, 0x00, 0x00, 0x00, 0x00, 0x8F, 0xD2, 0x00, 0x00, 0x00, 0x00,
    0x00, 0x00, 0x01, 0xDF, 0xE8, 0x41, 0x00, 0x14, 0x7B, 0x70, 0x00, 0x02,
    0xCF, 0xFF, 0xFF, 0xFF, 0xFF, 0xFB, 0x00, 0x00, 0x00, 0x5A, 0xEF, 0xFF,
    0xFD, 0xA6, 0x10, 0x00, 0x00, 0x00, 0x00, 0x01, 0x10, 0x00, 0x00, 0x00,
    0x00, 0x00, 0x00, 0x10, 0x00, 0x00, 0x00, 0x00, 0x00, 0x03, 0xBF, 0xFC,
    0x71, 0x00, 0x00, 0x00, 0x00, 0x4E, 0xFF, 0xFF, 0xFE, 0x93, 0x00, 0x00,
    0x01, 0xEF, 0xB2, 0x15, 0xBF, 0xFF, 0xC7, 0x41, 0x00, 0x38, 0x00, 0x00,
    0x01, 0x7C, 0xFF, 0xF8, 0x00, 0x00, 0x00, 0x00, 0x01, 0x7D, 0xFF, 0xE6,
    0x00, 0x00, 0x00, 0x03, 0x9E, 0xFF, 0xA4, 0x00, 0x22, 0x24, 0x59, 0xDF,
    0xFF, 0x92, 0x00, 0x00, 0xFF, 0xFF, 0xFF, 0xFE, 0x82, 0x00, 0x00, 0x00,
    0xFF, 0xFE, 0xC9, 0x40, 0x00, 0x00, 0x00, 0x00, 0x00, 0x00, 0x00, 0x00,
    0x00, 0x00, 0x00, 0x00, 0x00, 0x00, 0x00, 0x00, 0x10, 0x00, 0x00, 0x00,
    0x00, 0x00, 0x00, 0x08, 0xC1, 0x00, 0x00, 0x00, 0x00, 0x00, 0x00, 0x5F,
    0xF9, 0x00, 0x00, 0x00, 0x00, 0x00, 0x00, 0x08, 0xC1, 0x00, 0x00, 0x00,
    0x00, 0x00, 0x00, 0x00, 0x00, 0x00, 0x00, 0x00, 0x00, 0x00, 0x00, 0x10,
    0x00, 0x00, 0x00, 0x00, 0x00, 0x00, 0x3B, 0xFF, 0xC6, 0x10, 0x00, 0x00,
    0x00, 0x00, 0x4E, 0xFF, 0xFF, 0xFE, 0x92, 0x00, 0x00, 0x00, 0x1E, 0xFB,
    0x21, 0x5B, 0xFF, 0xFC, 0x74, 0x10, 0x00, 0x37, 0x00, 0x00, 0x01, 0x6C,
    0xFF, 0xF7, 0x00, 0x00, 0x00, 0x00, 0x00, 0x28, 0xEF, 0xFD, 0x50, 0x00,
    0x00, 0x00, 0x04, 0xAF, 0xFF, 0xE3, 0x00, 0x02, 0x23, 0x46, 0x9D, 0xFF,
    0xE8, 0xAF, 0x84, 0x32, 0xFF, 0xFF, 0xFF, 0xFD, 0x71, 0x03, 0xFF, 0xFF,
    0xFF, 0xFE, 0xDC, 0x84, 0x00, 0x00, 0x03, 0xAD, 0xFF, 0x00, 0x00, 0x00,
    0x00, 0x00, 0x00, 0x00, 0x00, 0x00, 0x00, 0x00, 0x00, 0x01, 0x00, 0x00,
    0x00, 0x00, 0x00, 0x00, 0x00, 0x09, 0xC1, 0x00, 0x00, 0x00, 0x00, 0x00,
    0x00, 0x05, 0xFF, 0x90, 0x00, 0x00, 0x00, 0x00, 0x00, 0x00, 0x09, 0xC1,
    0x00, 0x00, 0x00, 0x00, 0x00, 0x00, 0x00, 0x00, 0x00, 0x00, 0x00, 0x00,
    0x00, 0x00, 0x01, 0x00, 0x00, 0x00, 0x00, 0x00, 0x00, 0x2A, 0xFF, 0xD8,
    0x10, 0x00, 0x00, 0x00, 0x02, 0xDF, 0xFF, 0xFF, 0xF9, 0x30, 0x00, 0x00,
    0x0C, 0xFC, 0x31, 0x5A, 0xFF, 0xFC, 0x73, 0x10, 0x03, 0x91, 0x00, 0x00,
    0x2B, 0xFF, 0xFF, 0x80, 0x00, 0x00, 0x00, 0x4A, 0xEF, 0xFF, 0xFF, 0x70,
    0x00, 0x00, 0x3B, 0xFF, 0xFC, 0x84, 0x20, 0x00, 0x00, 0x05, 0xEF, 0xE8,
    0x20, 0x00, 0x00, 0x00, 0x00, 0x4F, 0xFA, 0x10, 0x00, 0x00, 0x00, 0x00,
    0x01, 0xEF, 0x80, 0x00, 0x00, 0x00, 0x00, 0x00, 0x07, 0xFB, 0x00, 0x00,
    0x00, 0x00, 0x00, 0x00, 0x0C, 0xF3, 0x00, 0x00, 0x00, 0x00, 0x00, 0x00,
    0x0E, 0xF1, 0x00, 0x00, 0x00, 0x00, 0x00, 0x00, 0x0F, 0xF1, 0x00, 0x00,
    0x00, 0x00, 0x00, 0x00, 0x0C, 0xF5, 0x00, 0x00, 0x00, 0x00, 0x00, 0x00,
    0x08, 0xFE, 0x30, 0x00, 0x00, 0x00, 0x00, 0x10, 0x01, 0xCF, 0xFA, 0x53,
    0x22, 0x35, 0x9D, 0x80, 0x00, 0x1B, 0xFF, 0xFF, 0xFF, 0xFF, 0xFF, 0xB0,
    0x00, 0x00, 0x38, 0xCE, 0xFF, 0xEC, 0x94, 0x00, 0x00, 0x00, 0x01, 0x00,
    0x00, 0x00, 0x00, 0x00, 0x00, 0x01, 0x9F, 0xFD, 0x81, 0x00, 0x00, 0x00,
    0x00, 0x02, 0xDF, 0xFF, 0xFF, 0xF9, 0x30, 0x00, 0x00, 0x00, 0xCF, 0xD3,
    0x15, 0xBF, 0xFF, 0xC7, 0x31, 0x00, 0x03, 0xA1, 0x00, 0x00, 0x3C, 0xFF,
    0xFF, 0x80, 0x00, 0x00, 0x00, 0x04, 0xAE, 0xFF, 0xFF, 0xF8, 0x00, 0x00,
    0x00, 0x3C, 0xFF, 0xFC, 0xFF, 0x31, 0x00, 0x00, 0x00, 0x5F, 0xFE, 0x82,
    0x0E, 0xF3, 0x00, 0x00, 0x00, 0x4F, 0xFA, 0x10, 0x00, 0xBF, 0xC5, 0x22,
    0x10, 0x1E, 0xF9, 0x00, 0x00, 0x03, 0xFF, 0xFF, 0xF8, 0x07, 0xFC, 0x00,
    0x00, 0x00, 0x03, 0x9D, 0xEF, 0x80, 0xCF, 0x40, 0x00, 0x00, 0x00, 0x00,
    0x00, 0x00, 0x0E, 0xF1, 0x00, 0x00, 0x00, 0x00, 0x00, 0x00, 0x00, 0xFF,
    0x10, 0x00, 0x00, 0x00, 0x00, 0x00, 0x00, 0x0D, 0xF5, 0x00, 0x00, 0x00,
    0x00, 0x00, 0x00, 0x00, 0x8F, 0xD2, 0x00, 0x00, 0x00, 0x00, 0x00, 0x00,
    0x01, 0xDF, 0xE8, 0x41, 0x00, 0x14, 0x7B, 0x70, 0x00, 0x02, 0xCF, 0xFF,
    0xFF, 0xFF, 0xFF, 0xFB, 0x00, 0x00, 0x00, 0x5A, 0xEF, 0xFF, 0xFD, 0xA6,
    0x10, 0x00, 0x00, 0x00, 0x00, 0x01, 0x10, 0x00, 0x00, 0x00, 0x00, 0x00,
    0x00, 0x10, 0x00, 0x00, 0x00, 0x00, 0x00, 0x03, 0xBF, 0xFC, 0x71, 0x00,
    0x00, 0x00, 0x00, 0x4E, 0xFF, 0xFF, 0xFE, 0x93, 0x00, 0x00, 0x01, 0xEF,
    0xB2, 0x15, 0xBF, 0xFF, 0xC7, 0x41, 0x00, 0x38, 0x00, 0x00, 0x01, 0x7C,
    0xFF, 0xF8, 0x00, 0x00, 0x00, 0x00, 0x01, 0x7D, 0xFF, 0xE6, 0x00, 0x00,
    0x00, 0x03, 0x9E, 0xFF, 0xA4, 0x00, 0x22, 0x24, 0x59, 0xDF, 0xFF, 0x92,
    0x00, 0x00, 0xFF, 0xFF, 0xFF, 0xFE, 0x82, 0x00, 0x00, 0x00, 0xFF, 0xFE,
    0xC9, 0x40, 0x00, 0x00, 0x00, 0x00, 0x00, 0x00, 0x00, 0x10, 0x00, 0x00,
    0x00, 0x00, 0x00, 0x00, 0x3B, 0xFF, 0xC6, 0x10, 0x00, 0x00, 0x00, 0x00,
    0x4E, 0xFF, 0xFF, 0xFE, 0x92, 0x00, 0x00, 0x00, 0x1E, 0xFB, 0x21, 0x5B,
    0xFF, 0xFC, 0x74, 0x10, 0x00, 0x37, 0x00, 0x00, 0x01, 0x6C, 0xFF, 0xF7,
    0x00, 0x00, 0x00, 0x00, 0x00, 0x28, 0xEF, 0xFD, 0x50, 0x00, 0x00, 0x00,
    0x04, 0xAF, 0xFF, 0xE3, 0x00, 0x02, 0x23, 0x46, 0x9D, 0xFF, 0xE8, 0xAF,
    0x84, 0x32, 0xFF, 0xFF, 0xFF, 0xFD, 0x71, 0x03, 0xFF, 0xFF, 0xFF, 0xFE,
    0xDC, 0x84, 0x00, 0x00, 0x03, 0xAD, 0xFF, 0x00, 0x00, 0x00, 0x20, 0x00,
    0x00, 0x00, 0x00, 0x00, 0x00, 0x04, 0xE7, 0x00, 0x00, 0x00, 0x00, 0x00,
    0x00, 0x0C, 0xFE, 0x20, 0x00, 0x00, 0x00, 0x00, 0x00, 0x01, 0xC4, 0x00,
    0x00, 0x00, 0x00, 0x00, 0x00, 0x00, 0x00, 0x00, 0x00, 0x00, 0x00, 0x00,
    0x00, 0x01, 0x00, 0x00, 0x00, 0x00, 0x00, 0x00, 0x2A, 0xFF, 0xD8, 0x10,
    0x00, 0x00, 0x00, 0x02, 0xDF, 0xFF, 0xFF, 0xF9, 0x30, 0x00, 0x00, 0x0C,
    0xFC, 0x31, 0x5A, 0xFF, 0xFC, 0x73, 0x10, 0x03, 0x91, 0x00, 0x00, 0x2B,
    0xFF, 0xFF, 0x80, 0x00, 0x00, 0x00, 0x4A, 0xEF, 0xFF, 0xFF, 0x70, 0x00,
    0x00, 0x3B, 0xFF, 0xFC, 0x84, 0x20, 0x00, 0x00, 0x05, 0xEF, 0xE8, 0x20,
    0x00, 0x00, 0x00, 0x00, 0x4F, 0xFA, 0x10, 0x00, 0x00, 0x00, 0x00, 0x01,
    0xEF, 0x80, 0x00, 0x00, 0x00, 0x00, 0x00, 0x07, 0xFB, 0x00, 0x00, 0x00,
    0x00, 0x00, 0x00, 0x0C, 0xF3, 0x00, 0x00, 0x00, 0x00, 0x00, 0x00, 0x0E,
    0xF1, 0x00, 0x00, 0x00, 0x00, 0x00, 0x00, 0x0F, 0xF1, 0x00, 0x00, 0x00,
    0x00, 0x00, 0x00, 0x0C, 0xF5, 0x00, 0x00, 0x00, 0x00, 0x00, 0x00, 0x08,
    0xFE, 0x30, 0x00, 0x00, 0x00, 0x00, 0x10, 0x01, 0xCF, 0xFA, 0x53, 0x22,
    0x35, 0x9D, 0x80, 0x00, 0x1B, 0xFF, 0xFF, 0xFF, 0xFF, 0xFF, 0xB0, 0x00,
    0x00, 0x38, 0xCE, 0xFF, 0xEC, 0x94, 0x00, 0x00, 0x00, 0x00, 0x20, 0x00,
    0x00, 0x00, 0x00, 0x00, 0x00, 0x00, 0x5F, 0x50, 0x00, 0x00, 0x00, 0x00,
    0x00, 0x00, 0x0D, 0xFD, 0x00, 0x00, 0x00, 0x00, 0x00, 0x00, 0x00, 0x2C,
    0x20, 0x00, 0x00, 0x00, 0x00, 0x00, 0x00, 0x00, 0x00, 0x00, 0x00, 0x00,
    0x00, 0x00, 0x00, 0x00, 0x10, 0x00, 0x00, 0x00, 0x00, 0x00, 0x00, 0x19,
    0xFF, 0xD8, 0x10, 0x00, 0x00, 0x00, 0x00, 0x2D, 0xFF, 0xFF, 0xFF, 0x93,
    0x00, 0x00, 0x00, 0x0C, 0xFD, 0x31, 0x5B, 0xFF, 0xFC, 0x73, 0x10, 0x00,
    0x3A, 0x10, 0x00, 0x03, 0xCF, 0xFF, 0xF8, 0x00, 0x00, 0x00, 0x00, 0x4A,
    0xEF, 0xFF, 0xFF, 0x80, 0x00, 0x00, 0x03, 0xCF, 0xFF, 0xCF, 0xF3, 0x10,
    0x00, 0x00, 0x05, 0xFF, 0xE8, 0x20, 0xEF, 0x30, 0x00, 0x00, 0x04, 0xFF,
    0xA1, 0x00, 0x0B, 0xFC, 0x52, 0x21, 0x01, 0xEF, 0x90, 0x00, 0x00, 0x3F,
    0xFF, 0xFF, 0x80, 0x7F, 0xC0, 0x00, 0x00, 0x00, 0x39, 0xDE, 0xF8, 0x0C,
    0xF4, 0x00, 0x00, 0x00, 0x00, 0x00, 0x00, 0x00, 0xEF, 0x10, 0x00, 0x00,
    0x00, 0x00, 0x00, 0x00, 0x0F, 0xF1, 0x00, 0x00, 0x00, 0x00, 0x00, 0x00,
    0x00, 0xDF, 0x50, 0x00, 0x00, 0x00, 0x00, 0x00, 0x00, 0x08, 0xFD, 0x20,
    0x00, 0x00, 0x00, 0x00, 0x00, 0x00, 0x1D, 0xFE, 0x84, 0x10, 0x01, 0x47,
    0xB7, 0x00, 0x00, 0x2C, 0xFF, 0xFF, 0xFF, 0xFF, 0xFF, 0xB0, 0x00, 0x00,
    0x05, 0xAE, 0xFF, 0xFF, 0xDA, 0x61, 0x00, 0x00, 0x00, 0x00, 0x00, 0x11,
    0x00, 0x00, 0x00, 0x00, 0x00, 0x00, 0x00, 0x03, 0x00, 0x00, 0x00, 0x00,
    0x00, 0x00, 0x00, 0x9F, 0x60, 0x00, 0x00, 0x00, 0x00, 0x00, 0x01, 0xDF,
    0xC0, 0x00, 0x00, 0x00, 0x00, 0x00, 0x00, 0x2A, 0x10, 0x00, 0x00, 0x00,
    0x00, 0x00, 0x00, 0x00, 0x00, 0x00, 0x00, 0x00, 0x00, 0x00, 0x00, 0x10,
    0x00, 0x00, 0x00, 0x00, 0x00, 0x03, 0xBF, 0xFC, 0x71, 0x00, 0x00, 0x00,
    0x00, 0x4E, 0xFF, 0xFF, 0xFE, 0x93, 0x00, 0x00, 0x01, 0xEF, 0xB2, 0x15,
    0xBF, 0xFF, 0xC7, 0x41, 0x00, 0x38, 0x00, 0x00, 0x01, 0x7C, 0xFF, 0xF8,
    0x00, 0x00, 0x00, 0x00, 0x01, 0x7D, 0xFF, 0xE6, 0x00, 0x00, 0x00, 0x03,
    0x9E, 0xFF, 0xA4, 0x00, 0x22, 0x24, 0x59, 0xDF, 0xFF, 0x92, 0x00, 0x00,
    0xFF, 0xFF, 0xFF, 0xFE, 0x82, 0x00, 0x00, 0x00, 0xFF, 0xFE, 0xC9, 0x40,
    0x00, 0x00, 0x00, 0x00, 0x00, 0x00, 0x00, 0x03, 0x00, 0x00, 0x00, 0x00,
    0x00, 0x00, 0x00, 0x09, 0xF5, 0x00, 0x00, 0x00, 0x00, 0x00, 0x00, 0x02,
    0xEF, 0xB0, 0x00, 0x00, 0x00, 0x00, 0x00, 0x00, 0x02, 0xA1, 0x00, 0x00,
    0x00, 0x00, 0x00, 0x00, 0x00, 0x00, 0x00, 0x00, 0x00, 0x00, 0x00, 0x00,
    0x00, 0x01, 0x00, 0x00, 0x00, 0x00, 0x00, 0x00, 0x03, 0xBF, 0xFC, 0x61,
    0x00, 0x00, 0x00, 0x00, 0x04, 0xEF, 0xFF, 0xFF, 0xE9, 0x20, 0x00, 0x00,
    0x01, 0xEF, 0xB2, 0x15, 0xBF, 0xFF, 0xC7, 0x41, 0x00, 0x03, 0x70, 0x00,
    0x00, 0x16, 0xCF, 0xFF, 0x70, 0x00, 0x00, 0x00, 0x00, 0x02, 0x8E, 0xFF,
    0xD5, 0x00, 0x00, 0x00, 0x00, 0x4A, 0xFF, 0xFE, 0x30, 0x00, 0x22, 0x34,
    0x69, 0xDF, 0xFE, 0x8A, 0xF8, 0x43, 0x2F, 0xFF, 0xFF, 0xFF, 0xD7, 0x10,
    0x3F, 0xFF, 0xFF, 0xFF, 0xED, 0xC8, 0x40, 0x00, 0x00, 0x3A, 0xDF, 0xF0,
    0x00, 0x00, 0x10, 0x00, 0x00, 0x00, 0x00, 0x3F, 0x80, 0x00, 0x00, 0x00,
    0x08, 0xFF, 0xC2, 0x00, 0x00, 0x00, 0x05, 0xEF, 0xE3, 0x00, 0x00, 0x00,
    0x02, 0xCF, 0xD1, 0x00, 0x00, 0x00, 0x01, 0xDF, 0x80, 0x00, 0x00, 0x00,
    0x04, 0xFD, 0x00, 0x00, 0x00, 0x00, 0x0F, 0xF0, 0x00, 0x00, 0x00, 0x04,
    0xFD, 0x00, 0x53, 0x22, 0x48, 0xEF, 0x90, 0x0F, 0xFF, 0xFF, 0xFF, 0xC1,
    0x00, 0xCE, 0xFF, 0xDB, 0x60, 0x00, 0x00, 0x00, 0x00, 0x32, 0x00, 0x00,
    0x00, 0x00, 0x00, 0x7F, 0x80, 0x00, 0x00, 0x00, 0x00, 0x03, 0xFE, 0x10,
    0x00, 0x00, 0x00, 0x00, 0x0B, 0xF6, 0x00, 0x00, 0x00, 0x00, 0x00, 0x5F,
    0xD0, 0x00, 0x00, 0x00, 0x00, 0x00, 0xDF, 0x40, 0x00, 0x00, 0x00, 0x00,
    0x07, 0xFB, 0x00, 0x00, 0x00, 0x00, 0x00, 0x3F, 0xF2, 0x00, 0x00, 0x00,
    0x00, 0x06, 0xFF, 0xA0, 0x00, 0x53, 0x22, 0x48, 0xFF, 0xFF, 0x72, 0x0F,
    0xFF, 0xFF, 0xFF, 0x88, 0xFF, 0xF0, 0xCE, 0xFE, 0xDA, 0x40, 0x07, 0xEF,
    0x00, 0x01, 0x20, 0x00, 0x00, 0x00, 0x01, 0xCE, 0x20, 0x00, 0x00, 0x00,
    0x4F, 0xF6, 0x00, 0x00, 0x00, 0x00, 0x57, 0x00, 0x00, 0x00, 0x00, 0x00,
    0x00, 0x00, 0x00, 0x00, 0x00, 0x01, 0x00, 0x00, 0x00, 0x00, 0x03, 0xF8,
    0x00, 0x00, 0x00, 0x00, 0x8F, 0xFC, 0x20, 0x00, 0x00, 0x00, 0x5E, 0xFE,
    0x30, 0x00, 0x00, 0x00, 0x2C, 0xFD, 0x10, 0x00, 0x00, 0x00, 0x1D, 0xF8,
    0x00, 0x00, 0x00, 0x00, 0x4F, 0xD0, 0x00, 0x00, 0x00, 0x00, 0xFF, 0x00,
    0x00, 0x00, 0x00, 0x4F, 0xD0, 0x05, 0x32, 0x24, 0x8E, 0xF9, 0x00, 0xFF,
    0xFF, 0xFF, 0xFC, 0x10, 0x0C, 0xEF, 0xFD, 0xB6, 0x00, 0x00, 0x00, 0x00,
    0x04, 0x10, 0x00, 0x00, 0x00, 0x00, 0x05, 0xFD, 0x10, 0x00, 0x00, 0x00,
    0x00, 0x7F, 0xE3, 0x00, 0x00, 0x00, 0x00, 0x00, 0x73, 0x00, 0x00, 0x00,
    0x00, 0x00, 0x00, 0x00, 0x00, 0x00, 0x00, 0x00, 0x00, 0x03, 0x20, 0x00,
    0x00, 0x00, 0x00, 0x07, 0xF8, 0x00, 0x00, 0x00, 0x00, 0x00, 0x3F, 0xE1,
    0x00, 0x00, 0x00, 0x00, 0x00, 0xBF, 0x60, 0x00, 0x00, 0x00, 0x00, 0x05,
    0xFD, 0x00, 0x00, 0x00, 0x00, 0x00, 0x0D, 0xF4, 0x00, 0x00, 0x00, 0x00,
    0x00, 0x7F, 0xB0, 0x00, 0x00, 0x00, 0x00, 0x03, 0xFF, 0x20, 0x00, 0x00,
    0x00, 0x00, 0x6F, 0xFA, 0x00, 0x05, 0x32, 0x24, 0x8F, 0xFF, 0xF7, 0x20,
    0xFF, 0xFF, 0xFF, 0xF8, 0x8F, 0xFF, 0x0C, 0xEF, 0xED, 0xA4, 0x00, 0x7E,
    0xF0, 0x00, 0x00, 0x00, 0x31, 0x00, 0x00, 0x00, 0xAF, 0x60, 0x00, 0x00,
    0x07, 0xFA, 0x00, 0x00, 0x00, 0x4F, 0xD0, 0x00, 0x00, 0x02, 0xFE, 0x00,
    0x00, 0x00, 0x0F, 0xF0, 0x00, 0x00, 0x01, 0xFD, 0x00, 0x00, 0x00, 0x4F,
    0xB0, 0x00, 0x00, 0x0B, 0xF6, 0x00, 0x00, 0x06, 0xFE, 0x10, 0x00, 0x29,
    0xFF, 0x50, 0x01, 0xBF, 0xFF, 0x60, 0x00, 0x0C, 0xFA, 0x20, 0x00, 0x00,
    0x21, 0x00, 0x00, 0x00, 0x00, 0x00, 0x00, 0x30, 0x00, 0x00, 0x00, 0x09,
    0xF3, 0x00, 0x00, 0x00, 0x07, 0xF7, 0x00, 0x00, 0x00, 0x04, 0xFB, 0x00,
    0x00, 0x00, 0x02, 0xFF, 0x72, 0x00, 0x00, 0x00, 0xFF, 0xFF, 0x00, 0x00,
    0x01, 0xFC, 0xBE, 0x00, 0x00, 0x04, 0xF8, 0x00, 0x00, 0x00, 0x0B, 0xF3,
    0x00, 0x00, 0x00, 0x6F, 0xC0, 0x00, 0x00, 0x29, 0xFF, 0x30, 0x00, 0x1B,
    0xFF, 0xE4, 0x00, 0x00, 0x0C, 0xEA, 0x20, 0x00, 0x00, 0x02, 0x00, 0x00,
    0x00, 0x00, 0x00, 0x00, 0x00, 0x00, 0x00, 0x00, 0x01, 0xB5, 0x00, 0x00,
    0x00, 0xAF, 0xF4, 0x00, 0x00, 0x02, 0xE9, 0x00, 0x00, 0x00, 0x02, 0x00,
    0x00, 0x00, 0x00, 0x00, 0x00, 0x00, 0x00, 0x00, 0x31, 0x00, 0x00, 0x00,
    0xAF, 0x60, 0x00, 0x00, 0x07, 0xFA, 0x00, 0x00, 0x00, 0x4F, 0xD0, 0x00,
    0x00, 0x02, 0xFE, 0x00, 0x00, 0x00, 0x0F, 0xF0, 0x00, 0x00, 0x01, 0xFD,
    0x00, 0x00, 0x00, 0x4F, 0xB0, 0x00, 0x00, 0x0B, 0xF6, 0x00, 0x00, 0x06,
    0xFE, 0x10, 0x00, 0x29, 0xFF, 0x50, 0x01, 0xBF, 0xFF, 0x60, 0x00, 0x0C,
    0xFA, 0x20, 0x00, 0x00, 0x21, 0x00, 0x00, 0x00, 0x00, 0x00, 0x00, 0x00,
    0x00, 0x00, 0x00, 0x1B, 0x40, 0x00, 0x00, 0x00, 0xAF, 0xE2, 0x00, 0x00,
    0x00, 0x3E, 0x90, 0x00, 0x00, 0x00, 0x02, 0x00, 0x00, 0x00, 0x00, 0x00,
    0x00, 0x00, 0x00, 0x00, 0x00, 0x30, 0x00, 0x00, 0x00, 0x09, 0xF3, 0x00,
    0x00, 0x00, 0x07, 0xF7, 0x00, 0x00, 0x00, 0x04, 0xFB, 0x00, 0x00, 0x00,
    0x02, 0xFF, 0x72, 0x00, 0x00, 0x00, 0xFF, 0xFF, 0x00, 0x00, 0x01, 0xFC,
    0xBE, 0x00, 0x00, 0x04, 0xF8, 0x00, 0x00, 0x00, 0x0B, 0xF3, 0x00, 0x00,
    0x00, 0x6F, 0xC0, 0x00, 0x00, 0x29, 0xFF, 0x30, 0x00, 0x1B, 0xFF, 0xE4,
    0x00, 0x00, 0x0C, 0xEA, 0x20, 0x00, 0x00, 0x02, 0x00, 0x00, 0x00, 0x00,
    0x00, 0x00, 0x00, 0x00, 0x00, 0x00, 0x00, 0x00, 0x00, 0x00, 0x00, 0x00,
    0x01, 0x20, 0x00, 0x00, 0x00, 0x00, 0x00, 0x00, 0x00, 0x00, 0x00, 0x00,
    0x00, 0x00, 0x5F, 0xA0, 0x00, 0x00, 0x00, 0x00, 0x00, 0x00, 0x03, 0x00,
    0x00, 0x0A, 0xA0, 0x00, 0x4F, 0xD0, 0x02, 0x93, 0x00, 0x00, 0x00, 0x00,
    0xCF, 0x20, 0x00, 0x0F, 0xE0, 0x00, 0x2F, 0xE0, 0x06, 0xFA, 0x00, 0x00,
    0x00, 0x00, 0xBF, 0x70, 0x00, 0x0F, 0xF0, 0x00, 0x0F, 0xF0, 0x0A, 0xF6,
    0x00, 0x00, 0x00, 0x00, 0x7F, 0xC0, 0x00, 0x2F, 0xF2, 0x00, 0x3F, 0xD0,
    0x0C, 0xF3, 0x00, 0x00, 0x00, 0x00, 0x3F, 0xFA, 0x33, 0xBF, 0xFB, 0x33,
    0xBF, 0x90, 0x0E, 0xF1, 0x00, 0x00, 0x00, 0x00, 0x1F, 0xFF, 0xFF, 0xFC,
    0xCF, 0xFF, 0xFE, 0x20, 0x0F, 0xF0, 0x00, 0x00, 0x00, 0x00, 0x0F, 0xF9,
    0xEE, 0xA1, 0x1A, 0xEE, 0xB3, 0x00, 0x0D, 0xF2, 0x00, 0x00, 0x00, 0x00,
    0x2F, 0xD0, 0x00, 0x00, 0x00, 0x00, 0x00, 0x00, 0x0A, 0xF7, 0x00, 0x00,
    0x00, 0x00, 0x6F, 0xA0, 0x00, 0x00, 0x00, 0x00, 0x00, 0x00, 0x05, 0xFE,
    0x20, 0x00, 0x00, 0x02, 0xEF, 0x50, 0x00, 0x00, 0x00, 0x00, 0x00, 0x00,
    0x00, 0xBF, 0xE8, 0x42, 0x24, 0x8E, 0xFB, 0x00, 0x00, 0x00, 0x00, 0x00,
    0x00, 0x00, 0x00, 0x1B, 0xFF, 0xFF, 0xFF, 0xFF, 0xB1, 0x00, 0x00, 0x00,
    0x00, 0x00, 0x00, 0x00, 0x00, 0x00, 0x5A, 0xDE, 0xED, 0xA5, 0x00, 0x00,
    0x00, 0x00, 0x00, 0x00, 0x00, 0x00, 0x00, 0x00, 0x00, 0x00, 0x00, 0x00,
    0x00, 0x00, 0x00, 0x00, 0x00, 0x00, 0x00, 0x00, 0x00, 0x00, 0x00, 0x00,
    0x00, 0x00, 0x00, 0x03, 0x00, 0x00, 0x0A, 0xA0, 0x00, 0x1D, 0xE0, 0x00,
    0x02, 0x93, 0x00, 0x00, 0x00, 0x00, 0xCF, 0x20, 0x00, 0x0F, 0xE0, 0x00,
    0x0F, 0xF0, 0x00, 0x06, 0xFA, 0x00, 0x00, 0x00, 0x00, 0xBF, 0x70, 0x00,
    0x0F, 0xF0, 0x00, 0x0F, 0xF0, 0x00, 0x0A, 0xF6, 0x00, 0x00, 0x00, 0x00,
    0x7F, 0xC0, 0x00, 0x2F, 0xF2, 0x00, 0x3F, 0xF3, 0x00, 0x0C, 0xF3, 0x00,
    0x00, 0x00, 0x00, 0x3F, 0xFA, 0x33, 0xBF, 0xFB, 0x33, 0xBF, 0xFC, 0x42,
    0x0E, 0xF1, 0x00, 0x00, 0x00, 0x00, 0x1F, 0xFF, 0xFF, 0xFC, 0xCF, 0xFF,
    0xFE, 0xAF, 0xFF, 0x0F, 0xF0, 0x00, 0x00, 0x00, 0x00, 0x0F, 0xF9, 0xEE,
    0xA1, 0x1A, 0xEE, 0xB2, 0x18, 0xDF, 0x0D, 0xF2, 0x00, 0x00, 0x00, 0x00,
    0x2F, 0xD0, 0x00, 0x00, 0x00, 0x00, 0x00, 0x00, 0x00, 0x0A, 0xF7, 0x00,
    0x00, 0x00, 0x00, 0x6F, 0xA0, 0x00, 0x00, 0x00, 0x00, 0x00, 0x00, 0x00,
    0x05, 0xFE, 0x20, 0x00, 0x00, 0x02, 0xEF, 0x50, 0x00, 0x00, 0x00, 0x00,
    0x00, 0x00, 0x00, 0x00, 0xBF, 0xE8, 0x42, 0x24, 0x8E, 0xFB, 0x00, 0x00,
    0x00, 0x00, 0x00, 0x00, 0x00, 0x00, 0x00, 0x1B, 0xFF, 0xFF, 0xFF, 0xFF,
    0xB1, 0x00, 0x00, 0x00, 0x00, 0x00, 0x00, 0x00, 0x00, 0x00, 0x00, 0x5A,
    0xDE, 0xED, 0xA5, 0x00, 0x00, 0x00, 0x00, 0x00, 0x00, 0x00, 0x00, 0x00,
    0x00, 0x00, 0x00, 0x00, 0x00, 0x00, 0x00, 0x00, 0x01, 0x20, 0x00, 0x00,
    0x00, 0x00, 0x00, 0x00, 0x00, 0x00, 0x5F, 0xA0, 0x00, 0x00, 0x5B, 0x60,
    0x00, 0x0A, 0xA0, 0x00, 0x4F, 0xD0, 0x00, 0x00, 0x7F, 0x80, 0x00, 0x0F,
    0xE0, 0x00, 0x2F, 0xE0, 0x00, 0x00, 0x8F, 0x90, 0x00, 0x0F, 0xF0, 0x00,
    0x0F, 0xF0, 0x00, 0x00, 0xAF, 0xD0, 0x00, 0x3F, 0xF2, 0x00, 0x3F, 0xD0,
    0x12, 0x38, 0xFF, 0xF9, 0x33, 0xBF, 0xFB, 0x33, 0xBF, 0x90, 0x8F, 0xFF,
    0xF8, 0xFF, 0xFF, 0xFC, 0xCF, 0xFF, 0xFE, 0x20, 0x8F, 0xEB, 0x40, 0x5C,
    0xFE, 0x91, 0x1A, 0xEE, 0xB3, 0x00, 0x00, 0x00, 0x00, 0x00, 0x00, 0x00,
    0x00, 0x00, 0x00, 0x00, 0x00, 0x00, 0x2A, 0x80, 0x00, 0x0A, 0xA0, 0x00,
    0x1D, 0xE0, 0x00, 0x00, 0x02, 0xFC, 0x00, 0x00, 0xFE, 0x00, 0x00, 0xFF,
    0x00, 0x00, 0x00, 0x3F, 0xD0, 0x00, 0x0F, 0xF0, 0x00, 0x0F, 0xF0, 0x00,
    0x00, 0x05, 0xFF, 0x10, 0x03, 0xFF, 0x20, 0x03, 0xFF, 0x30, 0x02, 0x25,
    0xDF, 0xFB, 0x33, 0xBF, 0xFB, 0x33, 0xBF, 0xFC, 0x42, 0xFF, 0xFF, 0xAE,
    0xFF, 0xFF, 0xCC, 0xFF, 0xFF, 0xEA, 0xFF, 0xFF, 0xED, 0x70, 0x3C, 0xEE,
    0x91, 0x1A, 0xEE, 0xB2, 0x18, 0xDF, 0x00, 0x00, 0x00, 0x00, 0x00, 0x00,
    0x00, 0x00, 0x00, 0x02, 0x00, 0x00, 0x00, 0x00, 0x00, 0x00, 0x00, 0x00,
    0x00, 0x00, 0x00, 0x00, 0x00, 0x6F, 0x40, 0x00, 0x00, 0x00, 0x00, 0x00,
    0x00, 0x00, 0x00, 0x00, 0x00, 0x00, 0x00, 0xBF, 0x80, 0x00, 0x00, 0x00,
    0x00, 0x00, 0x00, 0x00, 0x00, 0x00, 0x00, 0x00, 0x02, 0x18, 0x03, 0x00,
    0x00, 0x00, 0x00, 0x00, 0x00, 0x00, 0x00, 0x00, 0x00, 0x00, 0x4F, 0x60,
    0x8F, 0x60, 0x00, 0x00, 0x00, 0x00, 0x00, 0x00, 0x00, 0x00, 0x00, 0x00,
    0x9F, 0xA1, 0xCF, 0xA0, 0x00, 0x00, 0x00, 0x00, 0x00, 0x00, 0x00, 0x00,
    0x00, 0x00, 0x07, 0x00, 0x17, 0x00, 0x00, 0x00, 0x00, 0x00, 0x00, 0x00,
    0x00, 0x00, 0x00, 0x00, 0x00, 0x00, 0x00, 0x00, 0x01, 0x20, 0x00, 0x00,
    0x00, 0x00, 0x00, 0x00, 0x00, 0x00, 0x00, 0x00, 0x00, 0x00, 0x5F, 0xA0,
    0x00, 0x00, 0x00, 0x00, 0x00, 0x00, 0x03, 0x00, 0x00, 0x0A, 0xA0, 0x00,
    0x4F, 0xD0, 0x02, 0x93, 0x00, 0x00, 0x00, 0x00, 0xCF, 0x20, 0x00, 0x0F,
    0xE0, 0x00, 0x2F, 0xE0, 0x06, 0xFA, 0x00, 0x00, 0x00, 0x00, 0xBF, 0x70,
    0x00, 0x0F, 0xF0, 0x00, 0x0F, 0xF0, 0x0A, 0xF6, 0x00, 0x00, 0x00, 0x00,
    0x7F, 0xC0, 0x00, 0x2F, 0xF2, 0x00, 0x3F, 0xD0, 0x0C, 0xF3, 0x00, 0x00,
    0x00, 0x00, 0x3F, 0xFA, 0x33, 0xBF, 0xFB, 0x33, 0xBF, 0x90, 0x0E, 0xF1,
    0x00, 0x00, 0x00, 0x00, 0x1F, 0xFF, 0xFF, 0xFC, 0xCF, 0xFF, 0xFE, 0x20,
    0x0F, 0xF0, 0x00, 0x00, 0x00, 0x00, 0x0F, 0xF9, 0xEE, 0xA1, 0x1A, 0xEE,
    0xB3, 0x00, 0x0D, 0xF2, 0x00, 0x00, 0x00, 0x00, 0x2F, 0xD0, 0x00, 0x00,
    0x00, 0x00, 0x00, 0x00, 0x0A, 0xF7, 0x00, 0x00, 0x00, 0x00, 0x6F, 0xA0,
    0x00, 0x00, 0x00, 0x00, 0x00, 0x00, 0x05, 0xFE, 0x20, 0x00, 0x00, 0x02,
    0xEF, 0x50, 0x00, 0x00, 0x00, 0x00, 0x00, 0x00, 0x00, 0xBF, 0xE8, 0x42,
    0x24, 0x8E, 0xFB, 0x00, 0x00, 0x00, 0x00, 0x00, 0x00, 0x00, 0x00, 0x1B,
    0xFF, 0xFF, 0xFF, 0xFF, 0xB1, 0x00, 0x00, 0x00, 0x00, 0x00, 0x00, 0x00,
    0x00, 0x00, 0x5A, 0xDE, 0xED, 0xA5, 0x00, 0x00, 0x00, 0x00, 0x00, 0x00,
    0x00, 0x00, 0x00, 0x00, 0x00, 0x00, 0x00, 0x00, 0x00, 0x00, 0x00, 0x02,
    0x00, 0x00, 0x00, 0x00, 0x00, 0x00, 0x00, 0x00, 0x00, 0x00, 0x00, 0x00,
    0x00, 0x00, 0x6F, 0x40, 0x00, 0x00, 0x00, 0x00, 0x00, 0x00, 0x00, 0x00,
    0x00, 0x00, 0x00, 0x00, 0x00, 0xBF, 0x90, 0x00, 0x00, 0x00, 0x00, 0x00,
    0x00, 0x00, 0x00, 0x00, 0x00, 0x00, 0x00, 0x02, 0x18, 0x03, 0x00, 0x00,
    0x00, 0x00, 0x00, 0x00, 0x00, 0x00, 0x00, 0x00, 0x00, 0x00, 0x4F, 0x60,
    0x8F, 0x60, 0x00, 0x00, 0x00, 0x00, 0x00, 0x00, 0x00, 0x00, 0x00, 0x00,
    0x00, 0x8F, 0xA1, 0xCF, 0xA0, 0x00, 0x00, 0x00, 0x00, 0x00, 0x00, 0x00,
    0x00, 0x00, 0x00, 0x00, 0x07, 0x00, 0x17, 0x00, 0x00, 0x00, 0x00, 0x00,
    0x00, 0x00, 0x00, 0x00, 0x00, 0x00, 0x00, 0x00, 0x00, 0x00, 0x00, 0x00,
    0x00, 0x00, 0x00, 0x00, 0x00, 0x00, 0x00, 0x00, 0x00, 0x00, 0x00, 0x00,
    0x00, 0x00, 0x00, 0x00, 0x00, 0x00, 0x00, 0x00, 0x00, 0x00, 0x00, 0x03,
    0x00, 0x00, 0x0A, 0xA0, 0x00, 0x1D, 0xE0, 0x00, 0x02, 0x93, 0x00, 0x00,
    0x00, 0x00, 0xCF, 0x20, 0x00, 0x0F, 0xE0, 0x00, 0x0F, 0xF0, 0x00, 0x06,
    0xFA, 0x00, 0x00, 0x00, 0x00, 0xBF, 0x70, 0x00, 0x0F, 0xF0, 0x00, 0x0F,
    0xF0, 0x00, 0x0A, 0xF6, 0x00, 0x00, 0x00, 0x00, 0x7F, 0xC0, 0x00, 0x2F,
    0xF2, 0x00, 0x3F, 0xF3, 0x00, 0x0C, 0xF3, 0x00, 0x00, 0x00, 0x00, 0x3F,
    0xFA, 0x33, 0xBF, 0xFB, 0x33, 0xBF, 0xFC, 0x42, 0x0E, 0xF1, 0x00, 0x00,
    0x00, 0x00, 0x1F, 0xFF, 0xFF, 0xFC, 0xCF, 0xFF, 0xFE, 0xAF, 0xFF, 0x0F,
    0xF0, 0x00, 0x00, 0x00, 0x00, 0x0F, 0xF9, 0xEE, 0xA1, 0x1A, 0xEE, 0xB2,
    0x18, 0xDF, 0x0D, 0xF2, 0x00, 0x00, 0x00, 0x00, 0x2F, 0xD0, 0x00, 0x00,
    0x00, 0x00, 0x00, 0x00, 0x00, 0x0A, 0xF7, 0x00, 0x00, 0x00, 0x00, 0x6F,
    0xA0, 0x00, 0x00, 0x00, 0x00, 0x00, 0x00, 0x00, 0x05, 0xFE, 0x20, 0x00,
    0x00, 0x02, 0xEF, 0x50, 0x00, 0x00, 0x00, 0x00, 0x00, 0x00, 0x00, 0x00,
    0xBF, 0xE8, 0x42, 0x24, 0x8E, 0xFB, 0x00, 0x00, 0x00, 0x00, 0x00, 0x00,
    0x00, 0x00, 0x00, 0x1B, 0xFF, 0xFF, 0xFF, 0xFF, 0xB1, 0x00, 0x00, 0x00,
    0x00, 0x00, 0x00, 0x00, 0x00, 0x00, 0x00, 0x5A, 0xDE, 0xED, 0xA5, 0x00,
    0x00, 0x00, 0x00, 0x00, 0x00, 0x00, 0x00, 0x00, 0x00, 0x00, 0x00, 0x00,
    0x00, 0x02, 0x00, 0x00, 0x00, 0x00, 0x00, 0x00, 0x00, 0x00, 0x00, 0x8E,
    0x40, 0x00, 0x00, 0x00, 0x00, 0x00, 0x00, 0x00, 0x01, 0xCF, 0x80, 0x00,
    0x00, 0x00, 0x00, 0x00, 0x00, 0x00, 0x03, 0x18, 0x03, 0x00, 0x00, 0x00,
    0x00, 0x00, 0x00, 0x00, 0x9F, 0x50, 0x8F, 0x60, 0x00, 0x00, 0x00, 0x00,
    0x00, 0x01, 0xDF, 0x91, 0xCF, 0xA0, 0x00, 0x00, 0x00, 0x00, 0x00, 0x00,
    0x17, 0x00, 0x17, 0x00, 0x00, 0x00, 0x00, 0x00, 0x00, 0x00, 0x00, 0x00,
    0x00, 0x00, 0x01, 0x20, 0x00, 0x00, 0x00, 0x00, 0x00, 0x00, 0x00, 0x00,
    0x5F, 0xA0, 0x00, 0x00, 0x5B, 0x60, 0x00, 0x0A, 0xA0, 0x00, 0x4F, 0xD0,
    0x00, 0x00, 0x7F, 0x80, 0x00, 0x0F, 0xE0, 0x00, 0x2F, 0xE0, 0x00, 0x00,
    0x8F, 0x90, 0x00, 0x0F, 0xF0, 0x00, 0x0F, 0xF0, 0x00, 0x00, 0xAF, 0xD0,
    0x00, 0x3F, 0xF2, 0x00, 0x3F, 0xD0, 0x12, 0x38, 0xFF, 0xF9, 0x33, 0xBF,
    0xFB, 0x33, 0xBF, 0x90, 0x8F, 0xFF, 0xF8, 0xFF, 0xFF, 0xFC, 0xCF, 0xFF,
    0xFE, 0x20, 0x8F, 0xEB, 0x40, 0x5C, 0xFE, 0x91, 0x1A, 0xEE, 0xB3, 0x00,
    0x00, 0x00, 0x00, 0x00, 0x00, 0x20, 0x00, 0x00, 0x00, 0x00, 0x00, 0x00,
    0x00, 0x00, 0x00, 0x7E, 0x40, 0x00, 0x00, 0x00, 0x00, 0x00, 0x00, 0x00,
    0x00, 0x0C, 0xF8, 0x00, 0x00, 0x00, 0x00, 0x00, 0x00, 0x00, 0x00, 0x03,
    0x18, 0x03, 0x00, 0x00, 0x00, 0x00, 0x00, 0x00, 0x00, 0x07, 0xF5, 0x08,
    0xF6, 0x00, 0x00, 0x00, 0x00, 0x00, 0x00, 0x00, 0xBF, 0x91, 0xCF, 0xA0,
    0x00, 0x00, 0x00, 0x00, 0x00, 0x00, 0x01, 0x70, 0x01, 0x70, 0x00, 0x00,
    0x00, 0x00, 0x00, 0x00, 0x00, 0x00, 0x00, 0x00, 0x00, 0x00, 0x00, 0x00,
    0x00, 0x00, 0x00, 0x00, 0x00, 0x00, 0x00, 0x00, 0x00, 0x00, 0x00, 0x00,
    0x2A, 0x80, 0x00, 0x0A, 0xA0, 0x00, 0x1D, 0xE0, 0x00, 0x00, 0x02, 0xFC,
    0x00, 0x00, 0xFE, 0x00, 0x00, 0xFF, 0x00, 0x00, 0x00, 0x3F, 0xD0, 0x00,
    0x0F, 0xF0, 0x00, 0x0F, 0xF0, 0x00, 0x00, 0x05, 0xFF, 0x10, 0x03, 0xFF,
    0x20, 0x03, 0xFF, 0x30, 0x02, 0x25, 0xDF, 0xFB, 0x33, 0xBF, 0xFB, 0x33,
    0xBF, 0xFC, 0x42, 0xFF, 0xFF, 0xAE, 0xFF, 0xFF, 0xCC, 0xFF, 0xFF, 0xEA,
    0xFF, 0xFF, 0xED, 0x70, 0x3C, 0xEE, 0x91, 0x1A, 0xEE, 0xB2, 0x18, 0xDF,
    0x00, 0x00, 0x00, 0x00, 0x00, 0x00, 0x00, 0x00, 0x00, 0x00, 0x00, 0x00,
    0x10, 0x00, 0x00, 0x00, 0x00, 0x00, 0x00, 0x00, 0x00, 0x00, 0x00, 0x00,
    0x00, 0x05, 0xBF, 0xFE, 0x91, 0x00, 0x00, 0x00, 0x00, 0x00, 0x00, 0x00,
    0x00, 0x00, 0x00, 0x01, 0xAF, 0xFF, 0xFF, 0xFD, 0x20, 0x00, 0x00, 0x00,
    0x00, 0x00, 0x00, 0x00, 0x00, 0x00, 0x1C, 0xFF, 0x92, 0x03, 0xCF, 0x90,
    0x01, 0x61, 0x00, 0x00, 0x00, 0x00, 0x9E, 0x20, 0x00, 0xBF, 0xE4, 0x00,
    0x00, 0x3F, 0xE0, 0x05, 0xFB, 0x00, 0x00, 0x00, 0x00, 0xCF, 0x70, 0x08,
    0xFE, 0x30, 0x00, 0x00, 0x1F, 0xE0, 0x0A, 0xF7, 0x00, 0x00, 0x00, 0x00,
    0x7F, 0xD0, 0x4F, 0xF4, 0x00, 0x00, 0x00, 0x8F, 0xC0, 0x0C, 0xF3, 0x00,
    0x00, 0x00, 0x00, 0x4F, 0xFB, 0xDF, 0x92, 0x22, 0x35, 0x8D, 0xFF, 0x40,
    0x0E, 0xF1, 0x00, 0x00, 0x00, 0x00, 0x1F, 0xFF, 0xFF, 0xFF, 0xFF, 0xFF,
    0xFF, 0xE5, 0x00, 0x0F, 0xF0, 0x00, 0x00, 0x00, 0x00, 0x0F, 0xF7, 0xBD,
    0xFF, 0xFE, 0xDC, 0x95, 0x00, 0x00, 0x0D, 0xF2, 0x00, 0x00, 0x00, 0x00,
    0x2F, 0xD0, 0x00, 0x00, 0x00, 0x00, 0x00, 0x00, 0x00, 0x0B, 0xF6, 0x00,
    0x00, 0x00, 0x00, 0x6F, 0xA0, 0x00, 0x00, 0x00, 0x00, 0x00, 0x00, 0x00,
    0x06, 0xFE, 0x20, 0x00, 0x00, 0x02, 0xEF, 0x50, 0x00, 0x00, 0x00, 0x00,
    0x00, 0x00, 0x00, 0x00, 0xCF, 0xE8, 0x42, 0x24, 0x8E, 0xFB, 0x00, 0x00,
    0x00, 0x00, 0x00, 0x00, 0x00, 0x00, 0x00, 0x1C, 0xFF, 0xFF, 0xFF, 0xFF,
    0xB1, 0x00, 0x00, 0x00, 0x00, 0x00, 0x00, 0x00, 0x00, 0x00, 0x00, 0x5A,
    0xDE, 0xED, 0xA5, 0x00, 0x00, 0x00, 0x00, 0x00, 0x00, 0x00, 0x00, 0x00,
    0x00, 0x00, 0x00, 0x00, 0x00, 0x00, 0x00, 0x00, 0x00, 0x00, 0x00, 0x00,
    0x10, 0x00, 0x00, 0x00, 0x00, 0x00, 0x00, 0x00, 0x00, 0x00, 0x00, 0x00,
    0x00, 0x00, 0x5B, 0xFF, 0xE9, 0x10, 0x00, 0x00, 0x00, 0x00, 0x00, 0x00,
    0x00, 0x00, 0x00, 0x00, 0x01, 0xAF, 0xFF, 0xFF, 0xFE, 0x20, 0x00, 0x00,
    0x00, 0x00, 0x00, 0x00, 0x00, 0x00, 0x00, 0x01, 0xCF, 0xF9, 0x20, 0x3C,
    0xFA, 0x00, 0x01, 0x61, 0x00, 0x00, 0x00, 0x00, 0x9E, 0x20, 0x00, 0xBF,
    0xE4, 0x00, 0x00, 0x3F, 0xE0, 0x00, 0x5F, 0xB0, 0x00, 0x00, 0x00, 0x0C,
    0xF7, 0x00, 0x8F, 0xE3, 0x00, 0x00, 0x01, 0xFE, 0x00, 0x0A, 0xF7, 0x00,
    0x00, 0x00, 0x00, 0x7F, 0xD0, 0x4F, 0xF4, 0x00, 0x00, 0x00, 0x8F, 0xB0,
    0x00, 0xCF, 0x30, 0x00, 0x00, 0x00, 0x04, 0xFF, 0xBD, 0xF9, 0x22, 0x23,
    0x58, 0xDF, 0xF7, 0x21, 0x0E, 0xF1, 0x00, 0x00, 0x00, 0x00, 0x1F, 0xFF,
    0xFF, 0xFF, 0xFF, 0xFF, 0xFF, 0xEF, 0xFF, 0x80, 0xFF, 0x00, 0x00, 0x00,
    0x00, 0x00, 0xFF, 0x7B, 0xDF, 0xFF, 0xED, 0xB9, 0x40, 0x7C, 0xE7, 0x0D,
    0xF2, 0x00, 0x00, 0x00, 0x00, 0x2F, 0xD0, 0x00, 0x00, 0x00, 0x00, 0x00,
    0x00, 0x00, 0x00, 0xBF, 0x60, 0x00, 0x00, 0x00, 0x06, 0xFA, 0x00, 0x00,
    0x00, 0x00, 0x00, 0x00, 0x00, 0x00, 0x06, 0xFE, 0x20, 0x00, 0x00, 0x02,
    0xEF, 0x50, 0x00, 0x00, 0x00, 0x00, 0x00, 0x00, 0x00, 0x00, 0x0C, 0xFE,
    0x84, 0x22, 0x48, 0xEF, 0xB0, 0x00, 0x00, 0x00, 0x00, 0x00, 0x00, 0x00,
    0x00, 0x00, 0x1C, 0xFF, 0xFF, 0xFF, 0xFF, 0xB1, 0x00, 0x00, 0x00, 0x00,
    0x00, 0x00, 0x00, 0x00, 0x00, 0x00, 0x05, 0xAD, 0xEE, 0xDA, 0x50, 0x00,
    0x00, 0x00, 0x00, 0x00, 0x00, 0x00, 0x00, 0x00, 0x00, 0x00, 0x00, 0x00,
    0x00, 0x00, 0x00, 0x01, 0x00, 0x00, 0x00, 0x00, 0x00, 0x00, 0x00, 0x00,
    0x04, 0xBF, 0xFE, 0xA2, 0x00, 0x00, 0x00, 0x00, 0x00, 0x00, 0x09, 0xFF,
    0xFF, 0xFF, 0xE2, 0x00, 0x00, 0x1B, 0xC0, 0x00, 0x0A, 0xFF, 0xA3, 0x03,
    0xCF, 0x90, 0x00, 0x01, 0xFF, 0x00, 0x09, 0xFF, 0x50, 0x00, 0x03, 0xFE,
    0x00, 0x00, 0x1F, 0xF0, 0x05, 0xFF, 0x40, 0x00, 0x00, 0x1F, 0xE0, 0x00,
    0x04, 0xFF, 0x32, 0xEF, 0x60, 0x00, 0x00, 0x08, 0xFC, 0x01, 0x25, 0xDF,
    0xFC, 0xCF, 0xB2, 0x22, 0x35, 0x7C, 0xFF, 0x40, 0x8F, 0xFF, 0xBA, 0xFF,
    0xFF, 0xFF, 0xFF, 0xFF, 0xFE, 0x50, 0x08, 0xED, 0x70, 0x05, 0xBD, 0xEF,
    0xFE, 0xEC, 0x95, 0x10, 0x00, 0x00, 0x00, 0x00, 0x00, 0x00, 0x00, 0x00,
    0x01, 0x00, 0x00, 0x00, 0x00, 0x00, 0x00, 0x00, 0x00, 0x00, 0x4B, 0xFF,
    0xEA, 0x20, 0x00, 0x00, 0x00, 0x00, 0x00, 0x00, 0x08, 0xFF, 0xFF, 0xFF,
    0xE2, 0x00, 0x00, 0x01, 0xBC, 0x00, 0x00, 0xAF, 0xFA, 0x30, 0x3C, 0xFA,
    0x00, 0x00, 0x01, 0xFF, 0x00, 0x09, 0xFF, 0x50, 0x00, 0x03, 0xFE, 0x00,
    0x00, 0x01, 0xFF, 0x00, 0x5F, 0xF4, 0x00, 0x00, 0x01, 0xFE, 0x00, 0x00,
    0x04, 0xFF, 0x32, 0xEF, 0x60, 0x00, 0x00, 0x08, 0xFB, 0x00, 0x12, 0x5D,
    0xFF, 0xCC, 0xFB, 0x22, 0x23, 0x57, 0xCF, 0xF7, 0x22, 0x8F, 0xFF, 0xBA,
    0xFF, 0xFF, 0xFF, 0xFF, 0xFF, 0xFE, 0xFF, 0xFF, 0x8E, 0xD7, 0x00, 0x5B,
    0xDE, 0xFF, 0xEE, 0xC9, 0x50, 0x6B, 0xEF, 0x00, 0x00, 0x00, 0x00, 0x00,
    0x00, 0x00, 0x00, 0x00, 0x00, 0x00, 0x05, 0x50, 0x00, 0x00, 0x00, 0x00,
    0x00, 0x00, 0x00, 0x00, 0x00, 0x00, 0x00, 0x00, 0x00, 0x5F, 0xF6, 0x00,
    0x00, 0x00, 0x00, 0x00, 0x00, 0x00, 0x00, 0x00, 0x00, 0x00, 0x00, 0x00,
    0x3E, 0xE3, 0x00, 0x00, 0x00, 0x00, 0x00, 0x00, 0x00, 0x00, 0x00, 0x00,
    0x00, 0x00, 0x00, 0x02, 0x30, 0x00, 0x00, 0x00, 0x00, 0x00, 0x00, 0x00,
    0x00, 0x00, 0x00, 0x00, 0x00, 0x00, 0x00, 0x00, 0x00, 0x00, 0x00, 0x00,
    0x00, 0x00, 0x00, 0x00, 0x00, 0x00, 0x00, 0x00, 0x00, 0x00, 0x10, 0x00,
    0x00, 0x00, 0x00, 0x00, 0x00, 0x00, 0x00, 0x00, 0x00, 0x00, 0x00, 0x05,
    0xBF, 0xFE, 0x91, 0x00, 0x00, 0x00, 0x00, 0x00, 0x00, 0x00, 0x00, 0x00,
    0x00, 0x01, 0xAF, 0xFF, 0xFF, 0xFD, 0x20, 0x00, 0x00, 0x00, 0x00, 0x00,
    0x00, 0x00, 0x00, 0x00, 0x1C, 0xFF, 0x92, 0x03, 0xCF, 0x90, 0x01, 0x61,
    0x00, 0x00, 0x00, 0x00, 0x9E, 0x20, 0x00, 0xBF, 0xE4, 0x00, 0x00, 0x3F,
    0xE0, 0x05, 0xFB, 0x00, 0x00, 0x00, 0x00, 0xCF, 0x70, 0x08, 0xFE, 0x30,
    0x00, 0x00, 0x1F, 0xE0, 0x0A, 0xF7, 0x00, 0x00, 0x00, 0x00, 0x7F, 0xD0,
    0x4F, 0xF4, 0x00, 0x00, 0x00, 0x8F, 0xC0, 0x0C, 0xF3, 0x00, 0x00, 0x00,
    0x00, 0x4F, 0xFB, 0xDF, 0x92, 0x22, 0x35, 0x8D, 0xFF, 0x40, 0x0E, 0xF1,
    0x00, 0x00, 0x00, 0x00, 0x1F, 0xFF, 0xFF, 0xFF, 0xFF, 0xFF, 0xFF, 0xE5,
    0x00, 0x0F, 0xF0, 0x00, 0x00, 0x00, 0x00, 0x0F, 0xF7, 0xBD, 0xFF, 0xFE,
    0xDC, 0x95, 0x00, 0x00, 0x0D, 0xF2, 0x00, 0x00, 0x00, 0x00, 0x2F, 0xD0,
    0x00, 0x00, 0x00, 0x00, 0x00, 0x00, 0x00, 0x0B, 0xF6, 0x00, 0x00, 0x00,
    0x00, 0x6F, 0xA0, 0x00, 0x00, 0x00, 0x00, 0x00, 0x00, 0x00, 0x06, 0xFE,
    0x20, 0x00, 0x00, 0x02, 0xEF, 0x50, 0x00, 0x00, 0x00, 0x00, 0x00, 0x00,
    0x00, 0x00, 0xCF, 0xE8, 0x42, 0x24, 0x8E, 0xFB, 0x00, 0x00, 0x00, 0x00,
    0x00, 0x00, 0x00, 0x00, 0x00, 0x1C, 0xFF, 0xFF, 0xFF, 0xFF, 0xB1, 0x00,
    0x00, 0x00, 0x00, 0x00, 0x00, 0x00, 0x00, 0x00, 0x00, 0x5A, 0xDE, 0xED,
    0xA5, 0x00, 0x00, 0x00, 0x00, 0x00, 0x00, 0x00, 0x00, 0x00, 0x00, 0x00,
    0x00, 0x00, 0x00, 0x00, 0x00, 0x00, 0x00, 0x00, 0x00, 0x05, 0x50, 0x00,
    0x00, 0x00, 0x00, 0x00, 0x00, 0x00, 0x00, 0x00, 0x00, 0x00, 0x00, 0x00,
    0x05, 0xFF, 0x60, 0x00, 0x00, 0x00, 0x00, 0x00, 0x00, 0x00, 0x00, 0x00,
    0x00, 0x00, 0x00, 0x00, 0x3E, 0xE3, 0x00, 0x00, 0x00, 0x00, 0x00, 0x00,
    0x00, 0x00, 0x00, 0x00, 0x00, 0x00, 0x00, 0x00, 0x23, 0x00, 0x00, 0x00,
    0x00, 0x00, 0x00, 0x00, 0x00, 0x00, 0x00, 0x00, 0x00, 0x00, 0x00, 0x00,
    0x00, 0x00, 0x00, 0x00, 0x00, 0x00, 0x00, 0x00, 0x00, 0x00, 0x00, 0x00,
    0x00, 0x00, 0x00, 0x01, 0x00, 0x00, 0x00, 0x00, 0x00, 0x00, 0x00, 0x00,
    0x00, 0x00, 0x00, 0x00, 0x00, 0x05, 0xBF, 0xFE, 0x91, 0x00, 0x00, 0x00,
    0x00, 0x00, 0x00, 0x00, 0x00, 0x00, 0x00, 0x00, 0x1A, 0xFF, 0xFF, 0xFF,
    0xE2, 0x00, 0x00, 0x00, 0x00, 0x00, 0x00, 0x00, 0x00, 0x00, 0x00, 0x1C,
    0xFF, 0x92, 0x03, 0xCF, 0xA0, 0x00, 0x16, 0x10, 0x00, 0x00, 0x00, 0x09,
    0xE2, 0x00, 0x0B, 0xFE, 0x40, 0x00, 0x03, 0xFE, 0x00, 0x05, 0xFB, 0x00,
    0x00, 0x00, 0x00, 0xCF, 0x70, 0x08, 0xFE, 0x30, 0x00, 0x00, 0x1F, 0xE0,
    0x00, 0xAF, 0x70, 0x00, 0x00, 0x00, 0x07, 0xFD, 0x04, 0xFF, 0x40, 0x00,
    0x00, 0x08, 0xFB, 0x00, 0x0C, 0xF3, 0x00, 0x00, 0x00, 0x00, 0x4F, 0xFB,
    0xDF, 0x92, 0x22, 0x35, 0x8D, 0xFF, 0x72, 0x10, 0xEF, 0x10, 0x00, 0x00,
    0x00, 0x01, 0xFF, 0xFF, 0xFF, 0xFF, 0xFF, 0xFF, 0xFE, 0xFF, 0xF8, 0x0F,
    0xF0, 0x00, 0x00, 0x00, 0x00, 0x0F, 0xF7, 0xBD, 0xFF, 0xFE, 0xDB, 0x94,
    0x07, 0xCE, 0x70, 0xDF, 0x20, 0x00, 0x00, 0x00, 0x02, 0xFD, 0x00, 0x00,
    0x00, 0x00, 0x00, 0x00, 0x00, 0x00, 0x0B, 0xF6, 0x00, 0x00, 0x00, 0x00,
    0x6F, 0xA0, 0x00, 0x00, 0x00, 0x00, 0x00, 0x00, 0x00, 0x00, 0x6F, 0xE2,
    0x00, 0x00, 0x00, 0x2E, 0xF5, 0x00, 0x00, 0x00, 0x00, 0x00, 0x00, 0x00,
    0x00, 0x00, 0xCF, 0xE8, 0x42, 0x24, 0x8E, 0xFB, 0x00, 0x00, 0x00, 0x00,
    0x00, 0x00, 0x00, 0x00, 0x00, 0x01, 0xCF, 0xFF, 0xFF, 0xFF, 0xFB, 0x10,
    0x00, 0x00, 0x00, 0x00, 0x00, 0x00, 0x00, 0x00, 0x00, 0x00, 0x5A, 0xDE,
    0xED, 0xA5, 0x00, 0x00, 0x00, 0x00, 0x00, 0x00, 0x00, 0x00, 0x00, 0x00,
    0x00, 0x00, 0x00, 0x00, 0x00, 0x00, 0x00, 0x55, 0x00, 0x00, 0x00, 0x00,
    0x00, 0x00, 0x00, 0x00, 0x00, 0x5F, 0xF5, 0x00, 0x00, 0x00, 0x00, 0x00,
    0x00, 0x00, 0x00, 0x03, 0xEE, 0x30, 0x00, 0x00, 0x00, 0x00, 0x00, 0x00,
    0x00, 0x00, 0x03, 0x30, 0x00, 0x00, 0x00, 0x00, 0x00, 0x00, 0x00, 0x00,
    0x00, 0x00, 0x00, 0x00, 0x00, 0x00, 0x00, 0x00, 0x00, 0x00, 0x00, 0x00,
    0x10, 0x00, 0x00, 0x00, 0x00, 0x00, 0x00, 0x00, 0x00, 0x4B, 0xFF, 0xEA,
    0x20, 0x00, 0x00, 0x00, 0x00, 0x00, 0x00, 0x9F, 0xFF, 0xFF, 0xFE, 0x20,
    0x00, 0x01, 0xBC, 0x00, 0x00, 0xAF, 0xFA, 0x30, 0x3C, 0xF9, 0x00, 0x00,
    0x1F, 0xF0, 0x00, 0x9F, 0xF5, 0x00, 0x00, 0x3F, 0xE0, 0x00, 0x01, 0xFF,
    0x00, 0x5F, 0xF4, 0x00, 0x00, 0x01, 0xFE, 0x00, 0x00, 0x4F, 0xF3, 0x2E,
    0xF6, 0x00, 0x00, 0x00, 0x8F, 0xC0, 0x12, 0x5D, 0xFF, 0xCC, 0xFB, 0x22,
    0x23, 0x57, 0xCF, 0xF4, 0x08, 0xFF, 0xFB, 0xAF, 0xFF, 0xFF, 0xFF, 0xFF,
    0xFF, 0xE5, 0x00, 0x8E, 0xD7, 0x00, 0x5B, 0xDE, 0xFF, 0xEE, 0xC9, 0x51,
    0x00, 0x00, 0x00, 0x00, 0x00, 0x00, 0x00, 0x00, 0x00, 0x55, 0x00, 0x00,
    0x00, 0x00, 0x00, 0x00, 0x00, 0x00, 0x00, 0x05, 0xFF, 0x50, 0x00, 0x00,
    0x00, 0x00, 0x00, 0x00, 0x00, 0x00, 0x03, 0xEE, 0x30, 0x00, 0x00, 0x00,
    0x00, 0x00, 0x00, 0x00, 0x00, 0x00, 0x33, 0x00, 0x00, 0x00, 0x00, 0x00,
    0x00, 0x00, 0x00, 0x00, 0x00, 0x00, 0x00, 0x00, 0x00, 0x00, 0x00, 0x00,
    0x00, 0x00, 0x00, 0x00, 0x01, 0x00, 0x00, 0x00, 0x00, 0x00, 0x00, 0x00,
    0x00, 0x00, 0x4B, 0xFF, 0xEA, 0x20, 0x00, 0x00, 0x00, 0x00, 0x00, 0x00,
    0x08, 0xFF, 0xFF, 0xFF, 0xE2, 0x00, 0x00, 0x01, 0xBC, 0x00, 0x00, 0xAF,
    0xFA, 0x30, 0x3C, 0xFA, 0x00, 0x00, 0x01, 0xFF, 0x00, 0x09, 0xFF, 0x50,
    0x00, 0x03, 0xFE, 0x00, 0x00, 0x01, 0xFF, 0x00, 0x5F, 0xF4, 0x00, 0x00,
    0x01, 0xFE, 0x00, 0x00, 0x04, 0xFF, 0x32, 0xEF, 0x60, 0x00, 0x00, 0x08,
    0xFB, 0x00, 0x12, 0x5D, 0xFF, 0xCC, 0xFB, 0x22, 0x23, 0x57, 0xCF, 0xF7,
    0x22, 0x8F, 0xFF, 0xBA, 0xFF, 0xFF, 0xFF, 0xFF, 0xFF, 0xFE, 0xFF, 0xFF,
    0x8E, 0xD7, 0x00, 0x5B, 0xDE, 0xFF, 0xEE, 0xC9, 0x50, 0x6B, 0xEF, 0x00,
    0x00, 0x0F, 0xF0, 0x00, 0x00, 0x00, 0x00, 0x00, 0x00, 0x00, 0x0F, 0xF0,
    0x00, 0x00, 0x00, 0x00, 0x00, 0x00, 0x00, 0x0F, 0xF0, 0x00, 0x00, 0x00,
    0x00, 0x00, 0x00, 0x00, 0x0F, 0xF0, 0x00, 0x00, 0x00, 0x00, 0x00, 0x00,
    0x00, 0x0F, 0xF0, 0x00, 0x00, 0x00, 0x00, 0x00, 0x00, 0x00, 0x0F, 0xF0,
    0x00, 0x00, 0x00, 0x00, 0x00, 0x00, 0x00, 0x0F, 0xF0, 0x00, 0x00, 0x10,
    0x00, 0x00, 0x00, 0x00, 0x0F, 0xF0, 0x04, 0xBF, 0xFE, 0xA2, 0x00, 0x00,
    0x00, 0x0F, 0xF0, 0x9F, 0xFF, 0xFF, 0xFE, 0x20, 0x00, 0x00, 0x0F, 0xFA,
    0xFF, 0x92, 0x03, 0xCF, 0xA0, 0x00, 0x00, 0x0F, 0xFF, 0xE4, 0x00, 0x00,
    0x3F, 0xE0, 0x00, 0x00, 0x0F, 0xFE, 0x30, 0x00, 0x00, 0x1F, 0xE0, 0x00,
    0x00, 0x1F, 0xF4, 0x00, 0x00, 0x00, 0x8F, 0xB0, 0x01, 0x22, 0xAF, 0x92,
    0x23, 0x45, 0x8D, 0xFF, 0x40, 0x08, 0xFF, 0xFF, 0xFF, 0xFF, 0xFF, 0xFF,
    0xE5, 0x00, 0x08, 0xFF, 0xFF, 0xFF, 0xFE, 0xEC, 0x95, 0x10, 0x00, 0x00,
    0x00, 0x0F, 0xF0, 0x00, 0x00, 0x00, 0x00, 0x00, 0x00, 0x00, 0x0F, 0xF0,
    0x00, 0x00, 0x00, 0x00, 0x00, 0x00, 0x00, 0x0F, 0xF0, 0x00, 0x00, 0x00,
    0x00, 0x00, 0x00, 0x00, 0x0F, 0xF0, 0x00, 0x00, 0x00, 0x00, 0x00, 0x00,
    0x00, 0x0F, 0xF0, 0x00, 0x00, 0x00, 0x00, 0x00, 0x00, 0x00, 0x0F, 0xF0,
    0x00, 0x00, 0x00, 0x00, 0x00, 0x00, 0x00, 0x0F, 0xF0, 0x00, 0x01, 0x00,
    0x00, 0x00, 0x00, 0x00, 0x0F, 0xF0, 0x06, 0xDF, 0xFB, 0x30, 0x00, 0x00,
    0x00, 0x0F, 0xF0, 0xAF, 0xFF, 0xFF, 0xE2, 0x00, 0x00, 0x00, 0x0F, 0xFA,
    0xFD, 0x51, 0x2C, 0xFA, 0x00, 0x00, 0x00, 0x0F, 0xFF, 0xB1, 0x00, 0x02,
    0xFE, 0x00, 0x00, 0x00, 0x0F, 0xFD, 0x10, 0x00, 0x01, 0xFE, 0x00, 0x00,
    0x00, 0x2F, 0xE2, 0x00, 0x00, 0x08, 0xFB, 0x00, 0x02, 0x22, 0xBF, 0x92,
    0x23, 0x47, 0xCF, 0xF7, 0x32, 0x0F, 0xFF, 0xFF, 0xFF, 0xFF, 0xFF, 0xFE,
    0xFF, 0xFF, 0x0F, 0xFF, 0xFF, 0xFF, 0xFE, 0xC9, 0x50, 0x6B, 0xEF, 0x00,
    0x0F, 0xF0, 0x00, 0x00, 0x00, 0x00, 0x00, 0x00, 0x0F, 0xF0, 0x00, 0x00,
    0x00, 0x00, 0x00, 0x00, 0x0F, 0xF0, 0x00, 0x00, 0x00, 0x00, 0x00, 0x00,
    0x0F, 0xF0, 0x00, 0x00, 0x00, 0x00, 0x00, 0x00, 0x0F, 0xF0, 0x00, 0x00,
    0x00, 0x00, 0x00, 0x00, 0x0F, 0xF0, 0x00, 0x00, 0x00, 0x00, 0x00, 0x00,
    0x0F, 0xF0, 0x00, 0x00, 0x10, 0x00, 0x00, 0x00, 0x0F, 0xF0, 0x04, 0xBF,
    0xFE, 0xA2, 0x00, 0x00, 0x0F, 0xF0, 0x9F, 0xFF, 0xFF, 0xFE, 0x20, 0x00,
    0x0F, 0xF9, 0xFF, 0x82, 0x03, 0xCF, 0xA0, 0x00, 0x0F, 0xFF, 0xE3, 0x00,
    0x00, 0x3F, 0xE0, 0x00, 0x0F, 0xFE, 0x30, 0x00, 0x00, 0x1F, 0xE0, 0x00,
    0x1F, 0xF4, 0x00, 0x00, 0x00, 0x8F, 0xB0, 0x22, 0xBF, 0x92, 0x23, 0x45,
    0x8D, 0xFF, 0x40, 0xFF, 0xFF, 0xFF, 0xFF, 0xFF, 0xFF, 0xE5, 0x00, 0xFF,
    0xFF, 0xFF, 0xFE, 0xDC, 0x95, 0x00, 0x00, 0x00, 0x0F, 0xF0, 0x00, 0x00,
    0x00, 0x00, 0x00, 0x00, 0x00, 0xFF, 0x00, 0x00, 0x00, 0x00, 0x00, 0x00,
    0x00, 0x0F, 0xF0, 0x00, 0x00, 0x00, 0x00, 0x00, 0x00, 0x00, 0xFF, 0x00,
    0x00, 0x00, 0x00, 0x00, 0x00, 0x00, 0x0F, 0xF0, 0x00, 0x00, 0x00, 0x00,
    0x00, 0x00, 0x00, 0xFF, 0x00, 0x00, 0x00, 0x00, 0x00, 0x00, 0x00, 0x0F,
    0xF0, 0x00, 0x00, 0x10, 0x00, 0x00, 0x00, 0x00, 0xFF, 0x00, 0x4B, 0xFF,
    0xEA, 0x10, 0x00, 0x00, 0x0F, 0xF0, 0x8F, 0xFF, 0xFF, 0xFE, 0x20, 0x00,
    0x00, 0xFF, 0x9F, 0xF8, 0x20, 0x3C, 0xFA, 0x00, 0x00, 0x0F, 0xFF, 0xE3,
    0x00, 0x00, 0x3F, 0xE0, 0x00, 0x00, 0xFF, 0xE3, 0x00, 0x00, 0x01, 0xFE,
    0x00, 0x00, 0x1F, 0xF4, 0x00, 0x00, 0x00, 0x8F, 0xB0, 0x02, 0x2B, 0xF9,
    0x22, 0x34, 0x58, 0xDF, 0xF7, 0x32, 0xFF, 0xFF, 0xFF, 0xFF, 0xFF, 0xFF,
    0xEF, 0xFF, 0xFF, 0xFF, 0xFF, 0xFF, 0xED, 0xC9, 0x40, 0x6B, 0xEF, 0x00,
    0x00, 0x0F, 0xF0, 0x00, 0x00, 0x00, 0x00, 0x00, 0x00, 0x00, 0x0F, 0xF0,
    0x00, 0x04, 0x90, 0x00, 0x00, 0x00, 0x00, 0x0F, 0xF0, 0x00, 0x3F, 0xFA,
    0x00, 0x00, 0x00, 0x00, 0x0F, 0xF0, 0x00, 0x1B, 0xE4, 0x00, 0x00, 0x00,
    0x00, 0x0F, 0xF0, 0x00, 0x01, 0x30, 0x00, 0x00, 0x00, 0x00, 0x0F, 0xF0,
    0x00, 0x00, 0x00, 0x00, 0x00, 0x00, 0x00, 0x0F, 0xF0, 0x00, 0x00, 0x10,
    0x00, 0x00, 0x00, 0x00, 0x0F, 0xF0, 0x04, 0xBF, 0xFE, 0xA2, 0x00, 0x00,
    0x00, 0x0F, 0xF0, 0x9F, 0xFF, 0xFF, 0xFE, 0x20, 0x00, 0x00, 0x0F, 0xFA,
    0xFF, 0x92, 0x03, 0xCF, 0xA0, 0x00, 0x00, 0x0F, 0xFF, 0xE4, 0x00, 0x00,
    0x3F, 0xE0, 0x00, 0x00, 0x0F, 0xFE, 0x30, 0x00, 0x00, 0x1F, 0xE0, 0x00,
    0x00, 0x1F, 0xF4, 0x00, 0x00, 0x00, 0x8F, 0xB0, 0x01, 0x22, 0xAF, 0x92,
    0x23, 0x45, 0x8D, 0xFF, 0x40, 0x08, 0xFF, 0xFF, 0xFF, 0xFF, 0xFF, 0xFF,
    0xE5, 0x00, 0x08, 0xFF, 0xFF, 0xFF, 0xFE, 0xEC, 0x95, 0x10, 0x00, 0x00,
    0x00, 0x0F, 0xF0, 0x00, 0x00, 0x00, 0x00, 0x00, 0x00, 0x00, 0x0F, 0xF0,
    0x00, 0x1A, 0x10, 0x00, 0x00, 0x00, 0x00, 0x0F, 0xF0, 0x00, 0xAF, 0xC0,
    0x00, 0x00, 0x00, 0x00, 0x0F, 0xF0, 0x00, 0x5F, 0x70, 0x00, 0x00, 0x00,
    0x00, 0x0F, 0xF0, 0x00, 0x04, 0x00, 0x00, 0x00, 0x00, 0x00, 0x0F, 0xF0,
    0x00, 0x00, 0x00, 0x00, 0x00, 0x00, 0x00, 0x0F, 0xF0, 0x00, 0x01, 0x00,
    0x00, 0x00, 0x00, 0x00, 0x0F, 0xF0, 0x06, 0xDF, 0xFB, 0x30, 0x00, 0x00,
    0x00, 0x0F, 0xF0, 0xAF, 0xFF, 0xFF, 0xE2, 0x00, 0x00, 0x00, 0x0F, 0xFA,
    0xFD, 0x51, 0x2C, 0xFA, 0x00, 0x00, 0x00, 0x0F, 0xFF, 0xB1, 0x00, 0x02,
    0xFE, 0x00, 0x00, 0x00, 0x0F, 0xFD, 0x10, 0x00, 0x01, 0xFE, 0x00, 0x00,
    0x00, 0x2F, 0xE2, 0x00, 0x00, 0x08, 0xFB, 0x00, 0x02, 0x22, 0xBF, 0x92,
    0x23, 0x47, 0xCF, 0xF7, 0x32, 0x0F, 0xFF, 0xFF, 0xFF, 0xFF, 0xFF, 0xFE,
    0xFF, 0xFF, 0x0F, 0xFF, 0xFF, 0xFF, 0xFE, 0xC9, 0x50, 0x6B, 0xEF, 0x00,
    0x0F, 0xF0, 0x00, 0x00, 0x00, 0x00, 0x00, 0x00, 0x0F, 0xF0, 0x00, 0x03,
    0xA0, 0x00, 0x00, 0x00, 0x0F, 0xF0, 0x00, 0x3E, 0xFA, 0x00, 0x00, 0x00,
    0x0F, 0xF0, 0x00, 0x0B, 0xF5, 0x00, 0x00, 0x00, 0x0F, 0xF0, 0x00, 0x00,
    0x30, 0x00, 0x00, 0x00, 0x0F, 0xF0, 0x00, 0x00, 0x00, 0x00, 0x00, 0x00,
    0x0F, 0xF0, 0x00, 0x00, 0x10, 0x00, 0x00, 0x00, 0x0F, 0xF0, 0x04, 0xBF,
    0xFE, 0xA2, 0x00, 0x00, 0x0F, 0xF0, 0x9F, 0xFF, 0xFF, 0xFE, 0x20, 0x00,
    0x0F, 0xF9, 0xFF, 0x82, 0x03, 0xCF, 0xA0, 0x00, 0x0F, 0xFF, 0xE3, 0x00,
    0x00, 0x3F, 0xE0, 0x00, 0x0F, 0xFE, 0x30, 0x00, 0x00, 0x1F, 0xE0, 0x00,
    0x1F, 0xF4, 0x00, 0x00, 0x00, 0x8F, 0xB0, 0x22, 0xBF, 0x92, 0x23, 0x45,
    0x8D, 0xFF, 0x40, 0xFF, 0xFF, 0xFF, 0xFF, 0xFF, 0xFF, 0xE5, 0x00, 0xFF,
    0xFF, 0xFF, 0xFE, 0xDC, 0x95, 0x00, 0x00, 0x00, 0x0F, 0xF0, 0x00, 0x00,
    0x00, 0x00, 0x00, 0x00, 0x00, 0xFF, 0x00, 0x00, 0x3A, 0x00, 0x00, 0x00,
    0x00, 0x0F, 0xF0, 0x00, 0x3E, 0xFB, 0x00, 0x00, 0x00, 0x00, 0xFF, 0x00,
    0x00, 0xBF, 0x50, 0x00, 0x00, 0x00, 0x0F, 0xF0, 0x00, 0x00, 0x40, 0x00,
    0x00, 0x00, 0x00, 0xFF, 0x00, 0x00, 0x00, 0x00, 0x00, 0x00, 0x00, 0x0F,
    0xF0, 0x00, 0x00, 0x10, 0x00, 0x00, 0x00, 0x00, 0xFF, 0x00, 0x4B, 0xFF,
    0xEA, 0x10, 0x00, 0x00, 0x0F, 0xF0, 0x8F, 0xFF, 0xFF, 0xFE, 0x20, 0x00,
    0x00, 0xFF, 0x9F, 0xF8, 0x20, 0x3C, 0xFA, 0x00, 0x00, 0x0F, 0xFF, 0xE3,
    0x00, 0x00, 0x3F, 0xE0, 0x00, 0x00, 0xFF, 0xE3, 0x00, 0x00, 0x01, 0xFE,
    0x00, 0x00, 0x1F, 0xF4, 0x00, 0x00, 0x00, 0x8F, 0xB0, 0x02, 0x2B, 0xF9,
    0x22, 0x34, 0x58, 0xDF, 0xF7, 0x32, 0xFF, 0xFF, 0xFF, 0xFF, 0xFF, 0xFF,
    0xEF, 0xFF, 0xFF, 0xFF, 0xFF, 0xFF, 0xED, 0xC9, 0x40, 0x6B, 0xEF, 0x00,
    0x00, 0x00, 0x6C, 0xFD, 0x92, 0x00, 0x00, 0x00, 0x00, 0xAF, 0xFF, 0xFF,
    0xF3, 0x00, 0x00, 0x00, 0x6F, 0xE6, 0x24, 0x9E, 0x10, 0x00, 0x00, 0x0C,
    0xF5, 0x00, 0x00, 0x10, 0x00, 0x00, 0x00, 0xFF, 0x10, 0x00, 0x00, 0x00,
    0x00, 0x00, 0x0E, 0xF2, 0x00, 0x00, 0x00, 0x00, 0x00, 0x00, 0x9F, 0xB0,
    0x00, 0x00, 0x00, 0x00, 0x00, 0x02, 0xEF, 0xCC, 0xEF, 0xF8, 0x00, 0x00,
    0x01, 0x8E, 0xFF, 0xFF, 0xFF, 0x80, 0x00, 0x02, 0xDF, 0xFB, 0x74, 0x32,
    0x21, 0x00, 0x00, 0xDF, 0xB2, 0x00, 0x00, 0x00, 0x00, 0x00, 0x6F, 0xC0,
    0x00, 0x00, 0x00, 0x00, 0x00, 0x0C, 0xF4, 0x00, 0x00, 0x00, 0x00, 0x00,
    0x00, 0xEF, 0x10, 0x00, 0x00, 0x00, 0x00, 0x00, 0x0E, 0xF1, 0x00, 0x00,
    0x00, 0x00, 0x00, 0x00, 0xCF, 0x50, 0x00, 0x00, 0x00, 0x00, 0x00, 0x07,
    0xFD, 0x20, 0x00, 0x00, 0x00, 0x00, 0x00, 0x0C, 0xFE, 0x94, 0x22, 0x35,
    0x8C, 0x50, 0x00, 0x1B, 0xFF, 0xFF, 0xFF, 0xFF, 0xF9, 0x00, 0x00, 0x04,
    0x9C, 0xEF, 0xEC, 0xA5, 0x10, 0x00, 0x00, 0x00, 0x01, 0x00, 0x00, 0x00,
    0x00, 0x00, 0x6B, 0xEF, 0xFF, 0xEA, 0x60, 0x00, 0x00, 0xCF, 0xFF, 0xFF,
    0xFF, 0xFF, 0xC0, 0x00, 0x0C, 0xF7, 0x21, 0x01, 0x3A, 0xFC, 0x00, 0x00,
    0x3F, 0xC1, 0x00, 0x03, 0xEF, 0x30, 0x00, 0x00, 0x7F, 0xC1, 0x03, 0xEF,
    0x70, 0x00, 0x00, 0x00, 0x8F, 0xC6, 0xEF, 0x80, 0x00, 0x00, 0x00, 0x00,
    0xAF, 0xFF, 0x80, 0x00, 0x00, 0x00, 0x00, 0x6F, 0xFF, 0xFD, 0x74, 0x22,
    0x10, 0x00, 0x9F, 0xE7, 0x4C, 0xFF, 0xFF, 0xF8, 0x00, 0x9F, 0xC2, 0x00,
    0x04, 0x9C, 0xEF, 0x80, 0x6F, 0xC1, 0x00, 0x00, 0x00, 0x00, 0x00, 0x0C,
    0xF3, 0x00, 0x00, 0x00, 0x00, 0x00, 0x00, 0xFF, 0x00, 0x00, 0x00, 0x00,
    0x00, 0x00, 0x0D, 0xF3, 0x00, 0x00, 0x00, 0x00, 0x00, 0x00, 0xAF, 0xB0,
    0x00, 0x00, 0x00, 0x00, 0x00, 0x02, 0xFF, 0xD6, 0x20, 0x02, 0x37, 0x60,
    0x00, 0x04, 0xEF, 0xFF, 0xFF, 0xFF, 0xFC, 0x00, 0x00, 0x01, 0x8C, 0xFF,
    0xFF, 0xEB, 0x60, 0x00, 0x00, 0x00, 0x00, 0x11, 0x00, 0x00, 0x00, 0x00,
    0x00, 0x00, 0x11, 0x00, 0x00, 0x00, 0x00, 0x06, 0xDF, 0xFE, 0x92, 0x00,
    0x00, 0x0B, 0xFF, 0xFF, 0xFF, 0xF2, 0x00, 0x07, 0xFE, 0x61, 0x14, 0x9B,
    0x00, 0x00, 0xDF, 0x40, 0x00, 0x00, 0x00, 0x00, 0x0F, 0xF1, 0x00, 0x00,
    0x00, 0x00, 0x00, 0xDF, 0x30, 0x00, 0x00, 0x00, 0x00, 0x08, 0xFC, 0x10,
    0x02, 0x58, 0xB0, 0x22, 0x3E, 0xFD, 0xAD, 0xFF, 0xFF, 0x0F, 0xFF, 0xFF,
    0xFF, 0xFF, 0xEA, 0x60, 0xFF, 0xEE, 0xCA, 0x85, 0x20, 0x00, 0x00, 0x00,
    0x00, 0x00, 0x01, 0x00, 0x00, 0x00, 0x00, 0x06, 0xAE, 0xFF, 0xFE, 0xA6,
    0x00, 0x00, 0xCF, 0xFF, 0xFF, 0xFF, 0xFF, 0xB0, 0x00, 0xDF, 0x93, 0x10,
    0x13, 0x9F, 0xD0, 0x00, 0x4F, 0xE2, 0x00, 0x02, 0xEF, 0x40, 0x00, 0x07,
    0xFD, 0x20, 0x2D, 0xF7, 0x00, 0x00, 0x00, 0x9F, 0xE6, 0xEF, 0x90, 0x00,
    0x22, 0x22, 0x3C, 0xFF, 0xFC, 0x32, 0x22, 0xFF, 0xFF, 0xFF, 0xFD, 0xFF,
    0xFF, 0xFF, 0xFF, 0xED, 0xB8, 0x30, 0x49, 0xDE, 0xFF, 0x00, 0x00, 0x00,
    0x00, 0x10, 0x00, 0x00, 0x00, 0x00, 0x00, 0x00, 0x9C, 0x10, 0x00, 0x00,
    0x00, 0x00, 0x00, 0x4F, 0xF8, 0x00, 0x00, 0x00, 0x00, 0x00, 0x00, 0x7B,
    0x10, 0x00, 0x00, 0x00, 0x00, 0x00, 0x00, 0x00, 0x00, 0x00, 0x00, 0x00,
    0x00, 0x00, 0x00, 0x00, 0x00, 0x00, 0x00, 0x00, 0x00, 0x6C, 0xFD, 0x92,
    0x00, 0x00, 0x00, 0x00, 0xAF, 0xFF, 0xFF, 0xF3, 0x00, 0x00, 0x00, 0x6F,
    0xE6, 0x24, 0x9E, 0x10, 0x00, 0x00, 0x0C, 0xF5, 0x00, 0x00, 0x10, 0x00,
    0x00, 0x00, 0xFF, 0x10, 0x00, 0x00, 0x00, 0x00, 0x00, 0x0E, 0xF2, 0x00,
    0x00, 0x00, 0x00, 0x00, 0x00, 0x9F, 0xB0, 0x00, 0x00, 0x00, 0x00, 0x00,
    0x02, 0xEF, 0xCC, 0xEF, 0xF8, 0x00, 0x00, 0x01, 0x8E, 0xFF, 0xFF, 0xFF,
    0x80, 0x00, 0x02, 0xDF, 0xFB, 0x74, 0x32, 0x21, 0x00, 0x00, 0xDF, 0xB2,
    0x00, 0x00, 0x00, 0x00, 0x00, 0x6F, 0xC0, 0x00, 0x00, 0x00, 0x00, 0x00,
    0x0C, 0xF4, 0x00, 0x00, 0x00, 0x00, 0x00, 0x00, 0xEF, 0x10, 0x00, 0x00,
    0x00, 0x00, 0x00, 0x0E, 0xF1, 0x00, 0x00, 0x00, 0x00, 0x00, 0x00, 0xCF,
    0x50, 0x00, 0x00, 0x00, 0x00, 0x00, 0x07, 0xFD, 0x20, 0x00, 0x00, 0x00,
    0x00, 0x00, 0x0C, 0xFE, 0x94, 0x22, 0x35, 0x8C, 0x50, 0x00, 0x1B, 0xFF,
    0xFF, 0xFF, 0xFF, 0xF9, 0x00, 0x00, 0x04, 0x9C, 0xEF, 0xEC, 0xA5, 0x10,
    0x00, 0x00, 0x00, 0x03, 0x00, 0x00, 0x00, 0x00, 0x00, 0x00, 0x1B, 0xF4,
    0x00, 0x00, 0x00, 0x00, 0x00, 0x03, 0xEF, 0x90, 0x00, 0x00, 0x00, 0x00,
    0x00, 0x03, 0x90, 0x00, 0x00, 0x00, 0x00, 0x00, 0x00, 0x00, 0x00, 0x00,
    0x00, 0x00, 0x00, 0x00, 0x00, 0x10, 0x00, 0x00, 0x00, 0x00, 0x06, 0xBE,
    0xFF, 0xFE, 0xA6, 0x00, 0x00, 0x0C, 0xFF, 0xFF, 0xFF, 0xFF, 0xFC, 0x00,
    0x00, 0xCF, 0x72, 0x10, 0x13, 0xAF, 0xC0, 0x00, 0x03, 0xFC, 0x10, 0x00,
    0x3E, 0xF3, 0x00, 0x00, 0x07, 0xFC, 0x10, 0x3E, 0xF7, 0x00, 0x00, 0x00,
    0x08, 0xFC, 0x6E, 0xF8, 0x00, 0x00, 0x00, 0x00, 0x0A, 0xFF, 0xF8, 0x00,
    0x00, 0x00, 0x00, 0x06, 0xFF, 0xFF, 0xD7, 0x42, 0x21, 0x00, 0x09, 0xFE,
    0x74, 0xCF, 0xFF, 0xFF, 0x80, 0x09, 0xFC, 0x20, 0x00, 0x49, 0xCE, 0xF8,
    0x06, 0xFC, 0x10, 0x00, 0x00, 0x00, 0x00, 0x00, 0xCF, 0x30, 0x00, 0x00,
    0x00, 0x00, 0x00, 0x0F, 0xF0, 0x00, 0x00, 0x00, 0x00, 0x00, 0x00, 0xDF,
    0x30, 0x00, 0x00, 0x00, 0x00, 0x00, 0x0A, 0xFB, 0x00, 0x00, 0x00, 0x00,
    0x00, 0x00, 0x2F, 0xFD, 0x62, 0x00, 0x23, 0x76, 0x00, 0x00, 0x4E, 0xFF,
    0xFF, 0xFF, 0xFF, 0xC0, 0x00, 0x00, 0x18, 0xCF, 0xFF, 0xFE, 0xB6, 0x00,
    0x00, 0x00, 0x00, 0x01, 0x10, 0x00, 0x00, 0x00, 0x00, 0x00, 0x00, 0x41,
    0x00, 0x00, 0x00, 0x00, 0x00, 0x7F, 0xC1, 0x00, 0x00, 0x00, 0x00, 0x1B,
    0xFE, 0x30, 0x00, 0x00, 0x00, 0x00, 0x09, 0x20, 0x00, 0x00, 0x00, 0x00,
    0x00, 0x00, 0x00, 0x00, 0x00, 0x00, 0x00, 0x01, 0x10, 0x00, 0x00, 0x00,
    0x00, 0x6D, 0xFF, 0xE9, 0x20, 0x00, 0x00, 0xBF, 0xFF, 0xFF, 0xFF, 0x20,
    0x00, 0x7F, 0xE6, 0x11, 0x49, 0xB0, 0x00, 0x0D, 0xF4, 0x00, 0x00, 0x00,
    0x00, 0x00, 0xFF, 0x10, 0x00, 0x00, 0x00, 0x00, 0x0D, 0xF3, 0x00, 0x00,
    0x00, 0x00, 0x00, 0x8F, 0xC1, 0x00, 0x25, 0x8B, 0x02, 0x23, 0xEF, 0xDA,
    0xDF, 0xFF, 0xF0, 0xFF, 0xFF, 0xFF, 0xFF, 0xFE, 0xA6, 0x0F, 0xFE, 0xEC,
    0xA8, 0x52, 0x00, 0x00, 0x00, 0x00, 0x00, 0x06, 0x00, 0x00, 0x00, 0x00,
    0x00, 0x00, 0xAF, 0x90, 0x00, 0x00, 0x00, 0x00, 0x00, 0xBF, 0xA0, 0x00,
    0x00, 0x00, 0x00, 0x00, 0x17, 0x00, 0x00, 0x00, 0x00, 0x00, 0x00, 0x00,
    0x00, 0x00, 0x00, 0x00, 0x00, 0x00, 0x01, 0x00, 0x00, 0x00, 0x00, 0x06,
    0xAE, 0xFF, 0xFE, 0xA6, 0x00, 0x00, 0xCF, 0xFF, 0xFF, 0xFF, 0xFF, 0xB0,
    0x00, 0xDF, 0x93, 0x10, 0x13, 0x9F, 0xD0, 0x00, 0x4F, 0xE2, 0x00, 0x02,
    0xEF, 0x40, 0x00, 0x07, 0xFD, 0x20, 0x2D, 0xF7, 0x00, 0x00, 0x00, 0x9F,
    0xE6, 0xEF, 0x90, 0x00, 0x22, 0x22, 0x3C, 0xFF, 0xFC, 0x32, 0x22, 0xFF,
    0xFF, 0xFF, 0xFD, 0xFF, 0xFF, 0xFF, 0xFF, 0xED, 0xB8, 0x30, 0x49, 0xDE,
    0xFF, 0x00, 0x00, 0x00, 0x00, 0x00, 0x00, 0x00, 0x21, 0x00, 0x00, 0x00,
    0x00, 0x00, 0x00, 0x00, 0x00, 0x00, 0x3E, 0xD2, 0x00, 0x00, 0x00, 0x00,
    0x00, 0x00, 0x00, 0x00, 0x09, 0xFF, 0x70, 0x00, 0x00, 0x00, 0x00, 0x00,
    0x00, 0x00, 0x00, 0x08, 0x60, 0x00, 0x00, 0x00, 0x00, 0x00, 0x00, 0x00,
    0x00, 0x00, 0x00, 0x00, 0x00, 0x00, 0x00, 0x00, 0x00, 0x00, 0x00, 0x00,
    0x00, 0x10, 0x00, 0x00, 0x00, 0x00, 0x00, 0x00, 0x00, 0x00, 0x1A, 0xFF,
    0xD6, 0x00, 0x00, 0x00, 0x00, 0x00, 0x00, 0x00, 0x0D, 0xFF, 0xFF, 0xF7,
    0x00, 0x00, 0x00, 0x00, 0x00, 0x00, 0x07, 0xFC, 0x21, 0x7F, 0xF2, 0x00,
    0x10, 0x00, 0x00, 0x00, 0x00, 0xCF, 0x40, 0x00, 0xBF, 0x80, 0x09, 0xD3,
    0x00, 0x00, 0x00, 0x0F, 0xF1, 0x00, 0x06, 0xFB, 0x00, 0xDF, 0x20, 0x00,
    0x00, 0x00, 0xEF, 0x83, 0x23, 0x7F, 0xE0, 0x0E, 0xF0, 0x00, 0x00, 0x00,
    0x08, 0xFF, 0xFF, 0xFF, 0xFF, 0x00, 0xEF, 0x20, 0x00, 0x00, 0x00, 0x06,
    0xCE, 0xFE, 0xBF, 0xE0, 0x0B, 0xFB, 0x10, 0x00, 0x00, 0x00, 0x00, 0x00,
    0x02, 0xFD, 0x00, 0x4F, 0xFD, 0x85, 0x32, 0x22, 0x22, 0x22, 0x24, 0xBF,
    0xA0, 0x00, 0x5E, 0xFF, 0xFF, 0xFF, 0xFF, 0xFF, 0xFF, 0xFF, 0xF3, 0x00,
    0x00, 0x05, 0x9B, 0xDE, 0xFF, 0xFF, 0xFF, 0xED, 0xA3, 0x00, 0x00, 0x00,
    0x00, 0x00, 0x00, 0x00, 0x00, 0x00, 0x10, 0x00, 0x00, 0x00, 0x00, 0x00,
    0x00, 0x00, 0x00, 0x00, 0x00, 0x6E, 0x50, 0x00, 0x00, 0x00, 0x00, 0x00,
    0x00, 0x00, 0x00, 0x00, 0x4F, 0xFF, 0x30, 0x00, 0x00, 0x00, 0x00, 0x00,
    0x00, 0x00, 0x00, 0x00, 0x6E, 0x40, 0x00, 0x00, 0x00, 0x00, 0x00, 0x00,
    0x00, 0x00, 0x00, 0x00, 0x10, 0x00, 0x00, 0x00, 0x00, 0x00, 0x00, 0x00,
    0x00, 0x00, 0x00, 0x00, 0x00, 0x00, 0x00, 0x00, 0x00, 0x00, 0x00, 0x00,
    0x00, 0x00, 0x6D, 0xFC, 0x60, 0x00, 0x00, 0x44, 0x00, 0x00, 0x00, 0x00,
    0x00, 0x9F, 0xFF, 0xFF, 0x90, 0x00, 0x0A, 0xF4, 0x00, 0x00, 0x00, 0x00,
    0x5F, 0xF6, 0x27, 0xFF, 0x60, 0x00, 0xDF, 0x10, 0x00, 0x00, 0x00, 0x0D,
    0xF5, 0x00, 0x05, 0xFD, 0x00, 0x0F, 0xF0, 0x00, 0x00, 0x00, 0x00, 0xFF,
    0x10, 0x00, 0x1F, 0xF0, 0x00, 0xEF, 0x30, 0x00, 0x00, 0x00, 0x0D, 0xF5,
    0x00, 0x05, 0xFC, 0x00, 0x0A, 0xFB, 0x10, 0x00, 0x00, 0x00, 0x7F, 0xE4,
    0x03, 0xEF, 0x60, 0x00, 0x3F, 0xFD, 0x85, 0x32, 0x22, 0x22, 0xCF, 0xFB,
    0xFF, 0xC2, 0x21, 0x00, 0x4D, 0xFF, 0xFF, 0xFF, 0xFF, 0xFF, 0xFF, 0xFF,
    0xFF, 0xFF, 0x80, 0x00, 0x05, 0x9B, 0xDE, 0xFF, 0xFD, 0xCA, 0x64, 0x7A,
    0xDE, 0xF8, 0x00, 0x00, 0x02, 0x00, 0x00, 0x00, 0x00, 0x00, 0x4E, 0x40,
    0x00, 0x00, 0x00, 0x00, 0xBF, 0xB0, 0x00, 0x00, 0x00, 0x00, 0x2B, 0x10,
    0x00, 0x00, 0x00, 0x00, 0x00, 0x00, 0x00, 0x00, 0x00, 0x00, 0x01, 0x00,
    0x00, 0x00, 0x00, 0x03, 0xCF, 0xF9, 0x00, 0x00, 0x00, 0x1E, 0xFF, 0xFF,
    0xA0, 0x00, 0x00, 0x8F, 0xB1, 0x4F, 0xF3, 0x00, 0x00, 0xDF, 0x30, 0x09,
    0xF8, 0x00, 0x00, 0xFF, 0x10, 0x05, 0xFC, 0x00, 0x00, 0xDF, 0x72, 0x27,
    0xFD, 0x00, 0x00, 0x8F, 0xFF, 0xFF, 0xFF, 0x00, 0x00, 0x07, 0xDF, 0xEB,
    0xFE, 0x00, 0x00, 0x00, 0x00, 0x02, 0xFD, 0x00, 0x12, 0x22, 0x22, 0x4B,
    0xFA, 0x00, 0x8F, 0xFF, 0xFF, 0xFF, 0xF3, 0x00, 0x8F, 0xFF, 0xFF, 0xDA,
    0x30, 0x00, 0x00, 0x00, 0x00, 0x10, 0x00, 0x00, 0x00, 0x00, 0x07, 0xE4,
    0x00, 0x00, 0x00, 0x00, 0x5F, 0xFE, 0x20, 0x00, 0x00, 0x00, 0x07, 0xE4,
    0x00, 0x00, 0x00, 0x00, 0x00, 0x10, 0x00, 0x00, 0x00, 0x00, 0x00, 0x00,
    0x00, 0x00, 0x00, 0x00, 0x6D, 0xFC, 0x60, 0x00, 0x00, 0x09, 0xFF, 0xFF,
    0xF9, 0x00, 0x00, 0x6F, 0xF6, 0x27, 0xFF, 0x60, 0x00, 0xDF, 0x50, 0x00,
    0x5F, 0xD0, 0x00, 0xFF, 0x10, 0x00, 0x1F, 0xF0, 0x00, 0xDF, 0x50, 0x00,
    0x5F, 0xC0, 0x00, 0x7F, 0xE4, 0x03, 0xEF, 0x60, 0x22, 0x2C, 0xFF, 0xBF,
    0xFC, 0x22, 0xFF, 0xFF, 0xFF, 0xFF, 0xFF, 0xFF, 0xFF, 0xED, 0xA6, 0x47,
    0xBD, 0xFF, 0x00, 0x00, 0x00, 0x00, 0x00, 0x00, 0x00, 0x00, 0x00, 0x00,
    0x00, 0x00, 0x1C, 0x60, 0x4D, 0x10, 0x00, 0x00, 0x00, 0x00, 0x09, 0xFF,
    0x2D, 0xFA, 0x00, 0x00, 0x00, 0x00, 0x00, 0x1B, 0x70, 0x4C, 0x10, 0x00,
    0x00, 0x00, 0x00, 0x00, 0x00, 0x00, 0x00, 0x00, 0x00, 0x00, 0x00, 0x00,
    0x00, 0x01, 0x00, 0x00, 0x00, 0x00, 0x00, 0x00, 0x00, 0x3C, 0xFF, 0x90,
    0x00, 0x00, 0x00, 0x00, 0x00, 0x1E, 0xFF, 0xFF, 0xA0, 0x00, 0x01, 0x71,
    0x00, 0x08, 0xFB, 0x14, 0xFF, 0x30, 0x00, 0x6F, 0xB0, 0x00, 0xDF, 0x30,
    0x0A, 0xF8, 0x00, 0x0A, 0xF7, 0x00, 0x0F, 0xF1, 0x00, 0x5F, 0xB0, 0x00,
    0xCF, 0x30, 0x00, 0xDF, 0x72, 0x27, 0xFD, 0x00, 0x0E, 0xF1, 0x00, 0x08,
    0xFF, 0xFF, 0xFF, 0xE0, 0x00, 0xFF, 0x00, 0x00, 0x07, 0xDE, 0xEB, 0xFF,
    0x00, 0x0D, 0xF2, 0x00, 0x00, 0x00, 0x00, 0x1F, 0xD0, 0x00, 0xBF, 0x60,
    0x00, 0x00, 0x00, 0x06, 0xFA, 0x00, 0x06, 0xFE, 0x20, 0x00, 0x00, 0x02,
    0xDF, 0x50, 0x00, 0x0C, 0xFE, 0x73, 0x22, 0x48, 0xEF, 0xB0, 0x00, 0x00,
    0x2C, 0xFF, 0xFF, 0xFF, 0xFF, 0xB1, 0x00, 0x00, 0x00, 0x05, 0xBD, 0xFE,
    0xDA, 0x50, 0x00, 0x00, 0x00, 0x00, 0x00, 0x00, 0x00, 0x00, 0x00, 0x00,
    0x00, 0x00, 0x00, 0x00, 0x0A, 0x40, 0x2B, 0x10, 0x00, 0x00, 0x00, 0x00,
    0x08, 0xFE, 0x2D, 0xFB, 0x00, 0x00, 0x00, 0x00, 0x00, 0x1D, 0x80, 0x5E,
    0x30, 0x00, 0x00, 0x00, 0x00, 0x00, 0x10, 0x00, 0x10, 0x00, 0x00, 0x00,
    0x00, 0x00, 0x00, 0x00, 0x00, 0x00, 0x00, 0x00, 0x00, 0x00, 0x00, 0x1A,
    0xED, 0x70, 0x00, 0x00, 0x00, 0x00, 0x00, 0x0C, 0xFF, 0xFF, 0x80, 0x00,
    0x00, 0x10, 0x00, 0x06, 0xFC, 0x35, 0xEF, 0x30, 0x00, 0x4E, 0x70, 0x00,
    0xBF, 0x50, 0x07, 0xF8, 0x00, 0x08, 0xF9, 0x00, 0x0E, 0xF1, 0x00, 0x3F,
    0xC0, 0x00, 0xBF, 0x50, 0x00, 0xFF, 0x10, 0x01, 0xFE, 0x00, 0x0D, 0xF3,
    0x00, 0x0D, 0xF9, 0x32, 0x2F, 0xF2, 0x10, 0xEF, 0x10, 0x00, 0x6F, 0xFF,
    0xFF, 0xFF, 0xF8, 0x0E, 0xF0, 0x00, 0x00, 0x5C, 0xEF, 0xFF, 0xFF, 0x80,
    0xDF, 0x20, 0x00, 0x00, 0x00, 0x01, 0xFE, 0x00, 0x0A, 0xF7, 0x00, 0x00,
    0x00, 0x00, 0x4F, 0xC0, 0x00, 0x5F, 0xE2, 0x00, 0x00, 0x00, 0x1D, 0xF7,
    0x00, 0x00, 0xBF, 0xE8, 0x32, 0x24, 0x8E, 0xFD, 0x10, 0x00, 0x01, 0xBF,
    0xFF, 0xFF, 0xFF, 0xFC, 0x20, 0x00, 0x00, 0x00, 0x5B, 0xDE, 0xED, 0xA5,
    0x00, 0x00, 0x00, 0x00, 0x00, 0x00, 0x00, 0x00, 0x00, 0x00, 0x2D, 0x40,
    0x4C, 0x10, 0x00, 0x00, 0xBF, 0xE2, 0xEF, 0x90, 0x00, 0x00, 0x1C, 0x50,
    0x5C, 0x10, 0x00, 0x00, 0x00, 0x00, 0x00, 0x00, 0x00, 0x00, 0x00, 0x01,
    0x00, 0x00, 0x00, 0x00, 0x03, 0xCF, 0xF9, 0x00, 0x00, 0x00, 0x1E, 0xFF,
    0xFF, 0xA0, 0x00, 0x00, 0x8F, 0xB1, 0x4F, 0xF3, 0x00, 0x00, 0xDF, 0x30,
    0x09, 0xF8, 0x00, 0x00, 0xFF, 0x10, 0x05, 0xFC, 0x00, 0x00, 0xDF, 0x72,
    0x27, 0xFD, 0x00, 0x00, 0x8F, 0xFF, 0xFF, 0xFF, 0x00, 0x00, 0x07, 0xDF,
    0xEB, 0xFE, 0x00, 0x00, 0x00, 0x00, 0x02, 0xFD, 0x00, 0x12, 0x22, 0x22,
    0x4B, 0xFA, 0x00, 0x8F, 0xFF, 0xFF, 0xFF, 0xF3, 0x00, 0x8F, 0xFF, 0xFF,
    0xDA, 0x30, 0x00, 0x00, 0x00, 0x00, 0x00, 0x00, 0x00, 0x00, 0x05, 0xC1,
    0x02, 0xC4, 0x00, 0x00, 0x4F, 0xFB, 0x1D, 0xFF, 0x20, 0x00, 0x09, 0xD2,
    0x03, 0xE7, 0x00, 0x00, 0x00, 0x10, 0x00, 0x10, 0x00, 0x00, 0x00, 0x00,
    0x00, 0x00, 0x00, 0x00, 0x00, 0x6D, 0xFC, 0x60, 0x00, 0x00, 0x09, 0xFF,
    0xFF, 0xF9, 0x00, 0x00, 0x6F, 0xF6, 0x27, 0xFF, 0x60, 0x00, 0xDF, 0x50,
    0x00, 0x5F, 0xD0, 0x00, 0xFF, 0x10, 0x00, 0x1F, 0xF0, 0x00, 0xDF, 0x50,
    0x00, 0x5F, 0xC0, 0x00, 0x7F, 0xE4, 0x03, 0xEF, 0x60, 0x22, 0x2C, 0xFF,
    0xBF, 0xFC, 0x22, 0xFF, 0xFF, 0xFF, 0xFF, 0xFF, 0xFF, 0xFF, 0xED, 0xA6,
    0x47, 0xBD, 0xFF, 0x00, 0x00, 0x00, 0x00, 0x00, 0x00, 0x00, 0x00, 0x0F,
    0xF0, 0x00, 0x00, 0x00, 0x00, 0x00, 0x00, 0x00, 0x00, 0x00, 0xFF, 0x00,
    0x00, 0x00, 0x00, 0x00, 0x00, 0x00, 0x00, 0x00, 0x0F, 0xF0, 0x00, 0x00,
    0x00, 0x00, 0x00, 0x18, 0xD6, 0x00, 0x00, 0xFF, 0x00, 0x00, 0x00, 0x00,
    0x00, 0x2D, 0xB5, 0x10, 0x00, 0x0F, 0xF0, 0x00, 0x00, 0x00, 0x00, 0x07,
    0xC0, 0x00, 0x00, 0x00, 0xFF, 0x00, 0x00, 0x00, 0x00, 0x00, 0x6F, 0xD9,
    0x10, 0x00, 0x0F, 0xF0, 0x00, 0x44, 0x00, 0x00, 0x00, 0x5B, 0xFA, 0x00,
    0x00, 0xFF, 0x00, 0x0A, 0xF4, 0x00, 0x00, 0x20, 0x19, 0xB0, 0x00, 0x0F,
    0xF0, 0x00, 0xDF, 0x10, 0x00, 0x0F, 0xFF, 0xE4, 0x00, 0x00, 0xFF, 0x00,
    0x0F, 0xF0, 0x00, 0x00, 0x12, 0x10, 0x00, 0x00, 0x0F, 0xF0, 0x00, 0xEF,
    0x30, 0x00, 0x00, 0x00, 0x00, 0x00, 0x01, 0xFE, 0x00, 0x0A, 0xFB, 0x10,
    0x00, 0x00, 0x00, 0x00, 0x00, 0x6F, 0xC0, 0x00, 0x3F, 0xFD, 0x85, 0x32,
    0x22, 0x22, 0x35, 0x9F, 0xF8, 0x00, 0x00, 0x4D, 0xFF, 0xFF, 0xFF, 0xFF,
    0xFF, 0xFF, 0xFC, 0x10, 0x00, 0x00, 0x05, 0x9C, 0xDE, 0xFF, 0xFF, 0xED,
    0xA5, 0x00, 0x00, 0x00, 0x00, 0x00, 0x00, 0x00, 0x00, 0x00, 0x00, 0x0F,
    0xF0, 0x00, 0x00, 0x00, 0x00, 0x00, 0x00, 0x00, 0x00, 0x00, 0x0F, 0xF0,
    0x00, 0x00, 0x00, 0x00, 0x00, 0x00, 0x00, 0x00, 0x00, 0x0F, 0xF0, 0x00,
    0x00, 0x00, 0x00, 0x00, 0x01, 0x8D, 0x60, 0x00, 0x0F, 0xF0, 0x00, 0x00,
    0x00, 0x00, 0x00, 0x2D, 0xB5, 0x10, 0x00, 0x0F, 0xF0, 0x00, 0x00, 0x00,
    0x00, 0x00, 0x7C, 0x00, 0x00, 0x00, 0x0F, 0xF0, 0x00, 0x00, 0x00, 0x00,
    0x00, 0x6F, 0xD9, 0x10, 0x00, 0x0F, 0xF0, 0x00, 0x04, 0x40, 0x00, 0x00,
    0x05, 0xBF, 0xA0, 0x00, 0x0F, 0xF0, 0x00, 0x0A, 0xF4, 0x00, 0x00, 0x20,
    0x19, 0xB0, 0x00, 0x0F, 0xF0, 0x00, 0x0D, 0xF1, 0x00, 0x00, 0xFF, 0xFE,
    0x40, 0x00, 0x0F, 0xF0, 0x00, 0x0F, 0xF0, 0x00, 0x00, 0x12, 0x10, 0x00,
    0x00, 0x0F, 0xF0, 0x00, 0x0E, 0xF3, 0x00, 0x00, 0x00, 0x00, 0x00, 0x00,
    0x1F, 0xF1, 0x00, 0x0A, 0xFB, 0x10, 0x00, 0x00, 0x00, 0x00, 0x00, 0x6F,
    0xF4, 0x00, 0x03, 0xFF, 0xD8, 0x53, 0x22, 0x22, 0x23, 0x59, 0xFF, 0xFC,
    0x42, 0x00, 0x4D, 0xFF, 0xFF, 0xFF, 0xFF, 0xFF, 0xFF, 0xF7, 0xDF, 0xFF,
    0x00, 0x00, 0x59, 0xCD, 0xEF, 0xFF, 0xFE, 0xC9, 0x30, 0x2A, 0xEF, 0x00,
    0x00, 0x00, 0x00, 0x03, 0x00, 0x00, 0x00, 0x00, 0x6C, 0xF0, 0x00, 0x00,
    0x28, 0xEF, 0xFD, 0x00, 0x05, 0xBF, 0xFF, 0xA4, 0x00, 0x1C, 0xFF, 0xE8,
    0x20, 0x00, 0x04, 0xFE, 0x50, 0x00, 0x00, 0x00, 0x1E, 0xFB, 0x20, 0x00,
    0x00, 0x00, 0x3D, 0xFE, 0x40, 0x00, 0x00, 0x00, 0x1A, 0xFF, 0x70, 0x00,
    0x00, 0x00, 0x07, 0xFF, 0x70, 0x00, 0x00, 0x00, 0x05, 0xFF, 0x40, 0x00,
    0x00, 0x00, 0x07, 0xFB, 0x00, 0x00, 0x00, 0x00, 0x1F, 0xE0, 0x00, 0x00,
    0x00, 0x02, 0xFE, 0x00, 0x22, 0x22, 0x35, 0xDF, 0xB0, 0x0F, 0xFF, 0xFF,
    0xFF, 0xE3, 0x00, 0xFF, 0xFF, 0xEC, 0x81, 0x00, 0x00, 0x00, 0x00, 0x00,
    0x00, 0x01, 0x20, 0x00, 0x00, 0x00, 0x00, 0x4A, 0xF6, 0x00, 0x00, 0x00,
    0x17, 0xDF, 0xFF, 0x50, 0x00, 0x04, 0xAF, 0xFF, 0xD7, 0x10, 0x00, 0x1C,
    0xFF, 0xFA, 0x40, 0x00, 0x00, 0x04, 0xFF, 0x81, 0x00, 0x00, 0x00, 0x00,
    0x1E, 0xFE, 0x40, 0x00, 0x00, 0x00, 0x00, 0x3D, 0xFF, 0x80, 0x00, 0x00,
    0x00, 0x00, 0x19, 0xFF, 0xA0, 0x00, 0x00, 0x00, 0x00, 0x05, 0xEF, 0xB0,
    0x00, 0x00, 0x00, 0x00, 0x03, 0xEF, 0x80, 0x00, 0x00, 0x00, 0x00, 0x04,
    0xFF, 0x20, 0x00, 0x00, 0x00, 0x00, 0x0C, 0xF9, 0x00, 0x00, 0x00, 0x00,
    0x00, 0xDF, 0xF3, 0x00, 0x22, 0x22, 0x35, 0xAF, 0xFF, 0xD5, 0x2F, 0xFF,
    0xFF, 0xFF, 0xE3, 0xBF, 0xFF, 0xFF, 0xFF, 0xEC, 0x82, 0x00, 0x8D, 0xF0,
    0x00, 0x00, 0x00, 0x00, 0x00, 0x0F, 0xF0, 0x00, 0x00, 0x00, 0x00, 0x00,
    0x00, 0xFF, 0x00, 0x00, 0x00, 0x00, 0x00, 0x00, 0x0F, 0xF0, 0x00, 0x00,
    0x00, 0x00, 0x00, 0x00, 0xFF, 0x00, 0x00, 0x00, 0x00, 0x00, 0x00, 0x0F,
    0xF0, 0x00, 0x00, 0x00, 0x00, 0x00, 0x00, 0xFF, 0x00, 0x00, 0x00, 0x00,
    0x00, 0x00, 0x0F, 0xF0, 0x00, 0x00, 0x00, 0x00, 0x00, 0x00, 0xFF, 0x00,
    0x00, 0x00, 0x00, 0x00, 0x00, 0x0F, 0xF0, 0x00, 0x00, 0x00, 0x00, 0x00,
    0x00, 0xFF, 0x00, 0x00, 0x20, 0x00, 0x00, 0x00, 0x0F, 0xF0, 0x00, 0x4F,
    0x80, 0x00, 0x00, 0x00, 0xFF, 0x00, 0x08, 0xF8, 0x00, 0x00, 0x00, 0x0F,
    0xF0, 0x00, 0xCF, 0x40, 0x00, 0x00, 0x00, 0xFF, 0x00, 0x0D, 0xF2, 0x00,
    0x00, 0x00, 0x0F, 0xF0, 0x00, 0xFF, 0x10, 0x00, 0x00, 0x00, 0xFE, 0x00,
    0x0E, 0xF1, 0x00, 0x00, 0x00, 0x2F, 0xD0, 0x00, 0xCF, 0x40, 0x00, 0x00,
    0x05, 0xFB, 0x00, 0x08, 0xFB, 0x00, 0x00, 0x01, 0xCF, 0x70, 0x00, 0x2E,
    0xFB, 0x42, 0x25, 0xCF, 0xE1, 0x00, 0x00, 0x5F, 0xFF, 0xFF, 0xFF, 0xE4,
    0x00, 0x00, 0x00, 0x29, 0xDE, 0xED, 0x92, 0x00, 0x00, 0x00, 0x00, 0x00,
    0x00, 0x00, 0x0F, 0xF0, 0x00, 0x00, 0x00, 0x00, 0x00, 0x00, 0x0F, 0xF0,
    0x00, 0x00, 0x00, 0x00, 0x00, 0x00, 0x0F, 0xF0, 0x00, 0x00, 0x00, 0x00,
    0x00, 0x00, 0x0F, 0xF0, 0x00, 0x00, 0x00, 0x00, 0x00, 0x00, 0x0F, 0xF0,
    0x00, 0x00, 0x00, 0x00, 0x00, 0x00, 0x0F, 0xF0, 0x00, 0x00, 0x00, 0x00,
    0x00, 0x00, 0x0F, 0xF0, 0x00, 0x00, 0x00, 0x00, 0x00, 0x00, 0x0F, 0xF0,
    0x00, 0x00, 0x00, 0x00, 0x00, 0x00, 0x0F, 0xF0, 0x00, 0x00, 0x00, 0x00,
    0x00, 0x00, 0x0F, 0xF0, 0x00, 0x01, 0x30, 0x00, 0x00, 0x00, 0x0F, 0xF0,
    0x00, 0x05, 0xF9, 0x00, 0x00, 0x00, 0x0F, 0xF0, 0x00, 0x09, 0xF7, 0x00,
    0x00, 0x00, 0x0F, 0xF3, 0x00, 0x0C, 0xF4, 0x00, 0x00, 0x00, 0x0F, 0xFC,
    0x42, 0x0D, 0xF2, 0x00, 0x00, 0x00, 0x0F, 0xFF, 0xFF, 0x0F, 0xF0, 0x00,
    0x00, 0x00, 0x0F, 0xF7, 0xDF, 0x0E, 0xF1, 0x00, 0x00, 0x00, 0x2F, 0xE0,
    0x00, 0x0C, 0xF4, 0x00, 0x00, 0x00, 0x5F, 0xB0, 0x00, 0x08, 0xFB, 0x00,
    0x00, 0x01, 0xCF, 0x70, 0x00, 0x02, 0xEF, 0xB4, 0x22, 0x5C, 0xFE, 0x10,
    0x00, 0x00, 0x5E, 0xFF, 0xFF, 0xFF, 0xE4, 0x00, 0x00, 0x00, 0x02, 0x9D,
    0xEE, 0xD9, 0x20, 0x00, 0x00, 0x00, 0x00, 0xFF, 0x00, 0x00, 0x00, 0xFF,
    0x00, 0x00, 0x00, 0xFF, 0x00, 0x00, 0x00, 0xFF, 0x00, 0x00, 0x00, 0xFF,
    0x00, 0x00, 0x00, 0xFF, 0x00, 0x00, 0x00, 0xFF, 0x00, 0x00, 0x00, 0xFF,
    0x00, 0x00, 0x00, 0xFF, 0x00, 0x00, 0x00, 0xFF, 0x00, 0x00, 0x00, 0xFF,
    0x00, 0x00, 0x01, 0xFF, 0x00, 0x00, 0x04, 0xFD, 0x00, 0x12, 0x4D, 0xF9,
    0x00, 0x8F, 0xFF, 0xE2, 0x00, 0x8F, 0xEA, 0x20, 0x00, 0x00, 0x0F, 0xF0,
    0x00, 0x00, 0x0F, 0xF0, 0x00, 0x00, 0x0F, 0xF0, 0x00, 0x00, 0x0F, 0xF0,
    0x00, 0x00, 0x0F, 0xF0, 0x00, 0x00, 0x0F, 0xF0, 0x00, 0x00, 0x0F, 0xF0,
    0x00, 0x00, 0x0F, 0xF0, 0x00, 0x00, 0x0F, 0xF0, 0x00, 0x00, 0x0F, 0xF0,
    0x00, 0x00, 0x0F, 0xF0, 0x00, 0x00, 0x1F, 0xF1, 0x00, 0x00, 0x3F, 0xF5,
    0x00, 0x23, 0xCF, 0xFD, 0x52, 0xFF, 0xFC, 0xBF, 0xFF, 0xFE, 0xB2, 0x18,
    0xDF, 0x00, 0x00, 0x00, 0x6D, 0xFD, 0x70, 0x00, 0x00, 0x00, 0x06, 0xFF,
    0xFF, 0xFB, 0x00, 0x00, 0x00, 0x2E, 0xF9, 0x25, 0xEF, 0x60, 0x00, 0x00,
    0x8F, 0xC0, 0x00, 0x6F, 0xB0, 0x00, 0x00, 0xDF, 0x50, 0x00, 0x1F, 0xE0,
    0x00, 0x4C, 0xFF, 0x30, 0x00, 0x1F, 0xE0, 0x03, 0xFF, 0xFF, 0xFB, 0x52,
    0x9F, 0xC0, 0x0A, 0xFE, 0x9C, 0xFF, 0xFF, 0xFF, 0x50, 0x0D, 0xF5, 0x00,
    0x39, 0xDF, 0xD6, 0x00, 0x0F, 0xF2, 0x00, 0x00, 0x00, 0x00, 0x00, 0x0F,
    0xF1, 0x00, 0x00, 0x00, 0x00, 0x00, 0x0F, 0xF0, 0x00, 0x00, 0x00, 0x00,
    0x00, 0x0F, 0xF0, 0x00, 0x00, 0x00, 0x00, 0x00, 0x0F, 0xF0, 0x00, 0x00,
    0x00, 0x00, 0x00, 0x0F, 0xF0, 0x00, 0x00, 0x00, 0x00, 0x00, 0x0F, 0xF0,
    0x00, 0x00, 0x00, 0x00, 0x00, 0x08, 0x80, 0x00, 0x00, 0x00, 0x00, 0x00,
    0x00, 0x00, 0x00, 0x00, 0x10, 0x00, 0x00, 0x00, 0x00, 0x00, 0x19, 0xFF,
    0xE8, 0x00, 0x00, 0x00, 0x00, 0x0A, 0xFF, 0xFF, 0xFA, 0x00, 0x00, 0x00,
    0x04, 0xFF, 0x71, 0x3D, 0xF4, 0x00, 0x00, 0x00, 0xBF, 0x90, 0x00, 0x3F,
    0x90, 0x00, 0x00, 0x3F, 0xF2, 0x00, 0x01, 0xFD, 0x00, 0x00, 0xAF, 0xFF,
    0xD8, 0x42, 0x8F, 0xFA, 0x20, 0x7F, 0xFC, 0xEF, 0xFF, 0xFF, 0xFE, 0xFF,
    0x0C, 0xF6, 0x00, 0x5A, 0xDF, 0xD7, 0x2B, 0xF0, 0xEF, 0x20, 0x00, 0x00,
    0x00, 0x00, 0x00, 0x0F, 0xF1, 0x00, 0x00, 0x00, 0x00, 0x00, 0x00, 0xFF,
    0x00, 0x00, 0x00, 0x00, 0x00, 0x00, 0x0F, 0xF0, 0x00, 0x00, 0x00, 0x00,
    0x00, 0x00, 0xFF, 0x00, 0x00, 0x00, 0x00, 0x00, 0x00, 0x0F, 0xF0, 0x00,
    0x00, 0x00, 0x00, 0x00, 0x00, 0xFF, 0x00, 0x00, 0x00, 0x00, 0x00, 0x00,
    0x08, 0x80, 0x00, 0x00, 0x00, 0x00, 0x00, 0x00, 0x00, 0x00, 0x04, 0xCF,
    0xD8, 0x10, 0x00, 0x00, 0x03, 0xFF, 0xFF, 0xFC, 0x00, 0x00, 0x00, 0xCF,
    0xB3, 0x5E, 0xF7, 0x00, 0x00, 0x6F, 0xD0, 0x00, 0x5F, 0xC0, 0x00, 0x0D,
    0xF6, 0x00, 0x01, 0xFE, 0x00, 0x07, 0xFF, 0x70, 0x00, 0x1F, 0xE0, 0x26,
    0xFF, 0xFF, 0xB4, 0x29, 0xFB, 0x0F, 0xFF, 0x85, 0xFF, 0xFF, 0xFF, 0x40,
    0xFD, 0x60, 0x02, 0xAE, 0xFC, 0x50, 0x00, 0x00, 0x00, 0x05, 0xDF, 0xD6,
    0x00, 0x00, 0x00, 0x00, 0x5F, 0xFF, 0xFF, 0x60, 0x00, 0x00, 0x01, 0xEF,
    0xB3, 0x5E, 0xE1, 0x00, 0x00, 0x07, 0xFD, 0x00, 0x05, 0xF5, 0x00, 0x00,
    0x1E, 0xF6, 0x00, 0x01, 0xFA, 0x00, 0x00, 0x8F, 0xF7, 0x00, 0x01, 0xFE,
    0x10, 0x27, 0xFF, 0xFF, 0xB4, 0x29, 0xFF, 0xA2, 0xFF, 0xF8, 0x5F, 0xFF,
    0xFF, 0xFC, 0xFF, 0xFD, 0x60, 0x02, 0xAE, 0xFC, 0x41, 0xAF, 0x00, 0x00,
    0x00, 0x00, 0x00, 0x00, 0x00, 0x00, 0x00, 0x00, 0x00, 0x1C, 0x70, 0x00,
    0x00, 0x00, 0x00, 0x00, 0x00, 0xAF, 0xF4, 0x00, 0x00, 0x00, 0x00, 0x00,
    0x00, 0x1D, 0x90, 0x00, 0x04, 0x00, 0x02, 0xA4, 0x00, 0x01, 0x00, 0x00,
    0xDF, 0x30, 0x06, 0xFA, 0x00, 0x00, 0x00, 0x00, 0xBF, 0x70, 0x0A, 0xF6,
    0x00, 0x00, 0x00, 0x00, 0x6F, 0xB0, 0x0D, 0xF3, 0x00, 0x00, 0x00, 0x00,
    0x3F, 0xD0, 0x0E, 0xF1, 0x00, 0x00, 0x00, 0x00, 0x1F, 0xE0, 0x0F, 0xF0,
    0x00, 0x00, 0x00, 0x00, 0x0F, 0xF0, 0x0D, 0xF2, 0x00, 0x00, 0x00, 0x00,
    0x2F, 0xD0, 0x0A, 0xF7, 0x00, 0x00, 0x00, 0x00, 0x7F, 0xA0, 0x05, 0xFE,
    0x30, 0x00, 0x00, 0x03, 0xEF, 0x50, 0x00, 0xBF, 0xE8, 0x42, 0x24, 0x8E,
    0xFB, 0x00, 0x00, 0x1B, 0xFF, 0xFF, 0xFF, 0xFF, 0xB1, 0x00, 0x00, 0x00,
    0x5A, 0xDE, 0xED, 0xA5, 0x00, 0x00, 0x00, 0x00, 0x00, 0x00, 0x00, 0x00,
    0x00, 0x00, 0x00, 0x00, 0x00, 0x00, 0x0A, 0x60, 0x00, 0x00, 0x00, 0x00,
    0x00, 0x00, 0x00, 0x9F, 0xF4, 0x00, 0x00, 0x00, 0x00, 0x00, 0x00, 0x00,
    0x2D, 0xB0, 0x00, 0x03, 0x00, 0x00, 0x02, 0x93, 0x00, 0x02, 0x00, 0x00,
    0xCF, 0x30, 0x00, 0x06, 0xFA, 0x00, 0x00, 0x00, 0x00, 0xBF, 0x80, 0x00,
    0x0A, 0xF6, 0x00, 0x00, 0x00, 0x00, 0x7F, 0xD0, 0x00, 0x0C, 0xF3, 0x00,
    0x00, 0x00, 0x00, 0x3F, 0xF9, 0x31, 0x0E, 0xF1, 0x00, 0x00, 0x00, 0x00,
    0x1F, 0xFF, 0xF8, 0x0F, 0xF0, 0x00, 0x00, 0x00, 0x00, 0x0F, 0xFA, 0xE7,
    0x0D, 0xF2, 0x00, 0x00, 0x00, 0x00, 0x2F, 0xD0, 0x00, 0x0A, 0xF7, 0x00,
    0x00, 0x00, 0x00, 0x6F, 0xA0, 0x00, 0x05, 0xFE, 0x20, 0x00, 0x00, 0x02,
    0xEF, 0x50, 0x00, 0x00, 0xBF, 0xE8, 0x42, 0x24, 0x8E, 0xFB, 0x00, 0x00,
    0x00, 0x1B, 0xFF, 0xFF, 0xFF, 0xFF, 0xB1, 0x00, 0x00, 0x00, 0x00, 0x5A,
    0xDE, 0xED, 0xA5, 0x00, 0x00, 0x00, 0x00, 0x18, 0x00, 0x00, 0x1C, 0xFB,
    0x00, 0x00, 0xAF, 0x80, 0x00, 0x00, 0x50, 0x00, 0x00, 0x00, 0x00, 0x00,
    0x00, 0x02, 0x30, 0x00, 0x05, 0xFB, 0x00, 0x00, 0x3F, 0xD0, 0x00, 0x01,
    0xFE, 0x00, 0x00, 0x0F, 0xF0, 0x00, 0x02, 0xFD, 0x02, 0x23, 0xBF, 0x90,
    0xFF, 0xFF, 0xE2, 0x0F, 0xFE, 0xB3, 0x00, 0x00, 0x03, 0x50, 0x00, 0x00,
    0x03, 0xEF, 0x50, 0x00, 0x00, 0x2E, 0xF5, 0x00, 0x00, 0x00, 0x25, 0x00,
    0x00, 0x00, 0x00, 0x00, 0x00, 0x00, 0x00, 0x00, 0x10, 0x00, 0x00, 0x00,
    0xEF, 0x00, 0x00, 0x00, 0x0F, 0xF0, 0x00, 0x00, 0x01, 0xFF, 0x00, 0x00,
    0x00, 0x4F, 0xF3, 0x00, 0x22, 0x5D, 0xFF, 0xC5, 0x2F, 0xFF, 0xFB, 0xBF,
    0xFF, 0xFF, 0xC7, 0x01, 0x8D, 0xF0, 0x00, 0x00, 0x51, 0x00, 0x00, 0x00,
    0x00, 0x4F, 0xD3, 0x00, 0x00, 0x00, 0x06, 0xFF, 0xE4, 0x00, 0x00, 0x04,
    0xFF, 0xDF, 0xE3, 0x00, 0x01, 0xEF, 0x80, 0xAF, 0xE1, 0x00, 0x8F, 0xA0,
    0x00, 0xBF, 0x90, 0x0D, 0xF2, 0x00, 0x02, 0xFE, 0x00, 0xFF, 0x10, 0x00,
    0x1F, 0xE0, 0x0C, 0xFB, 0x42, 0x4B, 0xFB, 0x00, 0x4F, 0xFF, 0xFF, 0xFE,
    0x30, 0x00, 0x2A, 0xDF, 0xEA, 0x20, 0x00, 0x00, 0x00, 0x00, 0x08, 0x80,
    0x00, 0x00, 0x00, 0x00, 0x4A, 0xFE, 0x00, 0x00, 0x00, 0x04, 0xCF, 0xFF,
    0xF1, 0x00, 0x00, 0x08, 0xFF, 0xC5, 0xCF, 0x30, 0x00, 0x05, 0xFE, 0x50,
    0x09, 0xF5, 0x00, 0x00, 0xCF, 0x50, 0x00, 0x8F, 0x70, 0x00, 0x0F, 0xF1,
    0x00, 0x0A, 0xF9, 0x00, 0x00, 0xDF, 0x71, 0x18, 0xFF, 0xB0, 0x00, 0x07,
    0xFF, 0xFF, 0xFE, 0xFE, 0x10, 0x00, 0x06, 0xDF, 0xFB, 0x3B, 0xFA, 0x31,
    0x00, 0x00, 0x11, 0x00, 0x4F, 0xFF, 0x80, 0x00, 0x00, 0x00, 0x00, 0x4B,
    0xE7, 0x00, 0x00, 0x00, 0x00, 0x00, 0x00, 0x00, 0x00, 0x00, 0x00, 0x00,
    0x05, 0xD6, 0x00, 0x00, 0x00, 0x00, 0x00, 0x00, 0x01, 0xBF, 0xFD, 0x60,
    0x00, 0x00, 0x00, 0x00, 0x4D, 0xFF, 0xFF, 0xFF, 0xC4, 0x00, 0x00, 0x00,
    0x4F, 0xFF, 0xFF, 0xE9, 0xEF, 0xF9, 0x10, 0x00, 0x0C, 0xFA, 0x21, 0xAF,
    0xB1, 0x7E, 0xFC, 0x10, 0x00, 0xEF, 0x10, 0x01, 0xFE, 0x00, 0x2C, 0xF9,
    0x00, 0x0E, 0xF2, 0x00, 0x2F, 0xD0, 0x00, 0x2F, 0xE0, 0x00, 0x8F, 0xC1,
    0x1B, 0xF7, 0x00, 0x03, 0xFE, 0x02, 0x23, 0xDF, 0xEE, 0xFB, 0x22, 0x36,
    0xDF, 0xA0, 0xFF, 0xFF, 0xFF, 0xFF, 0xFF, 0xFF, 0xFF, 0xE2, 0x0F, 0xED,
    0xB8, 0x45, 0x8B, 0xDF, 0xFD, 0x81, 0x00, 0x00, 0x00, 0x08, 0xEE, 0x80,
    0x00, 0x00, 0x00, 0x08, 0xFF, 0xFF, 0x60, 0x00, 0x00, 0x01, 0xEF, 0x47,
    0xFC, 0x00, 0x00, 0x00, 0x5F, 0x90, 0x1F, 0xE0, 0x00, 0x00, 0x0A, 0xF5,
    0x01, 0xFE, 0x00, 0x00, 0x00, 0xCF, 0x20, 0x4F, 0xB0, 0x00, 0x00, 0x0E,
    0xF1, 0x0B, 0xF6, 0x00, 0x01, 0x22, 0xFF, 0x3A, 0xFD, 0x00, 0x01, 0x8F,
    0xFF, 0xFF, 0xFE, 0x32, 0xAF, 0xF8, 0xFF, 0xFF, 0xEA, 0x21, 0xDF, 0xFF,
    0x00, 0x0A, 0xF4, 0x00, 0x7F, 0xE4, 0x10, 0x00, 0x5F, 0xC0, 0x0C, 0xF5,
    0x00, 0x00, 0x00, 0xDF, 0x90, 0xEF, 0x10, 0x00, 0x00, 0x04, 0xFF, 0xAF,
    0xF0, 0x00, 0x00, 0x00, 0x06, 0xFF, 0xFF, 0x00, 0x00, 0x00, 0x00, 0x04,
    0xDD, 0x30, 0x00, 0x00, 0x00, 0x00, 0x01, 0x10, 0x00, 0x00, 0x00, 0x1A,
    0xED, 0x70, 0x00, 0x00, 0x0C, 0xFF, 0xFF, 0x80, 0x00, 0x05, 0xFC, 0x35,
    0xEF, 0x20, 0x00, 0xBF, 0x50, 0x07, 0xF8, 0x00, 0x0E, 0xF1, 0x00, 0x3F,
    0xC0, 0x00, 0xFF, 0x10, 0x01, 0xFE, 0x00, 0x0D, 0xF9, 0x32, 0x5F, 0xF0,
    0x00, 0x6F, 0xFF, 0xFF, 0xFE, 0x00, 0x00, 0x6C, 0xFE, 0xCF, 0xD0, 0x00,
    0x00, 0x00, 0x03, 0xFA, 0x00, 0x00, 0x00, 0x00, 0xBF, 0x40, 0x00, 0x00,
    0x00, 0x9F, 0xC0, 0x00, 0x00, 0x05, 0xCF, 0xE2, 0x00, 0x00, 0x8E, 0xFF,
    0xC2, 0x00, 0x00, 0x07, 0xFC, 0x60, 0x00, 0x00, 0x00, 0x11, 0x00, 0x00,
    0x00, 0x00, 0x00, 0x1A, 0xED, 0x70, 0x00, 0x00, 0x0C, 0xFF, 0xFF, 0x80,
    0x00, 0x06, 0xFD, 0x35, 0xEF, 0x30, 0x00, 0xBF, 0x50, 0x07, 0xF8, 0x00,
    0x0E, 0xF1, 0x00, 0x3F, 0xC0, 0x00, 0xFF, 0x10, 0x01, 0xFE, 0x00, 0x0D,
    0xF9, 0x32, 0x2F, 0xF2, 0x20, 0x6F, 0xFF, 0xFF, 0xFF, 0xFF, 0x00, 0x5C,
    0xEF, 0xFF, 0xFF, 0xF0, 0x00, 0x00, 0x03, 0xFA, 0x00, 0x00, 0x00, 0x00,
    0xAF, 0x50, 0x00, 0x00, 0x00, 0x8F, 0xD0, 0x00, 0x00, 0x04, 0xCF, 0xE3,
    0x00, 0x00, 0x8E, 0xFF, 0xD3, 0x00, 0x00, 0x07, 0xFC, 0x60, 0x00, 0x00,
    0x00, 0x11, 0x00, 0x00, 0x00, 0x00, 0x00, 0x00, 0x00, 0x00, 0x00, 0x3A,
    0xEE, 0xC6, 0x00, 0x00, 0x00, 0x00, 0x00, 0x5F, 0xFF, 0xFF, 0x90, 0x00,
    0x00, 0x00, 0x00, 0x2F, 0xF9, 0x32, 0x53, 0x00, 0x3B, 0x50, 0x00, 0x09,
    0xFA, 0x00, 0x00, 0x00, 0x07, 0xFA, 0x00, 0x00, 0xDF, 0x30, 0x00, 0x00,
    0x00, 0xBF, 0x60, 0x00, 0x0F, 0xF1, 0x00, 0x00, 0x00, 0x0D, 0xF3, 0x00,
    0x00, 0xEF, 0x42, 0x21, 0x00, 0x00, 0xEF, 0x10, 0x00, 0x0A, 0xFF, 0xFF,
    0xFD, 0x30, 0x0F, 0xF0, 0x00, 0x00, 0x1B, 0xEF, 0xFF, 0xFB, 0x00, 0xDF,
    0x20, 0x00, 0x00, 0x00, 0x00, 0x4F, 0xE0, 0x0A, 0xF7, 0x00, 0x00, 0x00,
    0x00, 0x02, 0xFE, 0x00, 0x5F, 0xE3, 0x00, 0x00, 0x00, 0x02, 0xCF, 0x90,
    0x00, 0xBF, 0xE8, 0x42, 0x23, 0x6A, 0xFF, 0xD1, 0x00, 0x01, 0xBF, 0xFF,
    0xFF, 0xFF, 0xFF, 0xB1, 0x00, 0x00, 0x00, 0x5A, 0xDF, 0xFD, 0xC8, 0x30,
    0x00, 0x00, 0x06, 0xA3, 0x00, 0x00, 0x00, 0x00, 0x00, 0x00, 0x0B, 0xF5,
    0x00, 0x00, 0x00, 0x00, 0x00, 0x00, 0x0D, 0xF2, 0x00, 0x00, 0x01, 0x22,
    0x22, 0x22, 0x0E, 0xF1, 0x00, 0x00, 0x08, 0xFF, 0xFF, 0xFF, 0x0F, 0xF0,
    0x00, 0x00, 0x04, 0xFF, 0xFF, 0xFF, 0x0D, 0xF2, 0x00, 0x00, 0x00, 0x00,
    0x17, 0xFC, 0x0A, 0xF7, 0x00, 0x00, 0x00, 0x00, 0x01, 0xFE, 0x05, 0xFE,
    0x30, 0x00, 0x00, 0x00, 0x2B, 0xFB, 0x00, 0xBF, 0xE9, 0x42, 0x23, 0x59,
    0xEF, 0xE2, 0x00, 0x1B, 0xFF, 0xFF, 0xFF, 0xFF, 0xFC, 0x20, 0x00, 0x00,
    0x5A, 0xDF, 0xFE, 0xC9, 0x40, 0x00, 0x00, 0x00, 0x00, 0x00, 0x00, 0x3A,
    0xEE, 0xC6, 0x00, 0x00, 0x00, 0x00, 0x00, 0x5F, 0xFF, 0xFF, 0x90, 0x00,
    0x00, 0x00, 0x00, 0x2F, 0xF9, 0x32, 0x53, 0x00, 0x3B, 0x50, 0x00, 0x09,
    0xFA, 0x00, 0x00, 0x00, 0x07, 0xFA, 0x00, 0x00, 0xDF, 0x30, 0x00, 0x00,
    0x00, 0xBF, 0x60, 0x00, 0x0F, 0xF1, 0x00, 0x00, 0x00, 0x0D, 0xF3, 0x00,
    0x00, 0xEF, 0x42, 0x21, 0x00, 0x00, 0xEF, 0x10, 0x00, 0x0A, 0xFF, 0xFF,
    0xFD, 0x30, 0x0F, 0xF0, 0x00, 0x00, 0x1B, 0xEF, 0xFF, 0xFB, 0x00, 0xDF,
    0x20, 0x00, 0x00, 0x00, 0x00, 0x4F, 0xE0, 0x0A, 0xF7, 0x00, 0x00, 0x00,
    0x00, 0x02, 0xFE, 0x00, 0x5F, 0xE3, 0x00, 0x00, 0x00, 0x02, 0xCF, 0x90,
    0x00, 0xBF, 0xE8, 0x42, 0x23, 0x6A, 0xFF, 0xD1, 0x00, 0x01, 0xBF, 0xFF,
    0xFF, 0xFF, 0xFF, 0xB1, 0x00, 0x00, 0x00, 0x5A, 0xDF, 0xFD, 0xC8, 0x30,
    0x00, 0x00, 0x00, 0x00, 0x00, 0x00, 0x00, 0x00, 0x00, 0x00, 0x00, 0x00,
    0x00, 0x30, 0x00, 0x30, 0x00, 0x00, 0x00, 0x00, 0x00, 0x7F, 0x80, 0x7F,
    0x60, 0x00, 0x00, 0x00, 0x00, 0x1C, 0xFD, 0x1C, 0xFB, 0x00, 0x00, 0x00,
    0x00, 0x00, 0x19, 0x10, 0x19, 0x10, 0x00, 0x00, 0x06, 0xA3, 0x00, 0x00,
    0x00, 0x00, 0x00, 0x00, 0x0B, 0xF5, 0x00, 0x00, 0x00, 0x00, 0x00, 0x00,
    0x0D, 0xF2, 0x00, 0x00, 0x01, 0x22, 0x22, 0x22, 0x0E, 0xF1, 0x00, 0x00,
    0x08, 0xFF, 0xFF, 0xFF, 0x0F, 0xF0, 0x00, 0x00, 0x04, 0xFF, 0xFF, 0xFF,
    0x0D, 0xF2, 0x00, 0x00, 0x00, 0x00, 0x17, 0xFC, 0x0A, 0xF7, 0x00, 0x00,
    0x00, 0x00, 0x01, 0xFE, 0x05, 0xFE, 0x30, 0x00, 0x00, 0x00, 0x2B, 0xFB,
    0x00, 0xBF, 0xE9, 0x42, 0x23, 0x59, 0xEF, 0xE2, 0x00, 0x1B, 0xFF, 0xFF,
    0xFF, 0xFF, 0xFC, 0x20, 0x00, 0x00, 0x5A, 0xDF, 0xFE, 0xC9, 0x40, 0x00,
    0x00, 0x00, 0x00, 0x00, 0x00, 0x00, 0x00, 0x00, 0x00, 0x00, 0x00, 0x30,
    0x00, 0x30, 0x00, 0x00, 0x00, 0x00, 0x08, 0xF6, 0x07, 0xF7, 0x00, 0x00,
    0x00, 0x00, 0x1D, 0xFC, 0x1D, 0xFC, 0x10, 0x00, 0x00, 0x00, 0x02, 0x91,
    0x01, 0xA1, 0x00, 0x00, 0x00, 0x00, 0x00, 0x23, 0x00, 0x00, 0x00, 0x5F,
    0xB0, 0x00, 0x00, 0x03, 0xFD, 0x00, 0x00, 0x00, 0x1F, 0xE0, 0x00, 0x00,
    0x00, 0xFF, 0x00, 0x00, 0x00, 0x2F, 0xD0, 0x01, 0x22, 0x3B, 0xFA, 0x00,
    0x8F, 0xFF, 0xFF, 0x30, 0x08, 0xFF, 0xEB, 0x40, 0x00, 0x00, 0x00, 0x00,
    0x00, 0x00, 0x00, 0x00, 0x00, 0x01, 0xB7, 0x01, 0xC5, 0x00, 0x8F, 0xF3,
    0xAF, 0xF1, 0x01, 0xB7, 0x01, 0xD5, 0x00, 0x00, 0x00, 0x00, 0x00, 0x00,
    0x00, 0x00, 0x00, 0x00, 0x10, 0x00, 0x00, 0x00, 0x01, 0xEF, 0x00, 0x00,
    0x00, 0x00, 0x0F, 0xF0, 0x00, 0x00, 0x00, 0x01, 0xFF, 0x00, 0x00, 0x00,
    0x00, 0x4F, 0xF2, 0x00, 0x02, 0x23, 0x6D, 0xFF, 0xA3, 0x00, 0xFF, 0xFF,
    0xFB, 0xCF, 0xF0, 0x0F, 0xFE, 0xC7, 0x02, 0xBF, 0x00, 0x00, 0x00, 0x00,
    0x00, 0x00, 0x00, 0x00, 0x00, 0x00, 0x00, 0x04, 0xD3, 0x02, 0xD5, 0x00,
    0x01, 0xEF, 0xD1, 0xCF, 0xF2, 0x00, 0x04, 0xD3, 0x02, 0xD5, 0x00, 0x00,
    0x00, 0x00, 0x00, 0x00, 0x00, 0x00, 0x00, 0x00, 0x00, 0x00, 0x00, 0x00,
    0x00, 0x08, 0xEA, 0x32, 0xC6, 0x00, 0x00, 0x00, 0x0B, 0xE4, 0x7E, 0xF9,
    0x00, 0x00, 0x00, 0x00, 0x72, 0x00, 0x01, 0x00, 0x00, 0x00, 0x00, 0x00,
    0x02, 0x20, 0x00, 0x00, 0x0F, 0xF0, 0x00, 0x04, 0xFA, 0x00, 0x00, 0x00,
    0xFF, 0x00, 0x00, 0x1E, 0xF1, 0x00, 0x00, 0x0F, 0xF0, 0x00, 0x00, 0x9F,
    0x60, 0x00, 0x00, 0xFF, 0x00, 0x00, 0x04, 0xFB, 0x00, 0x00, 0x0F, 0xF0,
    0x00, 0x00, 0x0D, 0xF1, 0x00, 0x00, 0xFF, 0x00, 0x00, 0x00, 0x8F, 0x60,
    0x00, 0x0F, 0xF0, 0x00, 0x00, 0x04, 0xFA, 0x00, 0x00, 0xFF, 0x00, 0x00,
    0x00, 0x0E, 0xE0, 0x00, 0x0F, 0xF0, 0x00, 0x00, 0x00, 0xBF, 0x20, 0x01,
    0xFE, 0x00, 0x00, 0x00, 0x07, 0xF6, 0x00, 0x2F, 0xD0, 0x00, 0x00, 0x00,
    0x4F, 0x90, 0x07, 0xFA, 0x00, 0x00, 0x00, 0x01, 0xFC, 0x02, 0xEF, 0x40,
    0x00, 0x01, 0x22, 0x2E, 0xE8, 0xEF, 0xA0, 0x00, 0x00, 0x8F, 0xFF, 0xFF,
    0xFF, 0x90, 0x00, 0x00, 0x07, 0xFF, 0xED, 0xB8, 0x20, 0x00, 0x00, 0x00,
    0x00, 0x00, 0x00, 0x00, 0x00, 0x00, 0x00, 0x2B, 0xD7, 0x24, 0xD4, 0x00,
    0x00, 0x00, 0x4E, 0x94, 0x9F, 0xE7, 0x00, 0x00, 0x00, 0x02, 0x70, 0x00,
    0x11, 0x00, 0x00, 0x00, 0x00, 0x00, 0x04, 0x00, 0x00, 0x00, 0x0F, 0xF0,
    0x00, 0x0B, 0xF5, 0x00, 0x00, 0x00, 0xFF, 0x00, 0x00, 0x8F, 0xB0, 0x00,
    0x00, 0x0F, 0xF0, 0x00, 0x02, 0xFF, 0x20, 0x00, 0x00, 0xFF, 0x00, 0x00,
    0x0B, 0xF7, 0x00, 0x00, 0x0F, 0xF0, 0x00, 0x00, 0x6F, 0xC0, 0x00, 0x00,
    0xFF, 0x00, 0x00, 0x01, 0xFF, 0x20, 0x00, 0x0F, 0xF0, 0x00, 0x00, 0x0B,
    0xF6, 0x00, 0x00, 0xFF, 0x00, 0x00, 0x00, 0x7F, 0xA0, 0x00, 0x0F, 0xF0,
    0x00, 0x00, 0x03, 0xFE, 0x00, 0x01, 0xFF, 0x00, 0x00, 0x00, 0x0E, 0xF3,
    0x00, 0x3F, 0xF0, 0x00, 0x00, 0x00, 0xBF, 0x60, 0x07, 0xFF, 0x20, 0x00,
    0x00, 0x09, 0xF9, 0x03, 0xEF, 0xF5, 0x00, 0x02, 0x22, 0x7F, 0xC9, 0xFF,
    0x8F, 0xC2, 0x00, 0xFF, 0xFF, 0xFF, 0xFD, 0x50, 0xCF, 0xF0, 0x0E, 0xFF,
    0xEC, 0x95, 0x00, 0x02, 0xBF, 0x03, 0xCE, 0x80, 0x00, 0x00, 0x00, 0x00,
    0x0D, 0x73, 0x30, 0x00, 0x00, 0x00, 0x00, 0x0E, 0x20, 0x21, 0x00, 0x00,
    0x00, 0x00, 0x06, 0xED, 0xE3, 0x00, 0x00, 0x00, 0x00, 0x3E, 0xC6, 0x10,
    0x00, 0x00, 0x00, 0x00, 0x12, 0x04, 0x10, 0x00, 0x00, 0x0F, 0xF0, 0x00,
    0xAF, 0x60, 0x00, 0x00, 0x0F, 0xF0, 0x00, 0x6F, 0xC0, 0x00, 0x00, 0x0F,
    0xF0, 0x00, 0x1E, 0xF3, 0x00, 0x00, 0x0F, 0xF0, 0x00, 0x0A, 0xF8, 0x00,
    0x00, 0x0F, 0xF0, 0x00, 0x04, 0xFD, 0x00, 0x00, 0x0F, 0xF0, 0x00, 0x00,
    0xEF, 0x20, 0x00, 0x0F, 0xF0, 0x00, 0x00, 0xAF, 0x70, 0x00, 0x0F, 0xF0,
    0x00, 0x00, 0x6F, 0xB0, 0x00, 0x0F, 0xF0, 0x00, 0x00, 0x2F, 0xE0, 0x00,
    0x1F, 0xE0, 0x00, 0x00, 0x0D, 0xF3, 0x00, 0x3F, 0xD0, 0x00, 0x00, 0x0A,
    0xF6, 0x00, 0x7F, 0x90, 0x00, 0x00, 0x07, 0xF9, 0x03, 0xEF, 0x40, 0x00,
    0x12, 0x26, 0xFD, 0x9F, 0xF9, 0x00, 0x00, 0xEF, 0xFF, 0xFF, 0xFF, 0x80,
    0x00, 0x00, 0xDF, 0xFE, 0xDB, 0x72, 0x00, 0x00, 0x03, 0xCE, 0x70, 0x00,
    0x00, 0x00, 0x00, 0x00, 0xD7, 0x33, 0x00, 0x00, 0x00, 0x00, 0x00, 0x0E,
    0x20, 0x21, 0x00, 0x00, 0x00, 0x00, 0x00, 0x6E, 0xDE, 0x20, 0x00, 0x00,
    0x00, 0x00, 0x3E, 0xB6, 0x10, 0x00, 0x00, 0x00, 0x00, 0x01, 0x20, 0x40,
    0x00, 0x00, 0x00, 0xFF, 0x00, 0x00, 0xBF, 0x50, 0x00, 0x00, 0x0F, 0xF0,
    0x00, 0x08, 0xFB, 0x00, 0x00, 0x00, 0xFF, 0x00, 0x00, 0x2F, 0xF2, 0x00,
    0x00, 0x0F, 0xF0, 0x00, 0x00, 0xBF, 0x70, 0x00, 0x00, 0xFF, 0x00, 0x00,
    0x06, 0xFC, 0x00, 0x00, 0x0F, 0xF0, 0x00, 0x00, 0x1F, 0xF2, 0x00, 0x00,
    0xFF, 0x00, 0x00, 0x00, 0xBF, 0x60, 0x00, 0x0F, 0xF0, 0x00, 0x00, 0x07,
    0xFA, 0x00, 0x00, 0xFF, 0x00, 0x00, 0x00, 0x3F, 0xE0, 0x00, 0x1F, 0xF0,
    0x00, 0x00, 0x00, 0xEF, 0x30, 0x03, 0xFF, 0x00, 0x00, 0x00, 0x0B, 0xF6,
    0x00, 0x7F, 0xF2, 0x00, 0x00, 0x00, 0x9F, 0x90, 0x3E, 0xFF, 0x50, 0x00,
    0x22, 0x27, 0xFC, 0x9F, 0xF8, 0xFC, 0x20, 0x0F, 0xFF, 0xFF, 0xFF, 0xD5,
    0x0C, 0xFF, 0x00, 0xEF, 0xFE, 0xC9, 0x50, 0x00, 0x2B, 0xF0, 0x00, 0x40,
    0x00, 0x00, 0x00, 0xFF, 0x00, 0x0B, 0xF4, 0x00, 0x00, 0x00, 0xFF, 0x00,
    0x08, 0xFA, 0x00, 0x00, 0x00, 0xFF, 0x00, 0x02, 0xFF, 0x10, 0x00, 0x00,
    0xFF, 0x00, 0x00, 0xBF, 0x60, 0x00, 0x00, 0xFF, 0x00, 0x00, 0x6F, 0xC0,
    0x00, 0x00, 0xFF, 0x00, 0x00, 0x1F, 0xF1, 0x00, 0x00, 0xFF, 0x00, 0x00,
    0x0B, 0xF6, 0x00, 0x00, 0xFF, 0x00, 0x00, 0x07, 0xFA, 0x00, 0x00, 0xFF,
    0x00, 0x00, 0x03, 0xFE, 0x00, 0x01, 0xFE, 0x00, 0x00, 0x00, 0xEF, 0x20,
    0x03, 0xFD, 0x00, 0x00, 0x00, 0xCF, 0x60, 0x07, 0xF9, 0x00, 0x00, 0x00,
    0x9F, 0x90, 0x3E, 0xF4, 0x00, 0x02, 0x22, 0x7F, 0xC9, 0xFF, 0x90, 0x00,
    0x0F, 0xFF, 0xFF, 0xFF, 0xF8, 0x00, 0x00, 0x0E, 0xFF, 0xED, 0xB7, 0x20,
    0x00, 0x00, 0x00, 0x00, 0x00, 0x00, 0x00, 0x00, 0x00, 0x00, 0x3C, 0xE9,
    0x00, 0x00, 0x00, 0x00, 0x00, 0xC8, 0x34, 0x00, 0x00, 0x00, 0x00, 0x00,
    0xE1, 0x01, 0x10, 0x00, 0x00, 0x00, 0x00, 0x8D, 0xBF, 0x50, 0x00, 0x00,
    0x00, 0x03, 0xCE, 0x94, 0x00, 0x00, 0x00, 0x00, 0x02, 0x61, 0x00, 0x00,
    0x00, 0x00, 0x00, 0x00, 0x40, 0x00, 0x00, 0x00, 0xFF, 0x00, 0x0B, 0xF4,
    0x00, 0x00, 0x00, 0xFF, 0x00, 0x08, 0xFA, 0x00, 0x00, 0x00, 0xFF, 0x00,
    0x02, 0xFF, 0x10, 0x00, 0x00, 0xFF, 0x00, 0x00, 0xBF, 0x60, 0x00, 0x00,
    0xFF, 0x00, 0x00, 0x6F, 0xC0, 0x00, 0x00, 0xFF, 0x00, 0x00, 0x1F, 0xF1,
    0x00, 0x00, 0xFF, 0x00, 0x00, 0x0B, 0xF6, 0x00, 0x00, 0xFF, 0x00, 0x00,
    0x07, 0xFA, 0x00, 0x00, 0xFF, 0x00, 0x00, 0x03, 0xFE, 0x00, 0x01, 0xFF,
    0x00, 0x00, 0x00, 0xEF, 0x20, 0x03, 0xFF, 0x00, 0x00, 0x00, 0xBF, 0x60,
    0x07, 0xFF, 0x20, 0x00, 0x00, 0x9F, 0x90, 0x3E, 0xFF, 0x50, 0x02, 0x22,
    0x7F, 0xC9, 0xFF, 0x8F, 0xC2, 0x0F, 0xFF, 0xFF, 0xFF, 0xD5, 0x0C, 0xFF,
    0x0E, 0xFF, 0xEC, 0x95, 0x00, 0x02, 0xBF, 0x00, 0x00, 0x00, 0x00, 0x00,
    0x00, 0x00, 0x00, 0x3C, 0xE9, 0x00, 0x00, 0x00, 0x00, 0x00, 0xC8, 0x34,
    0x00, 0x00, 0x00, 0x00, 0x00, 0xE1, 0x01, 0x10, 0x00, 0x00, 0x00, 0x00,
    0x8D, 0xBF, 0x50, 0x00, 0x00, 0x00, 0x03, 0xCE, 0x94, 0x00, 0x00, 0x00,
    0x00, 0x02, 0x61, 0x00, 0x00, 0x00, 0x00, 0x00, 0x00, 0x22, 0x00, 0x00,
    0x00, 0xFF, 0x00, 0x04, 0xFA, 0x00, 0x00, 0x00, 0xFF, 0x00, 0x01, 0xEF,
    0x10, 0x00, 0x00, 0xFF, 0x00, 0x00, 0x9F, 0x60, 0x00, 0x00, 0xFF, 0x00,
    0x00, 0x4F, 0xB0, 0x00, 0x00, 0xFF, 0x00, 0x00, 0x0D, 0xF1, 0x00, 0x00,
    0xFF, 0x00, 0x00, 0x08, 0xF6, 0x00, 0x00, 0xFF, 0x00, 0x00, 0x04, 0xFA,
    0x00, 0x00, 0xFF, 0x00, 0x00, 0x00, 0xEE, 0x00, 0x00, 0xFF, 0x00, 0x00,
    0x00, 0xBF, 0x20, 0x01, 0xFE, 0x00, 0x00, 0x00, 0x7F, 0x60, 0x02, 0xFD,
    0x00, 0x00, 0x00, 0x4F, 0x90, 0x07, 0xFA, 0x00, 0x00, 0x00, 0x1F, 0xC0,
    0x2E, 0xF4, 0x00, 0x01, 0x22, 0x2E, 0xE8, 0xEF, 0xA0, 0x00, 0x08, 0xFF,
    0xFF, 0xFF, 0xF9, 0x00, 0x00, 0x07, 0xFF, 0xED, 0xB8, 0x20, 0x00, 0x00,
    0x00, 0x40, 0x00, 0x00, 0x00, 0xFF, 0x00, 0x0B, 0xF5, 0x00, 0x00, 0x00,
    0xFF, 0x00, 0x08, 0xFB, 0x00, 0x00, 0x00, 0xFF, 0x00, 0x02, 0xFF, 0x20,
    0x00, 0x00, 0xFF, 0x00, 0x00, 0xBF, 0x70, 0x00, 0x00, 0xFF, 0x00, 0x00,
    0x6F, 0xC0, 0x00, 0x00, 0xFF, 0x00, 0x00, 0x1F, 0xF2, 0x00, 0x00, 0xFF,
    0x00, 0x00, 0x0B, 0xF6, 0x00, 0x00, 0xFF, 0x00, 0x00, 0x07, 0xFA, 0x00,
    0x00, 0xFF, 0x00, 0x00, 0x03, 0xFE, 0x00, 0x01, 0xFF, 0x00, 0x00, 0x00,
    0xEF, 0x30, 0x03, 0xFF, 0x00, 0x00, 0x00, 0xBF, 0x60, 0x07, 0xFF, 0x20,
    0x00, 0x00, 0x9F, 0x90, 0x3E, 0xFF, 0x50, 0x02, 0x22, 0x7F, 0xC9, 0xFF,
    0x8F, 0xC2, 0x0F, 0xFF, 0xFF, 0xFF, 0xD5, 0x0C, 0xFF, 0x0E, 0xFF, 0xEC,
    0x95, 0x00, 0x02, 0xBF
};

static const lv_font_fmt_txt_glyph_dsc_t glyph_dsc[] = {
    {.bitmap_index = 0, .adv_w = 0, .box_w = 0, .box_h = 0, .ofs_x = 0, .ofs_y = 0}, /* id = 0 reserved */

    {.bitmap_index = 0, .adv_w = 103, .box_w = 0, .box_h = 0, .ofs_x = 0, .ofs_y = 0},

    {.bitmap_index = 0, .adv_w = 104, .box_w = 7, .box_h = 16, .ofs_x = 0, .ofs_y = 0},

    {.bitmap_index = 56, .adv_w = 123, .box_w = 8, .box_h = 18, .ofs_x = 0, .ofs_y = 0},

    {.bitmap_index = 128, .adv_w = 236, .box_w = 15, .box_h = 17, .ofs_x = 0, .ofs_y = 0},

    {.bitmap_index = 256, .adv_w = 216, .box_w = 13, .box_h = 22, .ofs_x = 0, .ofs_y = -2},

    {.bitmap_index = 399, .adv_w = 281, .box_w = 18, .box_h = 17, .ofs_x = 0, .ofs_y = 0},

    {.bitmap_index = 552, .adv_w = 239, .box_w = 15, .box_h = 17, .ofs_x = 0, .ofs_y = 0},

    {.bitmap_index = 680, .adv_w = 67, .box_w = 4, .box_h = 18, .ofs_x = 0, .ofs_y = 0},

    {.bitmap_index = 716, .adv_w = 131, .box_w = 9, .box_h = 26, .ofs_x = 0, .ofs_y = -6},

    {.bitmap_index = 833, .adv_w = 131, .box_w = 8, .box_h = 26, .ofs_x = 0, .ofs_y = -6},

    {.bitmap_index = 937, .adv_w = 166, .box_w = 12, .box_h = 17, .ofs_x = -1, .ofs_y = 0},

    {.bitmap_index = 1039, .adv_w = 206, .box_w = 13, .box_h = 11, .ofs_x = 0, .ofs_y = 0},

    {.bitmap_index = 1111, .adv_w = 76, .box_w = 6, .box_h = 7, .ofs_x = -1, .ofs_y = -4},

    {.bitmap_index = 1132, .adv_w = 179, .box_w = 11, .box_h = 7, .ofs_x = 0, .ofs_y = 0},

    {.bitmap_index = 1171, .adv_w = 104, .box_w = 7, .box_h = 3, .ofs_x = 0, .ofs_y = 0},

    {.bitmap_index = 1182, .adv_w = 158, .box_w = 10, .box_h = 19, .ofs_x = 0, .ofs_y = -2},

    {.bitmap_index = 1277, .adv_w = 216, .box_w = 13, .box_h = 17, .ofs_x = 0, .ofs_y = 0},

    {.bitmap_index = 1388, .adv_w = 216, .box_w = 13, .box_h = 17, .ofs_x = 0, .ofs_y = 0},

    {.bitmap_index = 1499, .adv_w = 216, .box_w = 13, .box_h = 17, .ofs_x = 0, .ofs_y = 0},

    {.bitmap_index = 1610, .adv_w = 216, .box_w = 13, .box_h = 17, .ofs_x = 0, .ofs_y = 0},

    {.bitmap_index = 1721, .adv_w = 216, .box_w = 13, .box_h = 17, .ofs_x = 0, .ofs_y = 0},

    {.bitmap_index = 1832, .adv_w = 216, .box_w = 13, .box_h = 17, .ofs_x = 0, .ofs_y = 0},

    {.bitmap_index = 1943, .adv_w = 216, .box_w = 13, .box_h = 17, .ofs_x = 0, .ofs_y = 0},

    {.bitmap_index = 2054, .adv_w = 216, .box_w = 13, .box_h = 17, .ofs_x = 0, .ofs_y = 0},

    {.bitmap_index = 2165, .adv_w = 216, .box_w = 13, .box_h = 17, .ofs_x = 0, .ofs_y = 0},

    {.bitmap_index = 2276, .adv_w = 216, .box_w = 13, .box_h = 17, .ofs_x = 0, .ofs_y = 0},

    {.bitmap_index = 2387, .adv_w = 104, .box_w = 7, .box_h = 10, .ofs_x = 0, .ofs_y = 0},

    {.bitmap_index = 2422, .adv_w = 81, .box_w = 5, .box_h = 18, .ofs_x = 0, .ofs_y = -5},

    {.bitmap_index = 2467, .adv_w = 195, .box_w = 12, .box_h = 13, .ofs_x = 0, .ofs_y = 0},

    {.bitmap_index = 2545, .adv_w = 211, .box_w = 13, .box_h = 9, .ofs_x = 0, .ofs_y = 0},

    {.bitmap_index = 2604, .adv_w = 201, .box_w = 13, .box_h = 13, .ofs_x = 0, .ofs_y = 0},

    {.bitmap_index = 2689, .adv_w = 182, .box_w = 11, .box_h = 17, .ofs_x = 0, .ofs_y = 0},

    {.bitmap_index = 2783, .adv_w = 345, .box_w = 22, .box_h = 22, .ofs_x = 0, .ofs_y = -5},

    {.bitmap_index = 3025, .adv_w = 250, .box_w = 16, .box_h = 17, .ofs_x = 0, .ofs_y = 0},

    {.bitmap_index = 3161, .adv_w = 239, .box_w = 15, .box_h = 17, .ofs_x = 0, .ofs_y = 0},

    {.bitmap_index = 3289, .adv_w = 250, .box_w = 16, .box_h = 17, .ofs_x = 0, .ofs_y = 0},

    {.bitmap_index = 3425, .adv_w = 252, .box_w = 16, .box_h = 17, .ofs_x = 0, .ofs_y = 0},

    {.bitmap_index = 3561, .adv_w = 218, .box_w = 14, .box_h = 17, .ofs_x = 0, .ofs_y = 0},

    {.bitmap_index = 3680, .adv_w = 212, .box_w = 13, .box_h = 17, .ofs_x = 0, .ofs_y = 0},

    {.bitmap_index = 3791, .adv_w = 262, .box_w = 16, .box_h = 17, .ofs_x = 0, .ofs_y = 0},

    {.bitmap_index = 3927, .adv_w = 274, .box_w = 17, .box_h = 17, .ofs_x = 0, .ofs_y = 0},

    {.bitmap_index = 4072, .adv_w = 104, .box_w = 7, .box_h = 17, .ofs_x = 0, .ofs_y = 0},

    {.bitmap_index = 4132, .adv_w = 212, .box_w = 13, .box_h = 17, .ofs_x = 0, .ofs_y = 0},

    {.bitmap_index = 4243, .adv_w = 241, .box_w = 15, .box_h = 17, .ofs_x = 0, .ofs_y = 0},

    {.bitmap_index = 4371, .adv_w = 207, .box_w = 13, .box_h = 17, .ofs_x = 0, .ofs_y = 0},

    {.bitmap_index = 4482, .adv_w = 335, .box_w = 21, .box_h = 17, .ofs_x = 0, .ofs_y = 0},

    {.bitmap_index = 4661, .adv_w = 274, .box_w = 17, .box_h = 17, .ofs_x = 0, .ofs_y = 0},

    {.bitmap_index = 4806, .adv_w = 264, .box_w = 17, .box_h = 17, .ofs_x = 0, .ofs_y = 0},

    {.bitmap_index = 4951, .adv_w = 242, .box_w = 15, .box_h = 17, .ofs_x = 0, .ofs_y = 0},

    {.bitmap_index = 5079, .adv_w = 264, .box_w = 17, .box_h = 20, .ofs_x = 0, .ofs_y = -3},

    {.bitmap_index = 5249, .adv_w = 237, .box_w = 15, .box_h = 17, .ofs_x = 0, .ofs_y = 0},

    {.bitmap_index = 5377, .adv_w = 228, .box_w = 14, .box_h = 17, .ofs_x = 0, .ofs_y = 0},

    {.bitmap_index = 5496, .adv_w = 229, .box_w = 14, .box_h = 17, .ofs_x = 0, .ofs_y = 0},

    {.bitmap_index = 5615, .adv_w = 249, .box_w = 16, .box_h = 17, .ofs_x = 0, .ofs_y = 0},

    {.bitmap_index = 5751, .adv_w = 244, .box_w = 15, .box_h = 17, .ofs_x = 0, .ofs_y = 0},

    {.bitmap_index = 5879, .adv_w = 341, .box_w = 21, .box_h = 17, .ofs_x = 0, .ofs_y = 0},

    {.bitmap_index = 6058, .adv_w = 241, .box_w = 15, .box_h = 17, .ofs_x = 0, .ofs_y = 0},

    {.bitmap_index = 6186, .adv_w = 231, .box_w = 15, .box_h = 17, .ofs_x = 0, .ofs_y = 0},

    {.bitmap_index = 6314, .adv_w = 230, .box_w = 14, .box_h = 17, .ofs_x = 0, .ofs_y = 0},

    {.bitmap_index = 6433, .adv_w = 102, .box_w = 7, .box_h = 23, .ofs_x = 0, .ofs_y = -4},

    {.bitmap_index = 6514, .adv_w = 158, .box_w = 10, .box_h = 19, .ofs_x = 0, .ofs_y = -2},

    {.bitmap_index = 6609, .adv_w = 102, .box_w = 6, .box_h = 23, .ofs_x = 0, .ofs_y = -4},

    {.bitmap_index = 6678, .adv_w = 160, .box_w = 10, .box_h = 18, .ofs_x = 0, .ofs_y = 0},

    {.bitmap_index = 6768, .adv_w = 173, .box_w = 12, .box_h = 2, .ofs_x = 0, .ofs_y = -2},

    {.bitmap_index = 6780, .adv_w = 119, .box_w = 7, .box_h = 19, .ofs_x = 0, .ofs_y = 0},

    {.bitmap_index = 6847, .adv_w = 209, .box_w = 13, .box_h = 13, .ofs_x = 0, .ofs_y = 0},

    {.bitmap_index = 6932, .adv_w = 216, .box_w = 13, .box_h = 18, .ofs_x = 0, .ofs_y = 0},

    {.bitmap_index = 7049, .adv_w = 201, .box_w = 13, .box_h = 13, .ofs_x = 0, .ofs_y = 0},

    {.bitmap_index = 7134, .adv_w = 216, .box_w = 14, .box_h = 18, .ofs_x = 0, .ofs_y = 0},

    {.bitmap_index = 7260, .adv_w = 204, .box_w = 13, .box_h = 13, .ofs_x = 0, .ofs_y = 0},

    {.bitmap_index = 7345, .adv_w = 134, .box_w = 9, .box_h = 18, .ofs_x = 0, .ofs_y = 0},

    {.bitmap_index = 7426, .adv_w = 216, .box_w = 13, .box_h = 18, .ofs_x = 0, .ofs_y = -5},

    {.bitmap_index = 7543, .adv_w = 212, .box_w = 13, .box_h = 18, .ofs_x = 0, .ofs_y = 0},

    {.bitmap_index = 7660, .adv_w = 94, .box_w = 6, .box_h = 17, .ofs_x = 0, .ofs_y = 0},

    {.bitmap_index = 7711, .adv_w = 92, .box_w = 7, .box_h = 22, .ofs_x = -1, .ofs_y = -5},

    {.bitmap_index = 7788, .adv_w = 195, .box_w = 13, .box_h = 18, .ofs_x = 0, .ofs_y = 0},

    {.bitmap_index = 7905, .adv_w = 94, .box_w = 6, .box_h = 18, .ofs_x = 0, .ofs_y = 0},

    {.bitmap_index = 7959, .adv_w = 337, .box_w = 21, .box_h = 13, .ofs_x = 0, .ofs_y = 0},

    {.bitmap_index = 8096, .adv_w = 212, .box_w = 13, .box_h = 13, .ofs_x = 0, .ofs_y = 0},

    {.bitmap_index = 8181, .adv_w = 219, .box_w = 14, .box_h = 13, .ofs_x = 0, .ofs_y = 0},

    {.bitmap_index = 8272, .adv_w = 216, .box_w = 13, .box_h = 18, .ofs_x = 0, .ofs_y = -5},

    {.bitmap_index = 8389, .adv_w = 218, .box_w = 14, .box_h = 18, .ofs_x = 0, .ofs_y = -5},

    {.bitmap_index = 8515, .adv_w = 130, .box_w = 8, .box_h = 13, .ofs_x = 0, .ofs_y = 0},

    {.bitmap_index = 8567, .adv_w = 198, .box_w = 12, .box_h = 13, .ofs_x = 0, .ofs_y = 0},

    {.bitmap_index = 8645, .adv_w = 126, .box_w = 9, .box_h = 16, .ofs_x = 0, .ofs_y = 0},

    {.bitmap_index = 8717, .adv_w = 212, .box_w = 13, .box_h = 13, .ofs_x = 0, .ofs_y = 0},

    {.bitmap_index = 8802, .adv_w = 186, .box_w = 12, .box_h = 13, .ofs_x = 0, .ofs_y = 0},

    {.bitmap_index = 8880, .adv_w = 288, .box_w = 18, .box_h = 13, .ofs_x = 0, .ofs_y = 0},

    {.bitmap_index = 8997, .adv_w = 190, .box_w = 12, .box_h = 13, .ofs_x = 0, .ofs_y = 0},

    {.bitmap_index = 9075, .adv_w = 182, .box_w = 12, .box_h = 18, .ofs_x = 0, .ofs_y = -5},

    {.bitmap_index = 9183, .adv_w = 190, .box_w = 12, .box_h = 13, .ofs_x = 0, .ofs_y = 0},

    {.bitmap_index = 9261, .adv_w = 130, .box_w = 8, .box_h = 24, .ofs_x = 0, .ofs_y = -5},

    {.bitmap_index = 9357, .adv_w = 94, .box_w = 6, .box_h = 21, .ofs_x = 0, .ofs_y = -4},

    {.bitmap_index = 9420, .adv_w = 130, .box_w = 8, .box_h = 24, .ofs_x = 0, .ofs_y = -5},

    {.bitmap_index = 9516, .adv_w = 261, .box_w = 16, .box_h = 10, .ofs_x = 0, .ofs_y = 0},

    {.bitmap_index = 9596, .adv_w = 104, .box_w = 7, .box_h = 7, .ofs_x = 0, .ofs_y = 0},

    {.bitmap_index = 9621, .adv_w = 157, .box_w = 10, .box_h = 21, .ofs_x = 0, .ofs_y = -3},

    {.bitmap_index = 9726, .adv_w = 234, .box_w = 15, .box_h = 20, .ofs_x = 0, .ofs_y = 0},

    {.bitmap_index = 9876, .adv_w = 234, .box_w = 15, .box_h = 20, .ofs_x = 0, .ofs_y = 0},

    {.bitmap_index = 10026, .adv_w = 234, .box_w = 15, .box_h = 25, .ofs_x = 0, .ofs_y = 0},

    {.bitmap_index = 10214, .adv_w = 234, .box_w = 15, .box_h = 23, .ofs_x = 0, .ofs_y = 0},

    {.bitmap_index = 10387, .adv_w = 104, .box_w = 7, .box_h = 12, .ofs_x = 0, .ofs_y = 0},

    {.bitmap_index = 10429, .adv_w = 164, .box_w = 10, .box_h = 16, .ofs_x = 0, .ofs_y = 0},

    {.bitmap_index = 10509, .adv_w = 156, .box_w = 10, .box_h = 11, .ofs_x = 0, .ofs_y = -1},

    {.bitmap_index = 10564, .adv_w = 89, .box_w = 10, .box_h = 20, .ofs_x = -2, .ofs_y = 0},

    {.bitmap_index = 10664, .adv_w = 89, .box_w = 6, .box_h = 21, .ofs_x = 0, .ofs_y = 0},

    {.bitmap_index = 10727, .adv_w = 171, .box_w = 11, .box_h = 23, .ofs_x = 0, .ofs_y = -7},

    {.bitmap_index = 10854, .adv_w = 89, .box_w = 6, .box_h = 23, .ofs_x = 0, .ofs_y = -7},

    {.bitmap_index = 10923, .adv_w = 271, .box_w = 17, .box_h = 19, .ofs_x = 0, .ofs_y = -6},

    {.bitmap_index = 11085, .adv_w = 89, .box_w = 6, .box_h = 16, .ofs_x = 0, .ofs_y = 0},

    {.bitmap_index = 11133, .adv_w = 336, .box_w = 21, .box_h = 15, .ofs_x = 0, .ofs_y = -6},

    {.bitmap_index = 11291, .adv_w = 179, .box_w = 11, .box_h = 16, .ofs_x = 0, .ofs_y = 0},

    {.bitmap_index = 11379, .adv_w = 336, .box_w = 21, .box_h = 12, .ofs_x = 0, .ofs_y = 0},

    {.bitmap_index = 11505, .adv_w = 336, .box_w = 21, .box_h = 14, .ofs_x = 0, .ofs_y = 0},

    {.bitmap_index = 11652, .adv_w = 257, .box_w = 16, .box_h = 19, .ofs_x = 0, .ofs_y = -8},

    {.bitmap_index = 11804, .adv_w = 257, .box_w = 16, .box_h = 19, .ofs_x = 0, .ofs_y = -8},

    {.bitmap_index = 11956, .adv_w = 257, .box_w = 16, .box_h = 24, .ofs_x = 0, .ofs_y = -8},

    {.bitmap_index = 12148, .adv_w = 184, .box_w = 11, .box_h = 12, .ofs_x = 0, .ofs_y = 0},

    {.bitmap_index = 12214, .adv_w = 184, .box_w = 11, .box_h = 17, .ofs_x = 0, .ofs_y = 0},

    {.bitmap_index = 12308, .adv_w = 132, .box_w = 9, .box_h = 14, .ofs_x = -1, .ofs_y = -7},

    {.bitmap_index = 12371, .adv_w = 132, .box_w = 9, .box_h = 20, .ofs_x = -1, .ofs_y = -7},

    {.bitmap_index = 12461, .adv_w = 454, .box_w = 28, .box_h = 15, .ofs_x = 0, .ofs_y = -6},

    {.bitmap_index = 12671, .adv_w = 454, .box_w = 28, .box_h = 22, .ofs_x = 0, .ofs_y = -6},

    {.bitmap_index = 12979, .adv_w = 479, .box_w = 30, .box_h = 16, .ofs_x = 0, .ofs_y = -6},

    {.bitmap_index = 13219, .adv_w = 479, .box_w = 30, .box_h = 21, .ofs_x = 0, .ofs_y = -6},

    {.bitmap_index = 13534, .adv_w = 284, .box_w = 18, .box_h = 16, .ofs_x = 0, .ofs_y = 0},

    {.bitmap_index = 13678, .adv_w = 284, .box_w = 18, .box_h = 16, .ofs_x = 0, .ofs_y = 0},

    {.bitmap_index = 13822, .adv_w = 238, .box_w = 15, .box_h = 20, .ofs_x = 0, .ofs_y = -8},

    {.bitmap_index = 13972, .adv_w = 238, .box_w = 15, .box_h = 26, .ofs_x = 0, .ofs_y = -8},

    {.bitmap_index = 14167, .adv_w = 271, .box_w = 17, .box_h = 18, .ofs_x = 0, .ofs_y = -6},

    {.bitmap_index = 14320, .adv_w = 106, .box_w = 7, .box_h = 3, .ofs_x = 0, .ofs_y = 0},

    {.bitmap_index = 14331, .adv_w = 333, .box_w = 21, .box_h = 18, .ofs_x = 0, .ofs_y = 0},

    {.bitmap_index = 14520, .adv_w = 266, .box_w = 17, .box_h = 20, .ofs_x = 0, .ofs_y = -5},

    {.bitmap_index = 14690, .adv_w = 338, .box_w = 21, .box_h = 16, .ofs_x = 0, .ofs_y = 0},

    {.bitmap_index = 14858, .adv_w = 246, .box_w = 15, .box_h = 22, .ofs_x = 0, .ofs_y = -6},

    {.bitmap_index = 15023, .adv_w = 228, .box_w = 14, .box_h = 17, .ofs_x = 0, .ofs_y = -8},

    {.bitmap_index = 15142, .adv_w = 260, .box_w = 16, .box_h = 16, .ofs_x = 0, .ofs_y = -5},

    {.bitmap_index = 15270, .adv_w = 179, .box_w = 11, .box_h = 11, .ofs_x = 0, .ofs_y = 0},

    {.bitmap_index = 15331, .adv_w = 171, .box_w = 11, .box_h = 16, .ofs_x = 0, .ofs_y = -7},

    {.bitmap_index = 15419, .adv_w = 271, .box_w = 17, .box_h = 15, .ofs_x = 0, .ofs_y = -6},

    {.bitmap_index = 15547, .adv_w = 271, .box_w = 17, .box_h = 20, .ofs_x = 0, .ofs_y = -11},

    {.bitmap_index = 15717, .adv_w = 234, .box_w = 15, .box_h = 20, .ofs_x = 0, .ofs_y = 0},

    {.bitmap_index = 15867, .adv_w = 234, .box_w = 15, .box_h = 19, .ofs_x = 0, .ofs_y = 0},

    {.bitmap_index = 16010, .adv_w = 234, .box_w = 15, .box_h = 20, .ofs_x = 0, .ofs_y = -8},

    {.bitmap_index = 16160, .adv_w = 234, .box_w = 15, .box_h = 18, .ofs_x = 0, .ofs_y = 0},

    {.bitmap_index = 16295, .adv_w = 234, .box_w = 15, .box_h = 20, .ofs_x = 0, .ofs_y = 0},

    {.bitmap_index = 16445, .adv_w = 234, .box_w = 15, .box_h = 18, .ofs_x = 0, .ofs_y = -6},

    {.bitmap_index = 16580, .adv_w = 234, .box_w = 15, .box_h = 20, .ofs_x = 0, .ofs_y = 0},

    {.bitmap_index = 16730, .adv_w = 234, .box_w = 15, .box_h = 19, .ofs_x = 0, .ofs_y = 0},

    {.bitmap_index = 16873, .adv_w = 234, .box_w = 15, .box_h = 18, .ofs_x = 0, .ofs_y = 0},

    {.bitmap_index = 17008, .adv_w = 234, .box_w = 15, .box_h = 20, .ofs_x = 0, .ofs_y = 0},

    {.bitmap_index = 17158, .adv_w = 234, .box_w = 15, .box_h = 21, .ofs_x = 0, .ofs_y = -9},

    {.bitmap_index = 17316, .adv_w = 234, .box_w = 15, .box_h = 19, .ofs_x = 0, .ofs_y = -7},

    {.bitmap_index = 17459, .adv_w = 234, .box_w = 15, .box_h = 22, .ofs_x = 0, .ofs_y = 0},

    {.bitmap_index = 17624, .adv_w = 234, .box_w = 15, .box_h = 18, .ofs_x = 0, .ofs_y = 0},

    {.bitmap_index = 17759, .adv_w = 234, .box_w = 15, .box_h = 20, .ofs_x = 0, .ofs_y = 0},

    {.bitmap_index = 17909, .adv_w = 234, .box_w = 15, .box_h = 19, .ofs_x = 0, .ofs_y = 0},

    {.bitmap_index = 18052, .adv_w = 144, .box_w = 9, .box_h = 9, .ofs_x = 0, .ofs_y = 0},

    {.bitmap_index = 18093, .adv_w = 111, .box_w = 7, .box_h = 16, .ofs_x = 0, .ofs_y = 0},

    {.bitmap_index = 18149, .adv_w = 201, .box_w = 13, .box_h = 16, .ofs_x = 0, .ofs_y = 0},

    {.bitmap_index = 18253, .adv_w = 253, .box_w = 16, .box_h = 16, .ofs_x = 0, .ofs_y = 0},

    {.bitmap_index = 18381, .adv_w = 178, .box_w = 11, .box_h = 16, .ofs_x = 0, .ofs_y = 0},

    {.bitmap_index = 18469, .adv_w = 203, .box_w = 13, .box_h = 13, .ofs_x = 0, .ofs_y = 0},

    {.bitmap_index = 18554, .adv_w = 188, .box_w = 12, .box_h = 16, .ofs_x = 0, .ofs_y = 0},

    {.bitmap_index = 18650, .adv_w = 226, .box_w = 14, .box_h = 16, .ofs_x = 0, .ofs_y = 0},

    {.bitmap_index = 18762, .adv_w = 226, .box_w = 14, .box_h = 16, .ofs_x = 0, .ofs_y = -1},

    {.bitmap_index = 18874, .adv_w = 185, .box_w = 12, .box_h = 16, .ofs_x = 0, .ofs_y = 0},

    {.bitmap_index = 18970, .adv_w = 189, .box_w = 12, .box_h = 16, .ofs_x = 0, .ofs_y = 0},

    {.bitmap_index = 19066, .adv_w = 162, .box_w = 10, .box_h = 15, .ofs_x = 0, .ofs_y = -6},

    {.bitmap_index = 19141, .adv_w = 100, .box_w = 6, .box_h = 7, .ofs_x = 0, .ofs_y = -5},

    {.bitmap_index = 19162, .adv_w = 246, .box_w = 15, .box_h = 16, .ofs_x = 0, .ofs_y = 0},

    {.bitmap_index = 19282, .adv_w = 336, .box_w = 21, .box_h = 9, .ofs_x = 0, .ofs_y = 0},

    {.bitmap_index = 19377, .adv_w = 266, .box_w = 17, .box_h = 15, .ofs_x = 0, .ofs_y = -5},

    {.bitmap_index = 19505, .adv_w = 234, .box_w = 15, .box_h = 19, .ofs_x = 0, .ofs_y = 0},

    {.bitmap_index = 19648, .adv_w = 89, .box_w = 7, .box_h = 20, .ofs_x = -1, .ofs_y = 0},

    {.bitmap_index = 19718, .adv_w = 105, .box_w = 7, .box_h = 19, .ofs_x = 0, .ofs_y = 0},

    {.bitmap_index = 19785, .adv_w = 336, .box_w = 21, .box_h = 15, .ofs_x = 0, .ofs_y = 0},

    {.bitmap_index = 19943, .adv_w = 336, .box_w = 21, .box_h = 15, .ofs_x = 0, .ofs_y = -3},

    {.bitmap_index = 20101, .adv_w = 336, .box_w = 21, .box_h = 17, .ofs_x = 0, .ofs_y = -8},

    {.bitmap_index = 20280, .adv_w = 257, .box_w = 16, .box_h = 25, .ofs_x = 0, .ofs_y = -8},

    {.bitmap_index = 20480, .adv_w = 257, .box_w = 16, .box_h = 26, .ofs_x = 0, .ofs_y = -8},

    {.bitmap_index = 20688, .adv_w = 257, .box_w = 16, .box_h = 19, .ofs_x = 0, .ofs_y = -8},

    {.bitmap_index = 20840, .adv_w = 184, .box_w = 11, .box_h = 20, .ofs_x = 0, .ofs_y = 0},

    {.bitmap_index = 20950, .adv_w = 184, .box_w = 11, .box_h = 15, .ofs_x = 0, .ofs_y = -3},

    {.bitmap_index = 21033, .adv_w = 132, .box_w = 8, .box_h = 22, .ofs_x = 0, .ofs_y = -6},

    {.bitmap_index = 21121, .adv_w = 132, .box_w = 9, .box_h = 15, .ofs_x = -1, .ofs_y = -8},

    {.bitmap_index = 21189, .adv_w = 132, .box_w = 9, .box_h = 18, .ofs_x = -1, .ofs_y = -11},

    {.bitmap_index = 21270, .adv_w = 132, .box_w = 9, .box_h = 17, .ofs_x = -1, .ofs_y = -10},

    {.bitmap_index = 21347, .adv_w = 132, .box_w = 10, .box_h = 22, .ofs_x = -1, .ofs_y = -7},

    {.bitmap_index = 21457, .adv_w = 454, .box_w = 28, .box_h = 20, .ofs_x = 0, .ofs_y = -6},

    {.bitmap_index = 21737, .adv_w = 238, .box_w = 15, .box_h = 28, .ofs_x = 0, .ofs_y = -8},

    {.bitmap_index = 21947, .adv_w = 333, .box_w = 21, .box_h = 13, .ofs_x = 0, .ofs_y = 0},

    {.bitmap_index = 22084, .adv_w = 333, .box_w = 21, .box_h = 20, .ofs_x = 0, .ofs_y = 0},

    {.bitmap_index = 22294, .adv_w = 336, .box_w = 21, .box_h = 17, .ofs_x = 0, .ofs_y = 0},

    {.bitmap_index = 22473, .adv_w = 377, .box_w = 24, .box_h = 14, .ofs_x = 0, .ofs_y = 0},

    {.bitmap_index = 22641, .adv_w = 336, .box_w = 21, .box_h = 17, .ofs_x = 0, .ofs_y = 0},

    {.bitmap_index = 22820, .adv_w = 338, .box_w = 21, .box_h = 18, .ofs_x = 0, .ofs_y = 0},

    {.bitmap_index = 23009, .adv_w = 338, .box_w = 21, .box_h = 20, .ofs_x = 0, .ofs_y = 0},

    {.bitmap_index = 23219, .adv_w = 336, .box_w = 21, .box_h = 20, .ofs_x = 0, .ofs_y = 0},

    {.bitmap_index = 23429, .adv_w = 246, .box_w = 15, .box_h = 23, .ofs_x = 0, .ofs_y = -6},

    {.bitmap_index = 23602, .adv_w = 260, .box_w = 16, .box_h = 13, .ofs_x = 0, .ofs_y = -5},

    {.bitmap_index = 23706, .adv_w = 260, .box_w = 16, .box_h = 19, .ofs_x = 0, .ofs_y = -8},

    {.bitmap_index = 23858, .adv_w = 260, .box_w = 16, .box_h = 20, .ofs_x = 0, .ofs_y = -5},

    {.bitmap_index = 24018, .adv_w = 290, .box_w = 18, .box_h = 12, .ofs_x = 0, .ofs_y = 0},

    {.bitmap_index = 24126, .adv_w = 179, .box_w = 11, .box_h = 20, .ofs_x = 0, .ofs_y = 0},

    {.bitmap_index = 24236, .adv_w = 179, .box_w = 11, .box_h = 11, .ofs_x = 0, .ofs_y = 0},

    {.bitmap_index = 24297, .adv_w = 179, .box_w = 11, .box_h = 17, .ofs_x = 0, .ofs_y = 0},

    {.bitmap_index = 24391, .adv_w = 179, .box_w = 11, .box_h = 16, .ofs_x = 0, .ofs_y = 0},

    {.bitmap_index = 24479, .adv_w = 171, .box_w = 11, .box_h = 23, .ofs_x = 0, .ofs_y = -7},

    {.bitmap_index = 24606, .adv_w = 171, .box_w = 11, .box_h = 23, .ofs_x = 0, .ofs_y = -7},

    {.bitmap_index = 24733, .adv_w = 171, .box_w = 11, .box_h = 22, .ofs_x = 0, .ofs_y = -7},

    {.bitmap_index = 24854, .adv_w = 171, .box_w = 11, .box_h = 22, .ofs_x = 0, .ofs_y = -7},

    {.bitmap_index = 24975, .adv_w = 171, .box_w = 11, .box_h = 22, .ofs_x = 0, .ofs_y = -7},

    {.bitmap_index = 25096, .adv_w = 171, .box_w = 11, .box_h = 24, .ofs_x = 0, .ofs_y = -7},

    {.bitmap_index = 25228, .adv_w = 271, .box_w = 17, .box_h = 15, .ofs_x = 0, .ofs_y = -6},

    {.bitmap_index = 25356, .adv_w = 303, .box_w = 19, .box_h = 15, .ofs_x = 0, .ofs_y = -6},

    {.bitmap_index = 25499, .adv_w = 271, .box_w = 17, .box_h = 19, .ofs_x = 0, .ofs_y = -6},

    {.bitmap_index = 25661, .adv_w = 171, .box_w = 11, .box_h = 22, .ofs_x = 0, .ofs_y = -7},

    {.bitmap_index = 25782, .adv_w = 271, .box_w = 17, .box_h = 23, .ofs_x = 0, .ofs_y = -14},

    {.bitmap_index = 25978, .adv_w = 341, .box_w = 21, .box_h = 11, .ofs_x = 0, .ofs_y = 0},

    {.bitmap_index = 26094, .adv_w = 341, .box_w = 21, .box_h = 18, .ofs_x = 0, .ofs_y = 0},

    {.bitmap_index = 26283, .adv_w = 115, .box_w = 7, .box_h = 3, .ofs_x = 0, .ofs_y = 0},

    {.bitmap_index = 26294, .adv_w = 179, .box_w = 11, .box_h = 11, .ofs_x = 0, .ofs_y = 0},

    {.bitmap_index = 26355, .adv_w = 234, .box_w = 16, .box_h = 20, .ofs_x = -1, .ofs_y = 0},

    {.bitmap_index = 26515, .adv_w = 464, .box_w = 29, .box_h = 27, .ofs_x = 0, .ofs_y = -6},

    {.bitmap_index = 26907, .adv_w = 378, .box_w = 24, .box_h = 22, .ofs_x = 0, .ofs_y = -4},

    {.bitmap_index = 27171, .adv_w = 224, .box_w = 14, .box_h = 18, .ofs_x = 0, .ofs_y = -2},

    {.bitmap_index = 27297, .adv_w = 162, .box_w = 10, .box_h = 10, .ofs_x = 0, .ofs_y = 0},

    {.bitmap_index = 27347, .adv_w = 111, .box_w = 7, .box_h = 16, .ofs_x = 0, .ofs_y = 0},

    {.bitmap_index = 27403, .adv_w = 201, .box_w = 13, .box_h = 16, .ofs_x = 0, .ofs_y = 0},

    {.bitmap_index = 27507, .adv_w = 253, .box_w = 16, .box_h = 16, .ofs_x = 0, .ofs_y = 0},

    {.bitmap_index = 27635, .adv_w = 220, .box_w = 14, .box_h = 17, .ofs_x = 0, .ofs_y = 0},

    {.bitmap_index = 27754, .adv_w = 226, .box_w = 14, .box_h = 16, .ofs_x = 0, .ofs_y = 0},

    {.bitmap_index = 27866, .adv_w = 187, .box_w = 12, .box_h = 17, .ofs_x = 0, .ofs_y = -1},

    {.bitmap_index = 27968, .adv_w = 226, .box_w = 14, .box_h = 16, .ofs_x = 0, .ofs_y = 0},

    {.bitmap_index = 28080, .adv_w = 226, .box_w = 14, .box_h = 16, .ofs_x = 0, .ofs_y = -1},

    {.bitmap_index = 28192, .adv_w = 185, .box_w = 12, .box_h = 16, .ofs_x = 0, .ofs_y = 0},

    {.bitmap_index = 28288, .adv_w = 336, .box_w = 21, .box_h = 20, .ofs_x = 0, .ofs_y = 0},

    {.bitmap_index = 28498, .adv_w = 336, .box_w = 21, .box_h = 23, .ofs_x = 0, .ofs_y = 0},

    {.bitmap_index = 28740, .adv_w = 0, .box_w = 0, .box_h = 0, .ofs_x = 0, .ofs_y = 0},

    {.bitmap_index = 28740, .adv_w = 0, .box_w = 0, .box_h = 0, .ofs_x = 0, .ofs_y = 0},

    {.bitmap_index = 28740, .adv_w = 0, .box_w = 0, .box_h = 0, .ofs_x = 0, .ofs_y = 0},

    {.bitmap_index = 28740, .adv_w = 0, .box_w = 0, .box_h = 0, .ofs_x = 0, .ofs_y = 0},

    {.bitmap_index = 28740, .adv_w = 89, .box_w = 7, .box_h = 20, .ofs_x = -1, .ofs_y = 0},

    {.bitmap_index = 28810, .adv_w = 100, .box_w = 8, .box_h = 20, .ofs_x = -1, .ofs_y = 0},

    {.bitmap_index = 28890, .adv_w = 336, .box_w = 21, .box_h = 17, .ofs_x = 0, .ofs_y = -8},

    {.bitmap_index = 29069, .adv_w = 357, .box_w = 23, .box_h = 17, .ofs_x = 0, .ofs_y = -8},

    {.bitmap_index = 29265, .adv_w = 120, .box_w = 9, .box_h = 17, .ofs_x = -2, .ofs_y = -8},

    {.bitmap_index = 29342, .adv_w = 139, .box_w = 11, .box_h = 16, .ofs_x = -2, .ofs_y = -8},

    {.bitmap_index = 29430, .adv_w = 336, .box_w = 21, .box_h = 15, .ofs_x = 0, .ofs_y = 0},

    {.bitmap_index = 29588, .adv_w = 357, .box_w = 23, .box_h = 15, .ofs_x = 0, .ofs_y = 0},

    {.bitmap_index = 29761, .adv_w = 113, .box_w = 7, .box_h = 17, .ofs_x = 0, .ofs_y = 0},

    {.bitmap_index = 29821, .adv_w = 130, .box_w = 9, .box_h = 16, .ofs_x = 0, .ofs_y = 0},

    {.bitmap_index = 29893, .adv_w = 333, .box_w = 21, .box_h = 20, .ofs_x = 0, .ofs_y = 0},

    {.bitmap_index = 30103, .adv_w = 357, .box_w = 23, .box_h = 18, .ofs_x = 0, .ofs_y = 0},

    {.bitmap_index = 30310, .adv_w = 176, .box_w = 12, .box_h = 20, .ofs_x = -1, .ofs_y = 0},

    {.bitmap_index = 30430, .adv_w = 191, .box_w = 12, .box_h = 18, .ofs_x = 0, .ofs_y = 0},

    {.bitmap_index = 30538, .adv_w = 257, .box_w = 16, .box_h = 19, .ofs_x = 0, .ofs_y = -8},

    {.bitmap_index = 30690, .adv_w = 264, .box_w = 17, .box_h = 20, .ofs_x = 0, .ofs_y = -9},

    {.bitmap_index = 30860, .adv_w = 257, .box_w = 16, .box_h = 18, .ofs_x = 0, .ofs_y = -8},

    {.bitmap_index = 31004, .adv_w = 262, .box_w = 17, .box_h = 18, .ofs_x = 0, .ofs_y = -8},

    {.bitmap_index = 31157, .adv_w = 184, .box_w = 11, .box_h = 20, .ofs_x = 0, .ofs_y = 0},

    {.bitmap_index = 31267, .adv_w = 204, .box_w = 13, .box_h = 21, .ofs_x = 0, .ofs_y = 0},

    {.bitmap_index = 31404, .adv_w = 132, .box_w = 10, .box_h = 22, .ofs_x = -1, .ofs_y = -7},

    {.bitmap_index = 31514, .adv_w = 148, .box_w = 10, .box_h = 22, .ofs_x = -1, .ofs_y = -7},

    {.bitmap_index = 31624, .adv_w = 132, .box_w = 8, .box_h = 22, .ofs_x = 0, .ofs_y = -6},

    {.bitmap_index = 31712, .adv_w = 148, .box_w = 10, .box_h = 23, .ofs_x = 0, .ofs_y = -7},

    {.bitmap_index = 31827, .adv_w = 336, .box_w = 21, .box_h = 17, .ofs_x = 0, .ofs_y = 0},

    {.bitmap_index = 32006, .adv_w = 362, .box_w = 23, .box_h = 17, .ofs_x = 0, .ofs_y = 0},

    {.bitmap_index = 32202, .adv_w = 170, .box_w = 11, .box_h = 17, .ofs_x = 0, .ofs_y = 0},

    {.bitmap_index = 32296, .adv_w = 196, .box_w = 13, .box_h = 17, .ofs_x = 0, .ofs_y = 0},

    {.bitmap_index = 32407, .adv_w = 336, .box_w = 21, .box_h = 20, .ofs_x = 0, .ofs_y = 0},

    {.bitmap_index = 32617, .adv_w = 362, .box_w = 23, .box_h = 20, .ofs_x = 0, .ofs_y = 0},

    {.bitmap_index = 32847, .adv_w = 170, .box_w = 11, .box_h = 20, .ofs_x = 0, .ofs_y = 0},

    {.bitmap_index = 32957, .adv_w = 196, .box_w = 13, .box_h = 20, .ofs_x = 0, .ofs_y = 0},

    {.bitmap_index = 33087, .adv_w = 260, .box_w = 16, .box_h = 13, .ofs_x = 0, .ofs_y = -5},

    {.bitmap_index = 33191, .adv_w = 277, .box_w = 18, .box_h = 13, .ofs_x = 0, .ofs_y = -6},

    {.bitmap_index = 33308, .adv_w = 199, .box_w = 13, .box_h = 20, .ofs_x = 0, .ofs_y = 0},

    {.bitmap_index = 33438, .adv_w = 180, .box_w = 11, .box_h = 9, .ofs_x = 0, .ofs_y = -1},

    {.bitmap_index = 33488, .adv_w = 110, .box_w = 7, .box_h = 17, .ofs_x = 0, .ofs_y = -8},

    {.bitmap_index = 33548, .adv_w = 191, .box_w = 12, .box_h = 12, .ofs_x = 0, .ofs_y = -7},

    {.bitmap_index = 33620, .adv_w = 290, .box_w = 18, .box_h = 12, .ofs_x = 0, .ofs_y = 0},

    {.bitmap_index = 33728, .adv_w = 214, .box_w = 14, .box_h = 17, .ofs_x = 0, .ofs_y = -7},

    {.bitmap_index = 33847, .adv_w = 267, .box_w = 17, .box_h = 12, .ofs_x = 0, .ofs_y = 0},

    {.bitmap_index = 33949, .adv_w = 191, .box_w = 13, .box_h = 17, .ofs_x = -1, .ofs_y = -7},

    {.bitmap_index = 34060, .adv_w = 341, .box_w = 21, .box_h = 11, .ofs_x = 0, .ofs_y = 0},

    {.bitmap_index = 34176, .adv_w = 309, .box_w = 20, .box_h = 9, .ofs_x = 0, .ofs_y = -6},

    {.bitmap_index = 34266, .adv_w = 341, .box_w = 21, .box_h = 18, .ofs_x = 0, .ofs_y = 0},

    {.bitmap_index = 34455, .adv_w = 308, .box_w = 20, .box_h = 15, .ofs_x = 0, .ofs_y = -6},

    {.bitmap_index = 34605, .adv_w = 106, .box_w = 7, .box_h = 6, .ofs_x = 0, .ofs_y = -6},

    {.bitmap_index = 34626, .adv_w = 152, .box_w = 10, .box_h = 24, .ofs_x = 0, .ofs_y = 0},

    {.bitmap_index = 34746, .adv_w = 338, .box_w = 21, .box_h = 20, .ofs_x = 0, .ofs_y = 0},

    {.bitmap_index = 34956, .adv_w = 349, .box_w = 22, .box_h = 20, .ofs_x = 0, .ofs_y = 0},

    {.bitmap_index = 35176, .adv_w = 170, .box_w = 11, .box_h = 23, .ofs_x = 0, .ofs_y = 0},

    {.bitmap_index = 35303, .adv_w = 196, .box_w = 13, .box_h = 23, .ofs_x = 0, .ofs_y = 0},

    {.bitmap_index = 35453, .adv_w = 171, .box_w = 11, .box_h = 23, .ofs_x = 0, .ofs_y = -7},

    {.bitmap_index = 35580, .adv_w = 171, .box_w = 11, .box_h = 23, .ofs_x = 0, .ofs_y = -7},

    {.bitmap_index = 35707, .adv_w = 171, .box_w = 11, .box_h = 23, .ofs_x = 0, .ofs_y = -7},

    {.bitmap_index = 35834, .adv_w = 171, .box_w = 11, .box_h = 23, .ofs_x = 0, .ofs_y = -7},

    {.bitmap_index = 35961, .adv_w = 171, .box_w = 11, .box_h = 22, .ofs_x = 0, .ofs_y = -7},

    {.bitmap_index = 36082, .adv_w = 171, .box_w = 11, .box_h = 22, .ofs_x = 0, .ofs_y = -7},

    {.bitmap_index = 36203, .adv_w = 171, .box_w = 11, .box_h = 24, .ofs_x = 0, .ofs_y = -7},

    {.bitmap_index = 36335, .adv_w = 171, .box_w = 11, .box_h = 24, .ofs_x = 0, .ofs_y = -7},

    {.bitmap_index = 36467, .adv_w = 171, .box_w = 11, .box_h = 22, .ofs_x = 0, .ofs_y = -7},

    {.bitmap_index = 36588, .adv_w = 171, .box_w = 11, .box_h = 22, .ofs_x = 0, .ofs_y = -7},

    {.bitmap_index = 36709, .adv_w = 110, .box_w = 7, .box_h = 9, .ofs_x = 0, .ofs_y = 0},

    {.bitmap_index = 36741, .adv_w = 130, .box_w = 9, .box_h = 8, .ofs_x = 0, .ofs_y = 0},

    {.bitmap_index = 36777, .adv_w = 271, .box_w = 17, .box_h = 15, .ofs_x = 0, .ofs_y = -6},

    {.bitmap_index = 36905, .adv_w = 249, .box_w = 16, .box_h = 11, .ofs_x = 0, .ofs_y = -6},

    {.bitmap_index = 36993, .adv_w = 120, .box_w = 9, .box_h = 15, .ofs_x = -2, .ofs_y = -6},

    {.bitmap_index = 37061, .adv_w = 139, .box_w = 11, .box_h = 14, .ofs_x = -2, .ofs_y = -6},

    {.bitmap_index = 37138, .adv_w = 165, .box_w = 11, .box_h = 25, .ofs_x = 0, .ofs_y = -5},

    {.bitmap_index = 37276, .adv_w = 165, .box_w = 10, .box_h = 25, .ofs_x = 0, .ofs_y = -5},

    {.bitmap_index = 37401, .adv_w = 484, .box_w = 30, .box_h = 22, .ofs_x = 0, .ofs_y = 0},

    {.bitmap_index = 37731, .adv_w = 565, .box_w = 35, .box_h = 24, .ofs_x = 0, .ofs_y = -8},

    {.bitmap_index = 38151, .adv_w = 111, .box_w = 7, .box_h = 18, .ofs_x = 0, .ofs_y = 0},

    {.bitmap_index = 38214, .adv_w = 114, .box_w = 8, .box_h = 18, .ofs_x = 0, .ofs_y = 0},

    {.bitmap_index = 38286, .adv_w = 139, .box_w = 9, .box_h = 15, .ofs_x = 0, .ofs_y = 0},

    {.bitmap_index = 38354, .adv_w = 130, .box_w = 8, .box_h = 6, .ofs_x = 0, .ofs_y = 0},

    {.bitmap_index = 38378, .adv_w = 111, .box_w = 7, .box_h = 8, .ofs_x = 0, .ofs_y = -8},

    {.bitmap_index = 38406, .adv_w = 111, .box_w = 7, .box_h = 15, .ofs_x = 0, .ofs_y = 0},

    {.bitmap_index = 38459, .adv_w = 114, .box_w = 8, .box_h = 15, .ofs_x = 0, .ofs_y = 0},

    {.bitmap_index = 38519, .adv_w = 111, .box_w = 7, .box_h = 16, .ofs_x = 0, .ofs_y = 0},

    {.bitmap_index = 38575, .adv_w = 114, .box_w = 8, .box_h = 16, .ofs_x = 0, .ofs_y = 0},

    {.bitmap_index = 38639, .adv_w = 111, .box_w = 7, .box_h = 5, .ofs_x = 0, .ofs_y = -5},

    {.bitmap_index = 38657, .adv_w = 114, .box_w = 8, .box_h = 9, .ofs_x = 0, .ofs_y = -6},

    {.bitmap_index = 38693, .adv_w = 111, .box_w = 7, .box_h = 15, .ofs_x = 0, .ofs_y = 0},

    {.bitmap_index = 38746, .adv_w = 114, .box_w = 8, .box_h = 14, .ofs_x = 0, .ofs_y = 0},

    {.bitmap_index = 38802, .adv_w = 111, .box_w = 7, .box_h = 14, .ofs_x = 0, .ofs_y = 0},

    {.bitmap_index = 38851, .adv_w = 114, .box_w = 8, .box_h = 14, .ofs_x = 0, .ofs_y = 0},

    {.bitmap_index = 38907, .adv_w = 156, .box_w = 10, .box_h = 11, .ofs_x = 0, .ofs_y = -1},

    {.bitmap_index = 38962, .adv_w = 89, .box_w = 10, .box_h = 20, .ofs_x = -2, .ofs_y = 0},

    {.bitmap_index = 39062, .adv_w = 100, .box_w = 9, .box_h = 19, .ofs_x = -1, .ofs_y = 0},

    {.bitmap_index = 39148, .adv_w = 89, .box_w = 6, .box_h = 21, .ofs_x = 0, .ofs_y = 0},

    {.bitmap_index = 39211, .adv_w = 100, .box_w = 7, .box_h = 21, .ofs_x = 0, .ofs_y = 0},

    {.bitmap_index = 39285, .adv_w = 171, .box_w = 11, .box_h = 23, .ofs_x = 0, .ofs_y = -7},

    {.bitmap_index = 39412, .adv_w = 171, .box_w = 11, .box_h = 23, .ofs_x = 0, .ofs_y = -7},

    {.bitmap_index = 39539, .adv_w = 89, .box_w = 6, .box_h = 23, .ofs_x = 0, .ofs_y = -7},

    {.bitmap_index = 39608, .adv_w = 100, .box_w = 6, .box_h = 23, .ofs_x = 0, .ofs_y = -7},

    {.bitmap_index = 39677, .adv_w = 271, .box_w = 17, .box_h = 19, .ofs_x = 0, .ofs_y = -6},

    {.bitmap_index = 39839, .adv_w = 249, .box_w = 16, .box_h = 18, .ofs_x = 0, .ofs_y = -6},

    {.bitmap_index = 39983, .adv_w = 118, .box_w = 7, .box_h = 15, .ofs_x = 0, .ofs_y = 0},

    {.bitmap_index = 40036, .adv_w = 138, .box_w = 9, .box_h = 14, .ofs_x = 0, .ofs_y = 0},

    {.bitmap_index = 40099, .adv_w = 89, .box_w = 6, .box_h = 16, .ofs_x = 0, .ofs_y = 0},

    {.bitmap_index = 40147, .adv_w = 100, .box_w = 7, .box_h = 16, .ofs_x = 0, .ofs_y = 0},

    {.bitmap_index = 40203, .adv_w = 336, .box_w = 21, .box_h = 15, .ofs_x = 0, .ofs_y = -6},

    {.bitmap_index = 40361, .adv_w = 357, .box_w = 23, .box_h = 15, .ofs_x = 0, .ofs_y = -6},

    {.bitmap_index = 40534, .adv_w = 113, .box_w = 7, .box_h = 15, .ofs_x = 0, .ofs_y = -6},

    {.bitmap_index = 40587, .adv_w = 133, .box_w = 9, .box_h = 14, .ofs_x = 0, .ofs_y = -6},

    {.bitmap_index = 40650, .adv_w = 179, .box_w = 11, .box_h = 16, .ofs_x = 0, .ofs_y = 0},

    {.bitmap_index = 40738, .adv_w = 199, .box_w = 13, .box_h = 17, .ofs_x = 0, .ofs_y = 0},

    {.bitmap_index = 40849, .adv_w = 336, .box_w = 21, .box_h = 12, .ofs_x = 0, .ofs_y = 0},

    {.bitmap_index = 40975, .adv_w = 357, .box_w = 23, .box_h = 12, .ofs_x = 0, .ofs_y = 0},

    {.bitmap_index = 41113, .adv_w = 118, .box_w = 8, .box_h = 14, .ofs_x = -1, .ofs_y = 0},

    {.bitmap_index = 41169, .adv_w = 138, .box_w = 10, .box_h = 13, .ofs_x = -1, .ofs_y = 0},

    {.bitmap_index = 41234, .adv_w = 336, .box_w = 21, .box_h = 14, .ofs_x = 0, .ofs_y = 0},

    {.bitmap_index = 41381, .adv_w = 357, .box_w = 23, .box_h = 14, .ofs_x = 0, .ofs_y = 0},

    {.bitmap_index = 41542, .adv_w = 118, .box_w = 8, .box_h = 17, .ofs_x = -1, .ofs_y = 0},

    {.bitmap_index = 41610, .adv_w = 138, .box_w = 10, .box_h = 16, .ofs_x = -1, .ofs_y = 0},

    {.bitmap_index = 41690, .adv_w = 257, .box_w = 16, .box_h = 19, .ofs_x = 0, .ofs_y = -8},

    {.bitmap_index = 41842, .adv_w = 264, .box_w = 17, .box_h = 20, .ofs_x = 0, .ofs_y = -9},

    {.bitmap_index = 42012, .adv_w = 257, .box_w = 16, .box_h = 16, .ofs_x = 0, .ofs_y = -6},

    {.bitmap_index = 42140, .adv_w = 262, .box_w = 17, .box_h = 16, .ofs_x = 0, .ofs_y = -6},

    {.bitmap_index = 42276, .adv_w = 257, .box_w = 16, .box_h = 19, .ofs_x = 0, .ofs_y = -8},

    {.bitmap_index = 42428, .adv_w = 264, .box_w = 17, .box_h = 20, .ofs_x = 0, .ofs_y = -9},

    {.bitmap_index = 42598, .adv_w = 257, .box_w = 16, .box_h = 10, .ofs_x = 0, .ofs_y = 0},

    {.bitmap_index = 42678, .adv_w = 262, .box_w = 17, .box_h = 10, .ofs_x = 0, .ofs_y = 0},

    {.bitmap_index = 42763, .adv_w = 257, .box_w = 16, .box_h = 24, .ofs_x = 0, .ofs_y = -8},

    {.bitmap_index = 42955, .adv_w = 264, .box_w = 17, .box_h = 25, .ofs_x = 0, .ofs_y = -9},

    {.bitmap_index = 43168, .adv_w = 257, .box_w = 16, .box_h = 15, .ofs_x = 0, .ofs_y = 0},

    {.bitmap_index = 43288, .adv_w = 262, .box_w = 17, .box_h = 15, .ofs_x = 0, .ofs_y = 0},

    {.bitmap_index = 43416, .adv_w = 184, .box_w = 11, .box_h = 12, .ofs_x = 0, .ofs_y = 0},

    {.bitmap_index = 43482, .adv_w = 204, .box_w = 13, .box_h = 12, .ofs_x = 0, .ofs_y = 0},

    {.bitmap_index = 43560, .adv_w = 184, .box_w = 11, .box_h = 17, .ofs_x = 0, .ofs_y = 0},

    {.bitmap_index = 43654, .adv_w = 204, .box_w = 13, .box_h = 17, .ofs_x = 0, .ofs_y = 0},

    {.bitmap_index = 43765, .adv_w = 132, .box_w = 9, .box_h = 14, .ofs_x = -1, .ofs_y = -7},

    {.bitmap_index = 43828, .adv_w = 148, .box_w = 10, .box_h = 14, .ofs_x = -1, .ofs_y = -7},

    {.bitmap_index = 43898, .adv_w = 132, .box_w = 9, .box_h = 20, .ofs_x = -1, .ofs_y = -7},

    {.bitmap_index = 43988, .adv_w = 148, .box_w = 10, .box_h = 20, .ofs_x = -1, .ofs_y = -7},

    {.bitmap_index = 44088, .adv_w = 454, .box_w = 28, .box_h = 15, .ofs_x = 0, .ofs_y = -6},

    {.bitmap_index = 44298, .adv_w = 475, .box_w = 30, .box_h = 14, .ofs_x = 0, .ofs_y = -6},

    {.bitmap_index = 44508, .adv_w = 303, .box_w = 20, .box_h = 9, .ofs_x = -1, .ofs_y = 0},

    {.bitmap_index = 44598, .adv_w = 324, .box_w = 21, .box_h = 8, .ofs_x = 0, .ofs_y = 0},

    {.bitmap_index = 44682, .adv_w = 454, .box_w = 28, .box_h = 22, .ofs_x = 0, .ofs_y = -6},

    {.bitmap_index = 44990, .adv_w = 475, .box_w = 30, .box_h = 22, .ofs_x = 0, .ofs_y = -6},

    {.bitmap_index = 45320, .adv_w = 303, .box_w = 20, .box_h = 16, .ofs_x = -1, .ofs_y = 0},

    {.bitmap_index = 45480, .adv_w = 324, .box_w = 21, .box_h = 16, .ofs_x = 0, .ofs_y = 0},

    {.bitmap_index = 45648, .adv_w = 479, .box_w = 30, .box_h = 16, .ofs_x = 0, .ofs_y = -6},

    {.bitmap_index = 45888, .adv_w = 488, .box_w = 31, .box_h = 16, .ofs_x = 0, .ofs_y = -6},

    {.bitmap_index = 46136, .adv_w = 321, .box_w = 21, .box_h = 10, .ofs_x = -1, .ofs_y = 0},

    {.bitmap_index = 46241, .adv_w = 330, .box_w = 22, .box_h = 10, .ofs_x = -1, .ofs_y = 0},

    {.bitmap_index = 46351, .adv_w = 479, .box_w = 30, .box_h = 21, .ofs_x = 0, .ofs_y = -6},

    {.bitmap_index = 46666, .adv_w = 488, .box_w = 31, .box_h = 21, .ofs_x = 0, .ofs_y = -6},

    {.bitmap_index = 46992, .adv_w = 321, .box_w = 21, .box_h = 15, .ofs_x = -1, .ofs_y = 0},

    {.bitmap_index = 47150, .adv_w = 330, .box_w = 22, .box_h = 15, .ofs_x = -1, .ofs_y = 0},

    {.bitmap_index = 47315, .adv_w = 284, .box_w = 18, .box_h = 16, .ofs_x = 0, .ofs_y = 0},

    {.bitmap_index = 47459, .adv_w = 293, .box_w = 18, .box_h = 16, .ofs_x = 0, .ofs_y = 0},

    {.bitmap_index = 47603, .adv_w = 250, .box_w = 16, .box_h = 16, .ofs_x = 0, .ofs_y = 0},

    {.bitmap_index = 47731, .adv_w = 259, .box_w = 17, .box_h = 16, .ofs_x = 0, .ofs_y = 0},

    {.bitmap_index = 47867, .adv_w = 284, .box_w = 18, .box_h = 16, .ofs_x = 0, .ofs_y = 0},

    {.bitmap_index = 48011, .adv_w = 293, .box_w = 18, .box_h = 16, .ofs_x = 0, .ofs_y = 0},

    {.bitmap_index = 48155, .adv_w = 250, .box_w = 16, .box_h = 16, .ofs_x = 0, .ofs_y = 0},

    {.bitmap_index = 48283, .adv_w = 259, .box_w = 17, .box_h = 16, .ofs_x = 0, .ofs_y = 0},

    {.bitmap_index = 48419, .adv_w = 238, .box_w = 15, .box_h = 20, .ofs_x = 0, .ofs_y = -8},

    {.bitmap_index = 48569, .adv_w = 231, .box_w = 15, .box_h = 20, .ofs_x = 0, .ofs_y = -9},

    {.bitmap_index = 48719, .adv_w = 200, .box_w = 13, .box_h = 11, .ofs_x = 0, .ofs_y = 0},

    {.bitmap_index = 48791, .adv_w = 220, .box_w = 14, .box_h = 10, .ofs_x = 0, .ofs_y = 0},

    {.bitmap_index = 48861, .adv_w = 238, .box_w = 15, .box_h = 26, .ofs_x = 0, .ofs_y = -8},

    {.bitmap_index = 49056, .adv_w = 231, .box_w = 15, .box_h = 25, .ofs_x = 0, .ofs_y = -9},

    {.bitmap_index = 49244, .adv_w = 200, .box_w = 13, .box_h = 16, .ofs_x = 0, .ofs_y = 0},

    {.bitmap_index = 49348, .adv_w = 220, .box_w = 14, .box_h = 15, .ofs_x = 0, .ofs_y = 0},

    {.bitmap_index = 49453, .adv_w = 333, .box_w = 21, .box_h = 18, .ofs_x = 0, .ofs_y = 0},

    {.bitmap_index = 49642, .adv_w = 357, .box_w = 23, .box_h = 16, .ofs_x = 0, .ofs_y = 0},

    {.bitmap_index = 49826, .adv_w = 176, .box_w = 12, .box_h = 18, .ofs_x = -1, .ofs_y = 0},

    {.bitmap_index = 49934, .adv_w = 191, .box_w = 12, .box_h = 16, .ofs_x = 0, .ofs_y = 0},

    {.bitmap_index = 50030, .adv_w = 266, .box_w = 17, .box_h = 20, .ofs_x = 0, .ofs_y = -5},

    {.bitmap_index = 50200, .adv_w = 264, .box_w = 17, .box_h = 21, .ofs_x = 0, .ofs_y = -6},

    {.bitmap_index = 50379, .adv_w = 176, .box_w = 12, .box_h = 18, .ofs_x = -1, .ofs_y = 0},

    {.bitmap_index = 50487, .adv_w = 191, .box_w = 12, .box_h = 16, .ofs_x = 0, .ofs_y = 0},

    {.bitmap_index = 50583, .adv_w = 338, .box_w = 21, .box_h = 16, .ofs_x = 0, .ofs_y = 0},

    {.bitmap_index = 50751, .adv_w = 349, .box_w = 22, .box_h = 16, .ofs_x = 0, .ofs_y = 0},

    {.bitmap_index = 50927, .adv_w = 170, .box_w = 11, .box_h = 17, .ofs_x = 0, .ofs_y = 0},

    {.bitmap_index = 51021, .adv_w = 196, .box_w = 13, .box_h = 17, .ofs_x = 0, .ofs_y = 0},

    {.bitmap_index = 51132, .adv_w = 246, .box_w = 15, .box_h = 22, .ofs_x = 0, .ofs_y = -6},

    {.bitmap_index = 51297, .adv_w = 257, .box_w = 16, .box_h = 22, .ofs_x = 0, .ofs_y = -6},

    {.bitmap_index = 51473, .adv_w = 111, .box_w = 8, .box_h = 16, .ofs_x = -1, .ofs_y = 0},

    {.bitmap_index = 51537, .adv_w = 122, .box_w = 8, .box_h = 16, .ofs_x = 0, .ofs_y = 0},

    {.bitmap_index = 51601, .adv_w = 228, .box_w = 14, .box_h = 17, .ofs_x = 0, .ofs_y = -8},

    {.bitmap_index = 51720, .adv_w = 244, .box_w = 15, .box_h = 17, .ofs_x = 0, .ofs_y = -8},

    {.bitmap_index = 51848, .adv_w = 205, .box_w = 13, .box_h = 9, .ofs_x = 0, .ofs_y = 0},

    {.bitmap_index = 51907, .adv_w = 220, .box_w = 14, .box_h = 9, .ofs_x = 0, .ofs_y = 0},

    {.bitmap_index = 51970, .adv_w = 260, .box_w = 16, .box_h = 16, .ofs_x = 0, .ofs_y = -5},

    {.bitmap_index = 52098, .adv_w = 277, .box_w = 18, .box_h = 16, .ofs_x = 0, .ofs_y = -6},

    {.bitmap_index = 52242, .adv_w = 110, .box_w = 7, .box_h = 14, .ofs_x = 0, .ofs_y = 0},

    {.bitmap_index = 52291, .adv_w = 130, .box_w = 9, .box_h = 13, .ofs_x = 0, .ofs_y = 0},

    {.bitmap_index = 52350, .adv_w = 179, .box_w = 11, .box_h = 11, .ofs_x = 0, .ofs_y = 0},

    {.bitmap_index = 52411, .adv_w = 199, .box_w = 13, .box_h = 12, .ofs_x = 0, .ofs_y = 0},

    {.bitmap_index = 52489, .adv_w = 267, .box_w = 17, .box_h = 12, .ofs_x = 0, .ofs_y = 0},

    {.bitmap_index = 52591, .adv_w = 191, .box_w = 13, .box_h = 17, .ofs_x = -1, .ofs_y = -7},

    {.bitmap_index = 52702, .adv_w = 171, .box_w = 11, .box_h = 16, .ofs_x = 0, .ofs_y = -7},

    {.bitmap_index = 52790, .adv_w = 171, .box_w = 11, .box_h = 16, .ofs_x = 0, .ofs_y = -7},

    {.bitmap_index = 52878, .adv_w = 271, .box_w = 17, .box_h = 15, .ofs_x = 0, .ofs_y = -6},

    {.bitmap_index = 53006, .adv_w = 249, .box_w = 16, .box_h = 11, .ofs_x = 0, .ofs_y = -6},

    {.bitmap_index = 53094, .adv_w = 271, .box_w = 17, .box_h = 20, .ofs_x = 0, .ofs_y = -11},

    {.bitmap_index = 53264, .adv_w = 249, .box_w = 16, .box_h = 16, .ofs_x = 0, .ofs_y = -11},

    {.bitmap_index = 53392, .adv_w = 120, .box_w = 9, .box_h = 15, .ofs_x = -2, .ofs_y = -6},

    {.bitmap_index = 53460, .adv_w = 139, .box_w = 11, .box_h = 14, .ofs_x = -2, .ofs_y = -6},

    {.bitmap_index = 53537, .adv_w = 218, .box_w = 15, .box_h = 20, .ofs_x = -1, .ofs_y = 0},

    {.bitmap_index = 53687, .adv_w = 232, .box_w = 15, .box_h = 20, .ofs_x = -1, .ofs_y = 0},

    {.bitmap_index = 53837, .adv_w = 218, .box_w = 14, .box_h = 21, .ofs_x = 0, .ofs_y = 0},

    {.bitmap_index = 53984, .adv_w = 232, .box_w = 15, .box_h = 21, .ofs_x = 0, .ofs_y = 0},

    {.bitmap_index = 54142, .adv_w = 218, .box_w = 14, .box_h = 23, .ofs_x = 0, .ofs_y = -7},

    {.bitmap_index = 54303, .adv_w = 232, .box_w = 14, .box_h = 23, .ofs_x = 0, .ofs_y = -7},

    {.bitmap_index = 54464, .adv_w = 218, .box_w = 14, .box_h = 16, .ofs_x = 0, .ofs_y = 0},

    {.bitmap_index = 54576, .adv_w = 232, .box_w = 14, .box_h = 16, .ofs_x = 0, .ofs_y = 0},

    {.bitmap_index = 54688, .adv_w = 0, .box_w = 0, .box_h = 0, .ofs_x = 0, .ofs_y = 0},
};

static const uint16_t unicode_list[] = {
    0, 1, 2, 3, 4, 5, 6, 7, 8, 9,
    10, 11, 12, 13, 14, 15, 16, 17, 18, 19,
    20, 21, 22, 23, 24, 25, 26, 27, 28, 29,
    30, 31, 32, 33, 34, 35, 36, 37, 38, 39,
    40, 41, 42, 43, 44, 45, 46, 47, 48, 49,
    50, 51, 52, 53, 54, 55, 56, 57, 58, 59,
    60, 61, 62, 63, 64, 65, 66, 67, 68, 69,
    70, 71, 72, 73, 74, 75, 76, 77, 78, 79,
    80, 81, 82, 83, 84, 85, 86, 87, 88, 89,
    90, 91, 92, 93, 94, 1516, 1517, 1520, 1521, 1522,
    1525, 1531, 1535, 1537, 1538, 1539, 1540, 1541, 1542, 1543,
    1544, 1545, 1546, 1547, 1548, 1549, 1550, 1551, 1552, 1553,
    1554, 1555, 1556, 1557, 1558, 1559, 1560, 1561, 1562, 1565,
    1568, 1569, 1570, 1571, 1572, 1573, 1574, 1575, 1576, 1577,
    1578, 1579, 1580, 1581, 1582, 1583, 1584, 1585, 1586, 1587,
    1588, 1589, 1590, 1591, 1592, 1594, 1595, 1600, 1601, 1602,
    1603, 1604, 1605, 1606, 1607, 1608, 1609, 1610, 1611, 1612,
    1613, 1614, 1615, 1616, 1617, 1620, 1625, 1628, 1630, 1633,
    1637, 1638, 1640, 1641, 1649, 1651, 1653, 1654, 1656, 1658,
    1664, 1665, 1668, 1673, 1674, 1675, 1676, 1677, 1679, 1685,
    1690, 1692, 1693, 1694, 1696, 1697, 1698, 1699, 1702, 1703,
    1704, 1705, 1706, 1707, 1708, 1709, 1710, 1711, 1712, 1714,
    1715, 1716, 1717, 1724, 1725, 1726, 1737, 1744, 1745, 1746,
    1747, 1748, 1749, 1750, 1751, 1752, 1753, 1858, 1859, 8172,
    8173, 8174, 8175, 64304, 64305, 64310, 64311, 64312, 64313, 64326,
    64327, 64328, 64329, 64330, 64331, 64332, 64333, 64346, 64347, 64348,
    64349, 64360, 64361, 64362, 64363, 64364, 64365, 64366, 64367, 64368,
    64369, 64370, 64371, 64372, 64373, 64382, 64383, 64389, 64391, 64392,
    64393, 64394, 64395, 64396, 64397, 64398, 64399, 64400, 64401, 64415,
    64416, 64435, 64436, 64437, 64438, 64439, 64440, 64441, 64442, 64443,
    64444, 64446, 64447, 64450, 64451, 64456, 64457, 64476, 64477, 64478,
    64479, 64798, 64799, 64978, 64988, 65104, 65105, 65106, 65107, 65108,
    65110, 65111, 65112, 65113, 65114, 65115, 65116, 65117, 65118, 65119,
    65120, 65121, 65122, 65123, 65124, 65125, 65126, 65127, 65128, 65129,
    65130, 65131, 65132, 65133, 65134, 65135, 65136, 65137, 65138, 65139,
    65140, 65141, 65142, 65143, 65144, 65145, 65146, 65147, 65148, 65149,
    65150, 65151, 65152, 65153, 65154, 65155, 65156, 65157, 65158, 65159,
    65160, 65161, 65162, 65163, 65164, 65165, 65166, 65167, 65168, 65169,
    65170, 65171, 65172, 65173, 65174, 65175, 65176, 65177, 65178, 65179,
    65180, 65181, 65182, 65183, 65184, 65185, 65186, 65187, 65188, 65189,
    65190, 65191, 65192, 65193, 65194, 65195, 65196, 65197, 65198, 65199,
    65200, 65201, 65202, 65203, 65204, 65205, 65206, 65207, 65208, 65209,
    65210, 65211, 65212, 65213, 65214, 65215, 65216, 65217, 65218, 65219,
    65220, 65221, 65222, 65223, 65224, 65225, 65226, 65227, 65228, 65229,
    65230, 65231, 65232, 65233, 65234, 65235, 65236, 65237, 65238, 65239,
    65240, 65241, 65242, 65243, 65244, 65247
};

static const lv_font_fmt_txt_cmap_t cmaps[] = {
    {
        .range_start = 0x20,
        .range_length = 65248,
        .glyph_id_start = 1,
        .unicode_list = unicode_list,
        .glyph_id_ofs_list = NULL,
        .list_length = 456,
        .type = LV_FONT_FMT_TXT_CMAP_SPARSE_TINY
    }
};

#if LVGL_VERSION_MAJOR == 8
static lv_font_fmt_txt_glyph_cache_t cache;
#endif

static const lv_font_fmt_txt_dsc_t font_dsc = {
    .glyph_bitmap = glyph_bitmap,
    .glyph_dsc = glyph_dsc,
    .cmaps = cmaps,
    .kern_dsc = NULL,
    .kern_scale = 0,
    .cmap_num = 1,
    .bpp = 4,
    .kern_classes = 0,
    .bitmap_format = LV_FONT_FMT_TXT_PLAIN,
#if LVGL_VERSION_MAJOR == 8
    .cache = &cache
#endif
};

const lv_font_t font_persian_24 = {
    .get_glyph_dsc = lv_font_get_glyph_dsc_fmt_txt,
    .get_glyph_bitmap = lv_font_get_bitmap_fmt_txt,
    .line_height = 38,
    .base_line = 13,
    .subpx = LV_FONT_SUBPX_NONE,
    .underline_position = -3,
    .underline_thickness = 1,
    .dsc = &font_dsc,
#if LV_VERSION_CHECK(8, 2, 0) || LVGL_VERSION_MAJOR >= 9
    .fallback = NULL,
#endif
    .user_data = NULL,
};

#endif /* VAZIRMATN_24 */
