/*
 * vazirmatn_14_vertical_fixed.c
 *
 * LVGL 8.4 native font, Vazirmatn Regular, 14 px, 4 bpp.
 * Generated using the exact same rasterization/metric pattern as the known-good
 * vazirmatn_24_vertical_fixed.c.
 *
 * The unicode_list/cmap and the Arabic/Persian shaping model are unchanged.
 */

#include <stdint.h>
#include "lvgl.h"

#ifndef VAZIRMATN_14
#define VAZIRMATN_14 1
#endif

#if VAZIRMATN_14

/* Glyph count: 456, bitmap bytes: 19968 */
static LV_ATTRIBUTE_LARGE_CONST const uint8_t glyph_bitmap[] = {
    0x3F, 0x00, 0x3F, 0x00, 0x3F, 0x00, 0x3F, 0x00, 0x3F, 0x00, 0x3F, 0x00,
    0x3F, 0x00, 0x00, 0x00, 0x1C, 0x00, 0x1D, 0x00, 0x3F, 0x4F, 0x03, 0xE3,
    0xE0, 0x3D, 0x3C, 0x00, 0x00, 0x00, 0x00, 0x00, 0x00, 0x00, 0x00, 0x00,
    0x00, 0x00, 0x00, 0x00, 0x00, 0x00, 0x00, 0x00, 0x00, 0x00, 0x00, 0x00,
    0x00, 0x00, 0xC1, 0x49, 0x00, 0x00, 0x0D, 0x07, 0x70, 0x00, 0x02, 0xB0,
    0x94, 0x00, 0x0F, 0xFF, 0xFF, 0xFF, 0x00, 0x28, 0x72, 0xE2, 0x20, 0x00,
    0x94, 0x1C, 0x00, 0x00, 0x0B, 0x23, 0xA0, 0x00, 0xEE, 0xFE, 0xFF, 0xE0,
    0x02, 0x3D, 0x29, 0x72, 0x00, 0x03, 0xA0, 0xA3, 0x00, 0x00, 0x67, 0x0D,
    0x10, 0x00, 0x00, 0x03, 0xD0, 0x00, 0x00, 0x04, 0xF1, 0x00, 0x03, 0xCF,
    0xFE, 0x30, 0x0E, 0x81, 0x2C, 0xC0, 0x3F, 0x10, 0x05, 0xE0, 0x1F, 0x50,
    0x00, 0x20, 0x06, 0xFA, 0x40, 0x00, 0x00, 0x28, 0xEC, 0x20, 0x00, 0x00,
    0x1A, 0xB0, 0x2C, 0x10, 0x04, 0xF0, 0x1E, 0x80, 0x09, 0xE0, 0x05, 0xFE,
    0xEF, 0x70, 0x00, 0x28, 0xF4, 0x00, 0x00, 0x03, 0xF0, 0x00, 0x06, 0xED,
    0x40, 0x00, 0x00, 0x01, 0xF6, 0x8D, 0x00, 0x51, 0x00, 0x3F, 0x14, 0xF0,
    0x2C, 0x00, 0x01, 0xF4, 0x6D, 0x0B, 0x40, 0x00, 0x08, 0xFF, 0x55, 0x90,
    0x00, 0x00, 0x01, 0x11, 0xC1, 0x00, 0x00, 0x00, 0x00, 0x94, 0x5D, 0xD3,
    0x00, 0x00, 0x4A, 0x1F, 0x68, 0xD0, 0x00, 0x0B, 0x13, 0xF1, 0x4F, 0x00,
    0x03, 0x50, 0x1F, 0x58, 0xD0, 0x00, 0x00, 0x00, 0x6E, 0xD4, 0x00, 0x00,
    0x5E, 0xD4, 0x00, 0x00, 0x1E, 0x68, 0xD0, 0x00, 0x03, 0xF1, 0x4F, 0x00,
    0x00, 0x1F, 0x4A, 0xB0, 0x00, 0x00, 0x8E, 0xD1, 0x00, 0x00, 0x09, 0xF5,
    0x00, 0x00, 0x0A, 0xC5, 0xE2, 0x4E, 0x02, 0xF3, 0x0A, 0xB8, 0xC0, 0x2F,
    0x20, 0x1E, 0xF7, 0x00, 0xDA, 0x25, 0xEF, 0x70, 0x02, 0xBE, 0xD7, 0x6F,
    0x40, 0x3F, 0x13, 0xF1, 0x3F, 0x10, 0x00, 0x00, 0x00, 0x00, 0x00, 0x00,
    0x00, 0x00, 0x00, 0x00, 0x00, 0x00, 0x00, 0x06, 0x40, 0x05, 0xD1, 0x01,
    0xD3, 0x00, 0x6C, 0x00, 0x0B, 0x70, 0x00, 0xF4, 0x00, 0x2F, 0x20, 0x03,
    0xF1, 0x00, 0x2F, 0x10, 0x01, 0xF3, 0x00, 0x0D, 0x50, 0x00, 0x8A, 0x00,
    0x03, 0xE1, 0x00, 0x09, 0x90, 0x00, 0x1C, 0x40, 0x00, 0x01, 0x64, 0x00,
    0x02, 0xE3, 0x00, 0x06, 0xB0, 0x00, 0x0E, 0x40, 0x00, 0xA8, 0x00, 0x06,
    0xC0, 0x00, 0x4E, 0x00, 0x04, 0xF0, 0x00, 0x4E, 0x00, 0x05, 0xD0, 0x00,
    0x8A, 0x00, 0x0C, 0x60, 0x03, 0xE1, 0x00, 0xB6, 0x00, 0x7A, 0x00, 0x01,
    0x00, 0x00, 0x00, 0x3F, 0x10, 0x01, 0x13, 0xF1, 0x10, 0x6E, 0xBF, 0xAE,
    0x40, 0x2C, 0xFA, 0x20, 0x04, 0xE7, 0xD1, 0x00, 0x96, 0x0A, 0x60, 0x00,
    0x00, 0x00, 0x00, 0x00, 0x00, 0x00, 0x00, 0x00, 0x00, 0x00, 0x00, 0x00,
    0x00, 0x00, 0x00, 0x00, 0x00, 0x00, 0x3F, 0x00, 0x00, 0x00, 0x3F, 0x00,
    0x00, 0x0E, 0xEF, 0xEE, 0xE0, 0x02, 0x5F, 0x22, 0x20, 0x00, 0x3F, 0x00,
    0x00, 0x00, 0x3F, 0x00, 0x00, 0x00, 0x00, 0x00, 0x00, 0x3F, 0x14, 0xF0,
    0x8A, 0x06, 0x20, 0x0F, 0xFF, 0xFF, 0x00, 0x22, 0x22, 0x20, 0x00, 0x00,
    0x00, 0x00, 0x00, 0x00, 0x00, 0x1C, 0x00, 0x1D, 0x00, 0x00, 0x00, 0xD3,
    0x00, 0x04, 0xC0, 0x00, 0x09, 0x70, 0x00, 0x1E, 0x20, 0x00, 0x5B, 0x00,
    0x00, 0xB6, 0x00, 0x01, 0xE1, 0x00, 0x06, 0xA0, 0x00, 0x0C, 0x40, 0x00,
    0x2E, 0x00, 0x00, 0x88, 0x00, 0x00, 0x62, 0x00, 0x00, 0x01, 0xAE, 0xE8,
    0x00, 0x09, 0xC3, 0x4E, 0x60, 0x0E, 0x40, 0x07, 0xC0, 0x2F, 0x10, 0x04,
    0xE0, 0x3F, 0x10, 0x03, 0xF0, 0x3F, 0x10, 0x03, 0xF0, 0x3F, 0x10, 0x03,
    0xF0, 0x2F, 0x20, 0x04, 0xE0, 0x0E, 0x50, 0x07, 0xC0, 0x09, 0xD3, 0x4E,
    0x60, 0x01, 0xAE, 0xE8, 0x00, 0x00, 0x17, 0xD1, 0x00, 0x07, 0xEE, 0xF1,
    0x00, 0x07, 0x43, 0xF1, 0x00, 0x00, 0x03, 0xF1, 0x00, 0x00, 0x03, 0xF1,
    0x00, 0x00, 0x03, 0xF1, 0x00, 0x00, 0x03, 0xF1, 0x00, 0x00, 0x03, 0xF1,
    0x00, 0x00, 0x03, 0xF1, 0x00, 0x00, 0x03, 0xF1, 0x00, 0x00, 0x03, 0xF1,
    0x00, 0x01, 0xAE, 0xEA, 0x10, 0x0B, 0xC3, 0x3C, 0xA0, 0x2F, 0x30, 0x05,
    0xE0, 0x15, 0x00, 0x04, 0xE0, 0x00, 0x00, 0x0A, 0x90, 0x00, 0x00, 0x6E,
    0x20, 0x00, 0x03, 0xF5, 0x00, 0x00, 0x2E, 0x80, 0x00, 0x01, 0xDA, 0x00,
    0x00, 0x0B, 0xD2, 0x22, 0x21, 0x3F, 0xFF, 0xFF, 0xFC, 0x01, 0xAE, 0xE9,
    0x10, 0x0C, 0xB3, 0x3C, 0x90, 0x2F, 0x20, 0x05, 0xE0, 0x01, 0x00, 0x04,
    0xF0, 0x00, 0x00, 0x2C, 0x90, 0x00, 0x4E, 0xFD, 0x10, 0x00, 0x12, 0x4D,
    0x90, 0x00, 0x00, 0x05, 0xE0, 0x2D, 0x20, 0x05, 0xE0, 0x0D, 0xA3, 0x3C,
    0xA0, 0x02, 0xBE, 0xE9, 0x10, 0x00, 0x00, 0x0A, 0xF0, 0x00, 0x00, 0x4F,
    0xF0, 0x00, 0x01, 0xD9, 0xF0, 0x00, 0x08, 0xB3, 0xF0, 0x00, 0x3E, 0x23,
    0xF0, 0x00, 0xC7, 0x03, 0xF0, 0x07, 0xD0, 0x03, 0xF0, 0x0E, 0xFE, 0xEE,
    0xFE, 0x02, 0x22, 0x25, 0xF2, 0x00, 0x00, 0x03, 0xF0, 0x00, 0x00, 0x03,
    0xF0, 0x06, 0xFF, 0xFF, 0xB0, 0x07, 0xB2, 0x22, 0x10, 0x09, 0x90, 0x00,
    0x00, 0x0A, 0x80, 0x00, 0x00, 0x0B, 0xCD, 0xD8, 0x00, 0x08, 0x83, 0x5E,
    0x80, 0x00, 0x00, 0x06, 0xE0, 0x00, 0x00, 0x04, 0xF0, 0x2E, 0x20, 0x06,
    0xE0, 0x0C, 0xB3, 0x4D, 0x90, 0x01, 0xAE, 0xE9, 0x10, 0x00, 0x19, 0xD9,
    0x00, 0x01, 0xDB, 0x41, 0x00, 0x08, 0xC0, 0x00, 0x00, 0x0D, 0x60, 0x00,
    0x00, 0x1F, 0x8C, 0xE9, 0x00, 0x2F, 0xC4, 0x4E, 0x80, 0x3F, 0x20, 0x06,
    0xE0, 0x2F, 0x10, 0x04, 0xF0, 0x0E, 0x50, 0x06, 0xD0, 0x07, 0xD3, 0x4D,
    0x80, 0x00, 0x8E, 0xE9, 0x00, 0x0F, 0xFF, 0xFF, 0xFF, 0x02, 0x22, 0x22,
    0x9A, 0x00, 0x00, 0x01, 0xE4, 0x00, 0x00, 0x06, 0xD0, 0x00, 0x00, 0x0D,
    0x60, 0x00, 0x00, 0x4E, 0x10, 0x00, 0x00, 0xB9, 0x00, 0x00, 0x02, 0xF3,
    0x00, 0x00, 0x09, 0xB0, 0x00, 0x00, 0x1E, 0x50, 0x00, 0x00, 0x7D, 0x00,
    0x00, 0x02, 0xAE, 0xE9, 0x10, 0x0C, 0xB3, 0x4D, 0x90, 0x2F, 0x20, 0x05,
    0xE0, 0x2F, 0x20, 0x04, 0xF0, 0x0C, 0xA1, 0x1C, 0x90, 0x02, 0xEF, 0xFD,
    0x10, 0x0B, 0xB3, 0x4D, 0x80, 0x2F, 0x20, 0x05, 0xE0, 0x3F, 0x20, 0x04,
    0xF0, 0x0D, 0xA3, 0x3C, 0xA0, 0x02, 0xBE, 0xE9, 0x10, 0x01, 0xAE, 0xE6,
    0x00, 0x0A, 0xC3, 0x5E, 0x40, 0x1F, 0x40, 0x07, 0xB0, 0x3F, 0x10, 0x04,
    0xE0, 0x2F, 0x30, 0x04, 0xF0, 0x0C, 0xB1, 0x2C, 0xF0, 0x03, 0xDF, 0xE8,
    0xE0, 0x00, 0x02, 0x07, 0xB0, 0x00, 0x00, 0x0C, 0x60, 0x00, 0x24, 0xBC,
    0x00, 0x00, 0xCD, 0x81, 0x00, 0x1D, 0x00, 0x1C, 0x00, 0x00, 0x00, 0x00,
    0x00, 0x1C, 0x00, 0x1D, 0x00, 0x1D, 0x01, 0xC0, 0x00, 0x00, 0x00, 0x00,
    0x00, 0x00, 0x01, 0x03, 0xF1, 0x4F, 0x07, 0xA0, 0x42, 0x00, 0x00, 0x00,
    0x17, 0x60, 0x01, 0x7E, 0xD4, 0x07, 0xEC, 0x50, 0x00, 0xFC, 0x20, 0x00,
    0x02, 0x9F, 0xB4, 0x00, 0x00, 0x29, 0xF7, 0x00, 0x00, 0x02, 0x30, 0x00,
    0x00, 0x00, 0x0E, 0xEE, 0xEE, 0xE0, 0x02, 0x22, 0x22, 0x20, 0x00, 0x00,
    0x00, 0x00, 0x0F, 0xFF, 0xFF, 0xF0, 0x02, 0x22, 0x22, 0x20, 0x00, 0x00,
    0x00, 0x00, 0x0B, 0x40, 0x00, 0x00, 0x9E, 0xD6, 0x00, 0x00, 0x16, 0xCE,
    0x70, 0x00, 0x04, 0xCE, 0x01, 0x6D, 0xE8, 0x10, 0xED, 0x61, 0x00, 0x05,
    0x00, 0x00, 0x00, 0x00, 0x00, 0x00, 0x04, 0xCE, 0xB2, 0x01, 0xE8, 0x2B,
    0xB0, 0x2A, 0x10, 0x4E, 0x00, 0x00, 0x05, 0xE0, 0x00, 0x00, 0xBA, 0x00,
    0x00, 0x6E, 0x20, 0x00, 0x0E, 0x70, 0x00, 0x03, 0xF2, 0x00, 0x00, 0x14,
    0x00, 0x00, 0x00, 0x00, 0x00, 0x00, 0x2D, 0x00, 0x00, 0x00, 0x01, 0x8D,
    0xFD, 0xA3, 0x00, 0x00, 0x02, 0xEB, 0x42, 0x38, 0xE5, 0x00, 0x01, 0xD8,
    0x00, 0x00, 0x06, 0xE1, 0x00, 0x7D, 0x00, 0x7E, 0xC2, 0x0C, 0x70, 0x0D,
    0x70, 0x6D, 0x49, 0x80, 0x7B, 0x01, 0xF3, 0x0D, 0x40, 0x87, 0x05, 0xE0,
    0x3F, 0x12, 0xE0, 0x09, 0x60, 0x4F, 0x03, 0xF1, 0x4C, 0x00, 0xA4, 0x04,
    0xF0, 0x2F, 0x24, 0xC0, 0x0C, 0x30, 0x7C, 0x00, 0xE5, 0x1F, 0x47, 0xD8,
    0x4E, 0x60, 0x0A, 0xA0, 0x8E, 0x92, 0xDE, 0x80, 0x00, 0x3F, 0x40, 0x00,
    0x00, 0x00, 0x00, 0x00, 0x8E, 0x83, 0x25, 0x30, 0x00, 0x00, 0x00, 0x5B,
    0xEE, 0xB3, 0x00, 0x00, 0x00, 0x03, 0xF5, 0x00, 0x00, 0x00, 0x8F, 0xA0,
    0x00, 0x00, 0x0D, 0x8E, 0x10, 0x00, 0x03, 0xF1, 0xD5, 0x00, 0x00, 0x8B,
    0x08, 0xA0, 0x00, 0x0D, 0x60, 0x3F, 0x10, 0x04, 0xF1, 0x00, 0xE6, 0x00,
    0x9F, 0xFF, 0xFF, 0xB0, 0x0E, 0x72, 0x22, 0x5F, 0x14, 0xF1, 0x00, 0x00,
    0xD6, 0x9B, 0x00, 0x00, 0x08, 0xC0, 0x3F, 0xFF, 0xEA, 0x10, 0x03, 0xF2,
    0x23, 0xCA, 0x00, 0x3F, 0x10, 0x05, 0xE0, 0x03, 0xF1, 0x00, 0x4F, 0x00,
    0x3F, 0x10, 0x1B, 0xA0, 0x03, 0xFE, 0xEF, 0xE3, 0x00, 0x3F, 0x32, 0x24,
    0xD6, 0x03, 0xF1, 0x00, 0x05, 0xE0, 0x3F, 0x10, 0x00, 0x5E, 0x03, 0xF2,
    0x22, 0x4D, 0x90, 0x3F, 0xFF, 0xFD, 0x81, 0x00, 0x00, 0x4B, 0xEE, 0x91,
    0x00, 0x3E, 0x72, 0x4D, 0xA0, 0x0B, 0x90, 0x00, 0x4F, 0x21, 0xF3, 0x00,
    0x00, 0x83, 0x3F, 0x10, 0x00, 0x00, 0x03, 0xF1, 0x00, 0x00, 0x00, 0x3F,
    0x10, 0x00, 0x00, 0x01, 0xF3, 0x00, 0x00, 0x83, 0x0B, 0x80, 0x00, 0x4F,
    0x20, 0x4F, 0x72, 0x4D, 0xA0, 0x00, 0x4C, 0xFD, 0x80, 0x00, 0x3F, 0xFF,
    0xD8, 0x10, 0x03, 0xF2, 0x24, 0xBC, 0x00, 0x3F, 0x10, 0x00, 0xD7, 0x03,
    0xF1, 0x00, 0x07, 0xC0, 0x3F, 0x10, 0x00, 0x5E, 0x03, 0xF1, 0x00, 0x03,
    0xF0, 0x3F, 0x10, 0x00, 0x5F, 0x03, 0xF1, 0x00, 0x07, 0xC0, 0x3F, 0x10,
    0x01, 0xD7, 0x03, 0xF2, 0x24, 0xCC, 0x00, 0x3F, 0xFF, 0xD8, 0x10, 0x00,
    0x3F, 0xFF, 0xFF, 0xF0, 0x3F, 0x22, 0x22, 0x20, 0x3F, 0x10, 0x00, 0x00,
    0x3F, 0x10, 0x00, 0x00, 0x3F, 0x10, 0x00, 0x00, 0x3F, 0xEE, 0xEE, 0x50,
    0x3F, 0x32, 0x22, 0x10, 0x3F, 0x10, 0x00, 0x00, 0x3F, 0x10, 0x00, 0x00,
    0x3F, 0x22, 0x22, 0x20, 0x3F, 0xFF, 0xFF, 0xF1, 0x3F, 0xFF, 0xFF, 0xE0,
    0x3F, 0x22, 0x22, 0x10, 0x3F, 0x10, 0x00, 0x00, 0x3F, 0x10, 0x00, 0x00,
    0x3F, 0x10, 0x00, 0x00, 0x3F, 0xEE, 0xEE, 0x30, 0x3F, 0x32, 0x22, 0x00,
    0x3F, 0x10, 0x00, 0x00, 0x3F, 0x10, 0x00, 0x00, 0x3F, 0x10, 0x00, 0x00,
    0x3F, 0x10, 0x00, 0x00, 0x00, 0x5D, 0xFD, 0x60, 0x00, 0x05, 0xF6, 0x25,
    0xF5, 0x00, 0x0C, 0x80, 0x00, 0x8C, 0x00, 0x1F, 0x30, 0x00, 0x27, 0x00,
    0x3F, 0x10, 0x00, 0x00, 0x00, 0x3F, 0x10, 0x00, 0x00, 0x00, 0x3F, 0x20,
    0x6E, 0xEE, 0x00, 0x1F, 0x40, 0x12, 0x5F, 0x00, 0x0B, 0xA0, 0x00, 0x3F,
    0x00, 0x03, 0xF7, 0x23, 0x9E, 0x00, 0x00, 0x4C, 0xEE, 0xA2, 0x00, 0x3F,
    0x10, 0x00, 0x3F, 0x00, 0x3F, 0x10, 0x00, 0x3F, 0x00, 0x3F, 0x10, 0x00,
    0x3F, 0x00, 0x3F, 0x10, 0x00, 0x3F, 0x00, 0x3F, 0x10, 0x00, 0x3F, 0x00,
    0x3F, 0xEE, 0xEE, 0xEF, 0x00, 0x3F, 0x32, 0x22, 0x5F, 0x00, 0x3F, 0x10,
    0x00, 0x3F, 0x00, 0x3F, 0x10, 0x00, 0x3F, 0x00, 0x3F, 0x10, 0x00, 0x3F,
    0x00, 0x3F, 0x10, 0x00, 0x3F, 0x00, 0x3F, 0x10, 0x3F, 0x10, 0x3F, 0x10,
    0x3F, 0x10, 0x3F, 0x10, 0x3F, 0x10, 0x3F, 0x10, 0x3F, 0x10, 0x3F, 0x10,
    0x3F, 0x10, 0x3F, 0x10, 0x00, 0x00, 0x03, 0xF0, 0x00, 0x00, 0x03, 0xF0,
    0x00, 0x00, 0x03, 0xF0, 0x00, 0x00, 0x03, 0xF0, 0x00, 0x00, 0x03, 0xF0,
    0x00, 0x00, 0x03, 0xF0, 0x00, 0x00, 0x03, 0xF0, 0x01, 0x00, 0x03, 0xF0,
    0x2F, 0x20, 0x05, 0xE0, 0x0D, 0xB3, 0x4D, 0x90, 0x02, 0xBE, 0xE9, 0x10,
    0x3F, 0x10, 0x01, 0xDA, 0x03, 0xF1, 0x00, 0xBC, 0x10, 0x3F, 0x10, 0x8E,
    0x20, 0x03, 0xF1, 0x5F, 0x40, 0x00, 0x3F, 0x4F, 0x70, 0x00, 0x03, 0xFE,
    0xF9, 0x00, 0x00, 0x3F, 0xB5, 0xF4, 0x00, 0x03, 0xF1, 0x09, 0xD1, 0x00,
    0x3F, 0x10, 0x1D, 0xA0, 0x03, 0xF1, 0x00, 0x4F, 0x50, 0x3F, 0x10, 0x00,
    0x8E, 0x10, 0x3F, 0x10, 0x00, 0x00, 0x3F, 0x10, 0x00, 0x00, 0x3F, 0x10,
    0x00, 0x00, 0x3F, 0x10, 0x00, 0x00, 0x3F, 0x10, 0x00, 0x00, 0x3F, 0x10,
    0x00, 0x00, 0x3F, 0x10, 0x00, 0x00, 0x3F, 0x10, 0x00, 0x00, 0x3F, 0x10,
    0x00, 0x00, 0x3F, 0x32, 0x22, 0x20, 0x3F, 0xFF, 0xFF, 0xC0, 0x3F, 0xB0,
    0x00, 0x00, 0x0D, 0xF0, 0x3F, 0xF1, 0x00, 0x00, 0x4F, 0xF0, 0x3F, 0xD7,
    0x00, 0x00, 0xAD, 0xF0, 0x3F, 0x7D, 0x00, 0x01, 0xE7, 0xF0, 0x3F, 0x2F,
    0x30, 0x06, 0xD3, 0xF0, 0x3F, 0x1A, 0x90, 0x0C, 0x83, 0xF0, 0x3F, 0x15,
    0xE1, 0x2F, 0x23, 0xF0, 0x3F, 0x10, 0xE5, 0x8B, 0x03, 0xF0, 0x3F, 0x10,
    0x8B, 0xD6, 0x03, 0xF0, 0x3F, 0x10, 0x3F, 0xE1, 0x03, 0xF0, 0x3F, 0x10,
    0x0C, 0x90, 0x03, 0xF0, 0x3F, 0x50, 0x00, 0x3F, 0x00, 0x3F, 0xD0, 0x00,
    0x3F, 0x00, 0x3F, 0xE7, 0x00, 0x3F, 0x00, 0x3F, 0x7E, 0x10, 0x3F, 0x00,
    0x3F, 0x1D, 0x80, 0x3F, 0x00, 0x3F, 0x14, 0xF2, 0x3F, 0x00, 0x3F, 0x10,
    0xBA, 0x3F, 0x00, 0x3F, 0x10, 0x3F, 0x7F, 0x00, 0x3F, 0x10, 0x09, 0xEF,
    0x00, 0x3F, 0x10, 0x02, 0xEF, 0x00, 0x3F, 0x10, 0x00, 0x8F, 0x00, 0x00,
    0x3B, 0xEE, 0xA2, 0x00, 0x02, 0xE8, 0x23, 0xAD, 0x10, 0x0B, 0xA0, 0x00,
    0x0C, 0x80, 0x1F, 0x40, 0x00, 0x06, 0xD0, 0x2F, 0x20, 0x00, 0x04, 0xF0,
    0x3F, 0x10, 0x00, 0x03, 0xF0, 0x2F, 0x20, 0x00, 0x04, 0xF0, 0x1F, 0x40,
    0x00, 0x06, 0xD0, 0x0B, 0xA0, 0x00, 0x0C, 0x80, 0x02, 0xE8, 0x23, 0xAD,
    0x10, 0x00, 0x3B, 0xEE, 0xA2, 0x00, 0x3F, 0xFF, 0xFD, 0x70, 0x03, 0xF2,
    0x22, 0x5E, 0x70, 0x3F, 0x10, 0x00, 0x7D, 0x03, 0xF1, 0x00, 0x04, 0xF0,
    0x3F, 0x10, 0x00, 0x6D, 0x03, 0xF1, 0x00, 0x3D, 0x80, 0x3F, 0xEE, 0xFF,
    0x91, 0x03, 0xF3, 0x22, 0x00, 0x00, 0x3F, 0x10, 0x00, 0x00, 0x03, 0xF1,
    0x00, 0x00, 0x00, 0x3F, 0x10, 0x00, 0x00, 0x00, 0x00, 0x3B, 0xEE, 0xA2,
    0x00, 0x02, 0xE8, 0x23, 0xAD, 0x10, 0x0B, 0xA0, 0x00, 0x0C, 0x80, 0x1F,
    0x40, 0x00, 0x06, 0xD0, 0x2F, 0x20, 0x00, 0x04, 0xF0, 0x3F, 0x10, 0x00,
    0x03, 0xF0, 0x2F, 0x20, 0x00, 0x04, 0xF0, 0x1F, 0x40, 0x00, 0x06, 0xD0,
    0x0A, 0xA0, 0x00, 0x0C, 0x90, 0x02, 0xE8, 0x23, 0xAE, 0x20, 0x00, 0x3B,
    0xEE, 0xFA, 0x00, 0x00, 0x00, 0x00, 0x4E, 0xA0, 0x00, 0x00, 0x00, 0x02,
    0x50, 0x3F, 0xFF, 0xEC, 0x60, 0x03, 0xF2, 0x22, 0x6E, 0x60, 0x3F, 0x10,
    0x00, 0x7D, 0x03, 0xF1, 0x00, 0x04, 0xF0, 0x3F, 0x10, 0x00, 0x6E, 0x03,
    0xF1, 0x00, 0x4E, 0x80, 0x3F, 0xEE, 0xFF, 0x90, 0x03, 0xF3, 0x23, 0xE7,
    0x00, 0x3F, 0x10, 0x07, 0xE1, 0x03, 0xF1, 0x00, 0x0C, 0x90, 0x3F, 0x10,
    0x00, 0x3F, 0x30, 0x01, 0x9E, 0xFD, 0x60, 0x00, 0xCB, 0x32, 0x5E, 0x70,
    0x2F, 0x20, 0x00, 0x6E, 0x01, 0xF4, 0x00, 0x01, 0x30, 0x09, 0xE8, 0x30,
    0x00, 0x00, 0x06, 0xDF, 0xC5, 0x00, 0x00, 0x00, 0x39, 0xF7, 0x01, 0x30,
    0x00, 0x06, 0xE0, 0x2F, 0x30, 0x00, 0x4F, 0x00, 0x9D, 0x52, 0x4C, 0xA0,
    0x00, 0x7D, 0xFD, 0x81, 0x00, 0x0F, 0xFF, 0xFF, 0xFF, 0xF0, 0x22, 0x5F,
    0x22, 0x22, 0x00, 0x03, 0xF0, 0x00, 0x00, 0x00, 0x3F, 0x00, 0x00, 0x00,
    0x03, 0xF0, 0x00, 0x00, 0x00, 0x3F, 0x00, 0x00, 0x00, 0x03, 0xF0, 0x00,
    0x00, 0x00, 0x3F, 0x00, 0x00, 0x00, 0x03, 0xF0, 0x00, 0x00, 0x00, 0x3F,
    0x00, 0x00, 0x00, 0x03, 0xF0, 0x00, 0x00, 0x3F, 0x10, 0x00, 0x3F, 0x03,
    0xF1, 0x00, 0x03, 0xF0, 0x3F, 0x10, 0x00, 0x3F, 0x03, 0xF1, 0x00, 0x03,
    0xF0, 0x3F, 0x10, 0x00, 0x3F, 0x03, 0xF1, 0x00, 0x03, 0xF0, 0x3F, 0x10,
    0x00, 0x3F, 0x03, 0xF1, 0x00, 0x04, 0xF0, 0x1F, 0x40, 0x00, 0x7D, 0x00,
    0x9D, 0x42, 0x5E, 0x60, 0x00, 0x8D, 0xFD, 0x60, 0x00, 0xAC, 0x00, 0x00,
    0x0D, 0x84, 0xF1, 0x00, 0x03, 0xF3, 0x0E, 0x60, 0x00, 0x7D, 0x00, 0x9B,
    0x00, 0x0C, 0x80, 0x04, 0xF1, 0x02, 0xF3, 0x00, 0x0E, 0x50, 0x6D, 0x00,
    0x00, 0x9A, 0x0B, 0x80, 0x00, 0x04, 0xE1, 0xF3, 0x00, 0x00, 0x0E, 0xAD,
    0x00, 0x00, 0x00, 0x9F, 0x80, 0x00, 0x00, 0x04, 0xF3, 0x00, 0x00, 0x7D,
    0x00, 0x06, 0xE0, 0x00, 0x5F, 0x04, 0xF1, 0x00, 0xAF, 0x30, 0x08, 0xC0,
    0x1F, 0x40, 0x0D, 0xD7, 0x00, 0xB9, 0x00, 0xC7, 0x02, 0xF7, 0xB0, 0x0E,
    0x50, 0x09, 0xA0, 0x6B, 0x2E, 0x02, 0xF2, 0x00, 0x6D, 0x0A, 0x70, 0xD3,
    0x5E, 0x00, 0x02, 0xF1, 0xE3, 0x0A, 0x78, 0xB0, 0x00, 0x0E, 0x7E, 0x00,
    0x6B, 0xB7, 0x00, 0x00, 0xBC, 0xA0, 0x02, 0xED, 0x40, 0x00, 0x08, 0xF6,
    0x00, 0x0D, 0xF1, 0x00, 0x00, 0x4F, 0x20, 0x00, 0x9C, 0x00, 0x00, 0x4F,
    0x40, 0x00, 0x7E, 0x10, 0xAD, 0x00, 0x1E, 0x70, 0x02, 0xF6, 0x09, 0xD0,
    0x00, 0x08, 0xE4, 0xF5, 0x00, 0x00, 0x1D, 0xFB, 0x00, 0x00, 0x00, 0x8F,
    0x50, 0x00, 0x00, 0x1E, 0xEC, 0x00, 0x00, 0x09, 0xE3, 0xF6, 0x00, 0x03,
    0xF6, 0x09, 0xE1, 0x00, 0xBC, 0x00, 0x1E, 0x80, 0x5F, 0x40, 0x00, 0x6F,
    0x20, 0x6F, 0x20, 0x00, 0x4F, 0x30, 0xD8, 0x00, 0x0B, 0xB0, 0x06, 0xE1,
    0x03, 0xF3, 0x00, 0x0D, 0x70, 0xAB, 0x00, 0x00, 0x6E, 0x2F, 0x30, 0x00,
    0x00, 0xDD, 0xB0, 0x00, 0x00, 0x06, 0xF4, 0x00, 0x00, 0x00, 0x3F, 0x10,
    0x00, 0x00, 0x03, 0xF1, 0x00, 0x00, 0x00, 0x3F, 0x10, 0x00, 0x00, 0x03,
    0xF1, 0x00, 0x00, 0x0F, 0xFF, 0xFF, 0xFF, 0x02, 0x22, 0x22, 0xEA, 0x00,
    0x00, 0x08, 0xE2, 0x00, 0x00, 0x2F, 0x70, 0x00, 0x00, 0xBC, 0x00, 0x00,
    0x05, 0xF3, 0x00, 0x00, 0x1D, 0x90, 0x00, 0x00, 0x8E, 0x10, 0x00, 0x02,
    0xF5, 0x00, 0x00, 0x0B, 0xC2, 0x22, 0x22, 0x0F, 0xFF, 0xFF, 0xFF, 0x3E,
    0xE5, 0x3F, 0x31, 0x3F, 0x10, 0x3F, 0x10, 0x3F, 0x10, 0x3F, 0x10, 0x3F,
    0x10, 0x3F, 0x10, 0x3F, 0x10, 0x3F, 0x10, 0x3F, 0x10, 0x3F, 0x10, 0x3F,
    0x10, 0x3F, 0xF5, 0x02, 0x21, 0x8A, 0x00, 0x00, 0x3F, 0x10, 0x00, 0x0C,
    0x60, 0x00, 0x07, 0xB0, 0x00, 0x02, 0xF2, 0x00, 0x00, 0xB7, 0x00, 0x00,
    0x6D, 0x00, 0x00, 0x1E, 0x30, 0x00, 0x0A, 0x80, 0x00, 0x04, 0xE0, 0x00,
    0x00, 0xE4, 0x00, 0x00, 0x54, 0x8E, 0xE1, 0x15, 0xF1, 0x03, 0xF1, 0x03,
    0xF1, 0x03, 0xF1, 0x03, 0xF1, 0x03, 0xF1, 0x03, 0xF1, 0x03, 0xF1, 0x03,
    0xF1, 0x03, 0xF1, 0x03, 0xF1, 0x03, 0xF1, 0x8F, 0xF1, 0x12, 0x20, 0x00,
    0x53, 0x00, 0x00, 0xDB, 0x00, 0x04, 0xDE, 0x20, 0x0A, 0x8A, 0x70, 0x1E,
    0x25, 0xD0, 0x6C, 0x00, 0xE3, 0x00, 0x00, 0x00, 0x00, 0x00, 0x00, 0x00,
    0x00, 0x00, 0x00, 0x00, 0x00, 0x00, 0x00, 0x00, 0x0F, 0xFF, 0xFF, 0xF0,
    0x22, 0x22, 0x22, 0x3E, 0x40, 0x05, 0xD1, 0x00, 0x00, 0x00, 0x00, 0x00,
    0x00, 0x00, 0x00, 0x00, 0x00, 0x00, 0x00, 0x00, 0x00, 0x00, 0x00, 0x00,
    0x00, 0x03, 0xBE, 0xEA, 0x20, 0x1E, 0xA3, 0x3B, 0xB0, 0x14, 0x10, 0x04,
    0xF0, 0x02, 0x9D, 0xEE, 0xF0, 0x0D, 0xA4, 0x25, 0xF0, 0x2F, 0x20, 0x04,
    0xF0, 0x1E, 0x82, 0x4C, 0xF1, 0x04, 0xCF, 0xD6, 0xD3, 0x3F, 0x10, 0x00,
    0x00, 0x3F, 0x10, 0x00, 0x00, 0x3F, 0x10, 0x00, 0x00, 0x3F, 0x7D, 0xE9,
    0x00, 0x3F, 0xB2, 0x4E, 0x80, 0x3F, 0x10, 0x07, 0xD0, 0x3F, 0x10, 0x04,
    0xF0, 0x3F, 0x10, 0x04, 0xF0, 0x3F, 0x10, 0x07, 0xD0, 0x3F, 0xB3, 0x4E,
    0x70, 0x3F, 0x6E, 0xE9, 0x00, 0x00, 0x9E, 0xEA, 0x10, 0x09, 0xD3, 0x3C,
    0xA0, 0x1F, 0x40, 0x04, 0xC0, 0x3F, 0x10, 0x00, 0x00, 0x3F, 0x10, 0x00,
    0x00, 0x1F, 0x40, 0x02, 0x90, 0x09, 0xC3, 0x3C, 0xA0, 0x00, 0x9E, 0xE9,
    0x10, 0x00, 0x00, 0x03, 0xF0, 0x00, 0x00, 0x03, 0xF0, 0x00, 0x00, 0x03,
    0xF0, 0x01, 0xAE, 0xD8, 0xF0, 0x0A, 0xD3, 0x3C, 0xF0, 0x1F, 0x50, 0x04,
    0xF0, 0x3F, 0x20, 0x03, 0xF0, 0x3F, 0x20, 0x03, 0xF0, 0x1F, 0x40, 0x04,
    0xF0, 0x0A, 0xC3, 0x3C, 0xF0, 0x01, 0xAE, 0xD7, 0xF0, 0x00, 0x8E, 0xE9,
    0x10, 0x08, 0xC3, 0x3D, 0x90, 0x1E, 0x40, 0x05, 0xE0, 0x3F, 0xEE, 0xEE,
    0xF0, 0x3F, 0x32, 0x22, 0x20, 0x1F, 0x50, 0x00, 0x10, 0x09, 0xE4, 0x29,
    0xB0, 0x00, 0x8E, 0xEB, 0x20, 0x00, 0x5C, 0xE7, 0x01, 0xF8, 0x31, 0x03,
    0xF1, 0x00, 0x0F, 0xFF, 0xF0, 0x05, 0xF2, 0x20, 0x03, 0xF0, 0x00, 0x03,
    0xF0, 0x00, 0x03, 0xF0, 0x00, 0x03, 0xF0, 0x00, 0x03, 0xF0, 0x00, 0x03,
    0xF0, 0x00, 0x01, 0xAE, 0xD6, 0xF0, 0x0A, 0xD3, 0x3C, 0xF0, 0x1F, 0x50,
    0x04, 0xF0, 0x3F, 0x20, 0x03, 0xF0, 0x3F, 0x20, 0x03, 0xF0, 0x1F, 0x40,
    0x04, 0xF0, 0x0A, 0xC3, 0x3C, 0xF0, 0x01, 0xAE, 0xD8, 0xF0, 0x00, 0x00,
    0x05, 0xE0, 0x09, 0x83, 0x4D, 0x90, 0x02, 0xAE, 0xE9, 0x10, 0x3F, 0x10,
    0x00, 0x00, 0x3F, 0x10, 0x00, 0x00, 0x3F, 0x10, 0x00, 0x00, 0x3F, 0x5D,
    0xFC, 0x30, 0x3F, 0xC3, 0x3B, 0xC0, 0x3F, 0x20, 0x04, 0xF0, 0x3F, 0x10,
    0x03, 0xF0, 0x3F, 0x10, 0x03, 0xF0, 0x3F, 0x10, 0x03, 0xF0, 0x3F, 0x10,
    0x03, 0xF0, 0x3F, 0x10, 0x03, 0xF0, 0x2D, 0x00, 0x10, 0x00, 0x03, 0xF1,
    0x3F, 0x13, 0xF1, 0x3F, 0x13, 0xF1, 0x3F, 0x13, 0xF1, 0x3F, 0x10, 0x02,
    0xD0, 0x00, 0x10, 0x00, 0x00, 0x03, 0xF1, 0x03, 0xF1, 0x03, 0xF1, 0x03,
    0xF1, 0x03, 0xF1, 0x03, 0xF1, 0x03, 0xF1, 0x03, 0xF1, 0x03, 0xF1, 0x28,
    0xE0, 0xAE, 0x60, 0x3F, 0x10, 0x00, 0x03, 0xF1, 0x00, 0x00, 0x3F, 0x10,
    0x00, 0x03, 0xF1, 0x06, 0xE3, 0x3F, 0x15, 0xF4, 0x03, 0xF4, 0xE6, 0x00,
    0x3F, 0xED, 0x00, 0x03, 0xFA, 0xE7, 0x00, 0x3F, 0x15, 0xF3, 0x03, 0xF1,
    0x09, 0xD0, 0x3F, 0x10, 0x1D, 0x80, 0x3F, 0x13, 0xF1, 0x3F, 0x13, 0xF1,
    0x3F, 0x13, 0xF1, 0x3F, 0x13, 0xF1, 0x3F, 0x13, 0xF1, 0x3F, 0x10, 0x3F,
    0x6D, 0xFC, 0x36, 0xDE, 0xB2, 0x03, 0xFA, 0x33, 0xBE, 0xB3, 0x3B, 0xC0,
    0x3F, 0x10, 0x04, 0xF2, 0x00, 0x4F, 0x03, 0xF1, 0x00, 0x3F, 0x00, 0x03,
    0xF0, 0x3F, 0x10, 0x03, 0xF0, 0x00, 0x3F, 0x03, 0xF1, 0x00, 0x3F, 0x00,
    0x03, 0xF0, 0x3F, 0x10, 0x03, 0xF0, 0x00, 0x3F, 0x03, 0xF1, 0x00, 0x3F,
    0x00, 0x03, 0xF0, 0x3F, 0x4D, 0xEC, 0x30, 0x3F, 0xC3, 0x3B, 0xC0, 0x3F,
    0x20, 0x04, 0xF0, 0x3F, 0x10, 0x03, 0xF0, 0x3F, 0x10, 0x03, 0xF0, 0x3F,
    0x10, 0x03, 0xF0, 0x3F, 0x10, 0x03, 0xF0, 0x3F, 0x10, 0x03, 0xF0, 0x00,
    0x9E, 0xE7, 0x00, 0x09, 0xD3, 0x4E, 0x60, 0x1F, 0x50, 0x08, 0xC0, 0x3F,
    0x20, 0x04, 0xF0, 0x3F, 0x20, 0x04, 0xF0, 0x1F, 0x50, 0x08, 0xC0, 0x09,
    0xD3, 0x4E, 0x60, 0x00, 0x9E, 0xE7, 0x00, 0x3F, 0x6D, 0xE9, 0x00, 0x3F,
    0xA2, 0x4E, 0x70, 0x3F, 0x10, 0x07, 0xD0, 0x3F, 0x10, 0x04, 0xF0, 0x3F,
    0x10, 0x04, 0xF0, 0x3F, 0x10, 0x07, 0xD0, 0x3F, 0xA2, 0x4E, 0x70, 0x3F,
    0x7D, 0xE9, 0x00, 0x3F, 0x10, 0x00, 0x00, 0x3F, 0x10, 0x00, 0x00, 0x3F,
    0x10, 0x00, 0x00, 0x01, 0xAE, 0xD7, 0xF0, 0x0A, 0xD3, 0x3C, 0xF0, 0x1F,
    0x50, 0x03, 0xF0, 0x3F, 0x20, 0x03, 0xF0, 0x3F, 0x20, 0x03, 0xF0, 0x1F,
    0x50, 0x03, 0xF0, 0x0A, 0xD3, 0x3C, 0xF0, 0x01, 0xAE, 0xD8, 0xF0, 0x00,
    0x00, 0x03, 0xF0, 0x00, 0x00, 0x03, 0xF0, 0x00, 0x00, 0x03, 0xF0, 0x3F,
    0x8E, 0x53, 0xFA, 0x21, 0x3F, 0x10, 0x03, 0xF1, 0x00, 0x3F, 0x10, 0x03,
    0xF1, 0x00, 0x3F, 0x10, 0x03, 0xF1, 0x00, 0x04, 0xDF, 0xC2, 0x01, 0xF7,
    0x2B, 0xC0, 0x2F, 0x20, 0x27, 0x00, 0xAE, 0x94, 0x00, 0x00, 0x38, 0xE8,
    0x01, 0x70, 0x05, 0xF0, 0x1E, 0x62, 0x9D, 0x00, 0x4C, 0xFC, 0x30, 0x00,
    0x3F, 0x00, 0x00, 0x3F, 0x00, 0x0F, 0xFF, 0xF0, 0x02, 0x5F, 0x20, 0x00,
    0x3F, 0x00, 0x00, 0x3F, 0x00, 0x00, 0x3F, 0x00, 0x00, 0x3F, 0x00, 0x00,
    0x2F, 0x40, 0x00, 0x0A, 0xE0, 0x3F, 0x10, 0x03, 0xF0, 0x3F, 0x10, 0x03,
    0xF0, 0x3F, 0x10, 0x03, 0xF0, 0x3F, 0x10, 0x03, 0xF0, 0x3F, 0x10, 0x03,
    0xF0, 0x2F, 0x10, 0x04, 0xF0, 0x0E, 0x92, 0x4C, 0xF0, 0x04, 0xCE, 0xC7,
    0xF0, 0x9A, 0x00, 0x0E, 0x54, 0xE0, 0x03, 0xF1, 0x0E, 0x40, 0x8A, 0x00,
    0x99, 0x0C, 0x50, 0x04, 0xE2, 0xF1, 0x00, 0x0E, 0x9B, 0x00, 0x00, 0x9F,
    0x60, 0x00, 0x04, 0xF1, 0x00, 0x9A, 0x00, 0x6D, 0x00, 0x3F, 0x15, 0xE0,
    0x0B, 0xF3, 0x06, 0xC0, 0x1F, 0x30, 0xEA, 0x70, 0xA8, 0x00, 0xC6, 0x4C,
    0x5B, 0x0D, 0x40, 0x08, 0xA8, 0x71, 0xE3, 0xE0, 0x00, 0x4E, 0xD3, 0x0B,
    0xAB, 0x00, 0x00, 0xED, 0x00, 0x6F, 0x70, 0x00, 0x0A, 0x90, 0x02, 0xF3,
    0x00, 0x5F, 0x20, 0x3F, 0x40, 0xBA, 0x0C, 0xA0, 0x02, 0xE8, 0xE1, 0x00,
    0x07, 0xF6, 0x00, 0x00, 0x8F, 0x70, 0x00, 0x3F, 0x7E, 0x20, 0x0C, 0x90,
    0xAB, 0x06, 0xE1, 0x02, 0xF5, 0xAA, 0x00, 0x1F, 0x45, 0xE1, 0x05, 0xE0,
    0x1E, 0x50, 0xA9, 0x00, 0xAA, 0x0E, 0x50, 0x05, 0xE4, 0xE0, 0x00, 0x0E,
    0xCA, 0x00, 0x00, 0x9F, 0x50, 0x00, 0x05, 0xE1, 0x00, 0x00, 0x7A, 0x00,
    0x01, 0x4E, 0x40, 0x00, 0x6E, 0x80, 0x00, 0x00, 0x0F, 0xFF, 0xFF, 0xF0,
    0x22, 0x24, 0xF9, 0x00, 0x00, 0xCC, 0x00, 0x00, 0x8E, 0x20, 0x00, 0x4F,
    0x60, 0x00, 0x1D, 0x90, 0x00, 0x0A, 0xD2, 0x22, 0x20, 0xFF, 0xFF, 0xFF,
    0x00, 0x04, 0x20, 0x07, 0xD3, 0x00, 0xE4, 0x00, 0x3F, 0x10, 0x03, 0xF1,
    0x00, 0x4F, 0x00, 0x09, 0xC0, 0x0B, 0xF3, 0x00, 0x2B, 0xB0, 0x00, 0x4F,
    0x00, 0x03, 0xF1, 0x00, 0x3F, 0x10, 0x01, 0xF3, 0x00, 0x09, 0xC2, 0x00,
    0x06, 0x40, 0x3F, 0x13, 0xF1, 0x3F, 0x13, 0xF1, 0x3F, 0x13, 0xF1, 0x3F,
    0x13, 0xF1, 0x3F, 0x13, 0xF1, 0x3F, 0x13, 0xF1, 0x28, 0x00, 0x43, 0x00,
    0x04, 0xE5, 0x00, 0x07, 0xC0, 0x00, 0x4F, 0x00, 0x03, 0xF1, 0x00, 0x3F,
    0x10, 0x01, 0xE6, 0x00, 0x05, 0xF4, 0x00, 0xD8, 0x10, 0x3F, 0x10, 0x03,
    0xF1, 0x00, 0x4F, 0x00, 0x06, 0xD0, 0x03, 0xD6, 0x00, 0x55, 0x00, 0x00,
    0x04, 0xCD, 0x60, 0x04, 0xE0, 0x0E, 0x84, 0xD8, 0x1A, 0xB0, 0x2E, 0x10,
    0x1B, 0xFD, 0x20, 0x00, 0x00, 0x00, 0x10, 0x00, 0x00, 0x00, 0x00, 0x00,
    0x00, 0x00, 0x00, 0x00, 0x00, 0x00, 0x00, 0x50, 0x08, 0x70, 0x1F, 0x20,
    0x1D, 0xA0, 0x00, 0x00, 0x00, 0x00, 0x00, 0xD1, 0x00, 0x05, 0xB0, 0x00,
    0x0A, 0x60, 0x00, 0x1E, 0x10, 0x00, 0x5B, 0x00, 0x00, 0xA6, 0x00, 0x01,
    0xE1, 0x00, 0x05, 0xB0, 0x00, 0x0B, 0x50, 0x00, 0x1E, 0x10, 0x00, 0x6A,
    0x00, 0x00, 0x23, 0x00, 0x00, 0x00, 0x00, 0x00, 0x00, 0x00, 0x00, 0x2B,
    0xF8, 0x00, 0x04, 0x5B, 0x69, 0xE0, 0x00, 0x3E, 0xFF, 0xF7, 0x00, 0x04,
    0x42, 0x31, 0x00, 0x00, 0x00, 0x00, 0x00, 0x00, 0x00, 0x18, 0x82, 0x00,
    0x00, 0x72, 0x00, 0x27, 0x00, 0x20, 0x00, 0x00, 0x02, 0x0A, 0x00, 0x00,
    0x00, 0xA0, 0x20, 0x00, 0x00, 0x02, 0x00, 0x72, 0x00, 0x27, 0x00, 0x00,
    0x27, 0x71, 0x00, 0x00, 0x00, 0x00, 0x00, 0x00, 0x00, 0x00, 0x9E, 0x70,
    0x00, 0x02, 0x3B, 0x45, 0x00, 0x00, 0x1F, 0xFB, 0x60, 0x00, 0x02, 0x91,
    0x00, 0x00, 0x00, 0x00, 0x00, 0x00, 0x00, 0x00, 0x18, 0x82, 0x00, 0x00,
    0x72, 0x00, 0x27, 0x00, 0x20, 0x00, 0x00, 0x02, 0x0A, 0x00, 0x00, 0x00,
    0xA0, 0x20, 0x00, 0x00, 0x02, 0x00, 0x72, 0x00, 0x27, 0x00, 0x00, 0x27,
    0x71, 0x00, 0x00, 0x00, 0x00, 0x00, 0x00, 0x00, 0x09, 0xE6, 0x00, 0x00,
    0x01, 0x95, 0xCC, 0x00, 0x00, 0x04, 0xB5, 0x14, 0xB0, 0x00, 0xE1, 0x00,
    0x3E, 0x00, 0x1F, 0x61, 0x2B, 0xA0, 0x00, 0x7E, 0xFD, 0x81, 0x00, 0x00,
    0x02, 0x10, 0x00, 0x00, 0x00, 0x00, 0x00, 0x00, 0x01, 0x88, 0x20, 0x00,
    0x07, 0x20, 0x02, 0x70, 0x02, 0x00, 0x00, 0x00, 0x20, 0xA0, 0x00, 0x00,
    0x0A, 0x02, 0x00, 0x00, 0x00, 0x20, 0x07, 0x20, 0x02, 0x70, 0x00, 0x02,
    0x77, 0x10, 0x00, 0x00, 0x2A, 0x00, 0x00, 0x00, 0x03, 0xF0, 0x00, 0x00,
    0x00, 0x3F, 0x6E, 0x90, 0x00, 0x18, 0xEB, 0xCE, 0x00, 0x02, 0xCC, 0xCA,
    0x30, 0x00, 0x00, 0x00, 0x00, 0x00, 0x00, 0x00, 0x00, 0x00, 0x00, 0x01,
    0x88, 0x20, 0x00, 0x07, 0x20, 0x02, 0x70, 0x02, 0x00, 0x00, 0x00, 0x20,
    0xA0, 0x00, 0x00, 0x0A, 0x02, 0x00, 0x00, 0x00, 0x20, 0x07, 0x20, 0x02,
    0x70, 0x00, 0x02, 0x77, 0x10, 0x00, 0x00, 0x20, 0x06, 0x80, 0x1F, 0x10,
    0x2F, 0xB0, 0x02, 0x10, 0x02, 0x10, 0x1E, 0x80, 0x03, 0xDE, 0x90, 0x1E,
    0x84, 0x70, 0x2F, 0x10, 0x00, 0x0C, 0x90, 0x00, 0x01, 0xC7, 0x00, 0x00,
    0x5D, 0x00, 0x00, 0x18, 0x00, 0x00, 0x12, 0x00, 0x00, 0xAC, 0x00, 0x00,
    0x00, 0x00, 0x05, 0xEE, 0x60, 0x1F, 0x74, 0x30, 0x1F, 0x20, 0x00, 0x09,
    0xDB, 0xC0, 0x5E, 0xC7, 0x20, 0x44, 0x00, 0x00, 0x00, 0x00, 0x00, 0x06,
    0xE7, 0x4A, 0x1B, 0x4A, 0xE4, 0x00, 0x3F, 0x00, 0x00, 0x3F, 0x00, 0x00,
    0x3F, 0x00, 0x00, 0x3F, 0x00, 0x00, 0x3F, 0x00, 0x00, 0x3F, 0x00, 0x00,
    0x3F, 0x00, 0x00, 0x3F, 0x00, 0x00, 0x3F, 0x00, 0x00, 0x05, 0xE4, 0x94,
    0x26, 0xA7, 0x62, 0x03, 0xF0, 0x3F, 0x03, 0xF0, 0x3F, 0x03, 0xF0, 0x3F,
    0x03, 0xF0, 0x3F, 0x03, 0xF0, 0x00, 0x8E, 0x50, 0x00, 0xE5, 0x20, 0x01,
    0xCA, 0x60, 0x01, 0x30, 0x00, 0x02, 0xDF, 0x90, 0x0C, 0x94, 0xD7, 0x2F,
    0x10, 0x5C, 0x1F, 0x74, 0x7E, 0x06, 0xDF, 0xEE, 0x00, 0x00, 0x7B, 0x00,
    0x06, 0xE3, 0x09, 0xDE, 0x40, 0x07, 0x51, 0x00, 0x3F, 0x03, 0xF0, 0x3F,
    0x03, 0xF0, 0x3F, 0x03, 0xF0, 0x3F, 0x03, 0xF0, 0x3F, 0x00, 0x00, 0x4E,
    0x49, 0x41, 0x69, 0x78, 0x40, 0x00, 0x00, 0x00, 0x00, 0x00, 0x00, 0x4E,
    0x70, 0x00, 0x00, 0x00, 0x96, 0x20, 0x00, 0x00, 0x00, 0x6B, 0x90, 0x00,
    0x00, 0x00, 0x74, 0x02, 0xBF, 0xA0, 0x02, 0x00, 0x0B, 0xA4, 0x30, 0x0D,
    0x50, 0x1F, 0x20, 0x00, 0x1F, 0x20, 0x2F, 0x43, 0x10, 0x2F, 0x00, 0x0B,
    0xFF, 0xB0, 0x1F, 0x30, 0x00, 0x04, 0xE0, 0x0A, 0xC3, 0x12, 0x5C, 0xA0,
    0x01, 0xAF, 0xFF, 0xE8, 0x00, 0x00, 0x01, 0x32, 0x00, 0x00, 0x3F, 0x03,
    0xF0, 0x3F, 0x03, 0xF0, 0x3F, 0x03, 0xF0, 0x3F, 0x03, 0xF0, 0x3F, 0x00,
    0x0A, 0x10, 0x00, 0x00, 0x00, 0x4A, 0x2F, 0x00, 0x00, 0x00, 0x00, 0x4E,
    0x1F, 0x20, 0x00, 0x00, 0x00, 0x3E, 0x0B, 0xD7, 0x54, 0x44, 0x45, 0xCB,
    0x00, 0x7B, 0xEF, 0xFF, 0xED, 0x91, 0x00, 0x00, 0x00, 0x00, 0x00, 0x00,
    0x00, 0x00, 0x01, 0xA3, 0x00, 0x00, 0x00, 0x00, 0x01, 0xC4, 0x00, 0x00,
    0x00, 0x00, 0x00, 0x00, 0x00, 0x00, 0x06, 0x83, 0xB1, 0x00, 0x58, 0x2A,
    0x10, 0x00, 0x00, 0x00, 0x00, 0x08, 0xB1, 0x00, 0x02, 0xEE, 0xC1, 0x00,
    0xB9, 0x1C, 0x90, 0x2F, 0x10, 0x4E, 0x01, 0xF7, 0x49, 0xC0, 0x05, 0xDE,
    0xC3, 0x00, 0x00, 0x00, 0x16, 0x06, 0x10, 0x00, 0x00, 0x00, 0x6D, 0x3E,
    0x50, 0x00, 0x0A, 0x10, 0x01, 0x01, 0x00, 0x4A, 0x2F, 0x00, 0x00, 0x00,
    0x00, 0x4E, 0x1F, 0x20, 0x00, 0x00, 0x00, 0x3E, 0x0B, 0xD7, 0x54, 0x44,
    0x45, 0xCB, 0x00, 0x7B, 0xEF, 0xFF, 0xED, 0x91, 0x00, 0x00, 0x01, 0x91,
    0x00, 0x00, 0x00, 0x00, 0x03, 0xC2, 0x00, 0x00, 0x00, 0x00, 0x5C, 0x2C,
    0x40, 0x00, 0x0A, 0x10, 0x27, 0x07, 0x10, 0x4A, 0x2F, 0x00, 0x00, 0x00,
    0x00, 0x4E, 0x1F, 0x20, 0x00, 0x00, 0x00, 0x3E, 0x0B, 0xD7, 0x54, 0x44,
    0x45, 0xCB, 0x00, 0x7B, 0xEF, 0xFF, 0xED, 0x91, 0x00, 0x00, 0x00, 0x00,
    0x00, 0x05, 0xDD, 0xC7, 0x20, 0x00, 0x1A, 0x30, 0x29, 0xFD, 0x90, 0x00,
    0x04, 0xBF, 0xDA, 0x70, 0x00, 0x9F, 0x92, 0x00, 0x00, 0x07, 0xE3, 0x00,
    0x00, 0x00, 0x0E, 0x40, 0x09, 0x50, 0x00, 0x2F, 0x10, 0x0A, 0x50, 0x00,
    0x1F, 0x30, 0x00, 0x00, 0x00, 0x0A, 0xD6, 0x21, 0x24, 0x70, 0x00, 0x8E,
    0xFF, 0xFE, 0xA0, 0x00, 0x00, 0x23, 0x20, 0x00, 0x00, 0x00, 0x00, 0x00,
    0x00, 0x05, 0xDD, 0xC7, 0x20, 0x00, 0x1A, 0x30, 0x29, 0xFD, 0x90, 0x00,
    0x04, 0xBF, 0xDA, 0x70, 0x00, 0x9F, 0x92, 0x00, 0x00, 0x07, 0xE3, 0x00,
    0x00, 0x00, 0x0E, 0x40, 0x00, 0x00, 0x00, 0x2F, 0x10, 0x00, 0x00, 0x00,
    0x1F, 0x30, 0x00, 0x00, 0x00, 0x0A, 0xD6, 0x21, 0x24, 0x70, 0x00, 0x8E,
    0xFF, 0xFE, 0xA0, 0x00, 0x00, 0x23, 0x20, 0x00, 0x00, 0x00, 0x00, 0x00,
    0x00, 0x00, 0x06, 0xA0, 0x00, 0x00, 0x00, 0x05, 0x80, 0x00, 0x00, 0x00,
    0x00, 0x00, 0x00, 0x00, 0x05, 0xDD, 0xC7, 0x20, 0x00, 0x1A, 0x30, 0x29,
    0xFD, 0x90, 0x00, 0x04, 0xBF, 0xDA, 0x70, 0x00, 0x9F, 0x92, 0x00, 0x00,
    0x07, 0xE3, 0x00, 0x00, 0x00, 0x0E, 0x40, 0x00, 0x00, 0x00, 0x2F, 0x10,
    0x00, 0x00, 0x00, 0x1F, 0x30, 0x00, 0x00, 0x00, 0x0A, 0xD6, 0x21, 0x24,
    0x70, 0x00, 0x8E, 0xFF, 0xFE, 0xA0, 0x00, 0x00, 0x23, 0x20, 0x00, 0x00,
    0x41, 0x00, 0x00, 0x0B, 0xE4, 0x00, 0x00, 0x07, 0xF4, 0x00, 0x00, 0x08,
    0xC0, 0x00, 0x00, 0x4E, 0x02, 0x54, 0x6C, 0xA0, 0x5E, 0xFE, 0xA1, 0x00,
    0x00, 0x60, 0x00, 0x00, 0x4F, 0x30, 0x00, 0x00, 0x20, 0x00, 0x00, 0x04,
    0x10, 0x00, 0x00, 0xBE, 0x40, 0x00, 0x00, 0x7F, 0x40, 0x00, 0x00, 0x8C,
    0x00, 0x00, 0x04, 0xE0, 0x25, 0x46, 0xCA, 0x05, 0xEF, 0xEA, 0x10, 0x00,
    0x04, 0x60, 0x00, 0x06, 0xC0, 0x00, 0x04, 0xE0, 0x00, 0x03, 0xE0, 0x00,
    0x07, 0xB0, 0x00, 0x3E, 0x50, 0x1A, 0xE8, 0x00, 0x08, 0x30, 0x00, 0x00,
    0x00, 0x00, 0x00, 0x1B, 0x40, 0x00, 0x0A, 0x30, 0x00, 0x00, 0x00, 0x00,
    0x04, 0x60, 0x00, 0x06, 0xC0, 0x00, 0x04, 0xE0, 0x00, 0x03, 0xE0, 0x00,
    0x07, 0xB0, 0x00, 0x3E, 0x50, 0x1A, 0xE8, 0x00, 0x08, 0x30, 0x00, 0x00,
    0x00, 0x00, 0x00, 0x00, 0x00, 0x00, 0x39, 0x00, 0x30, 0x00, 0x00, 0x55,
    0x00, 0x2D, 0x04, 0xE0, 0x0D, 0x50, 0x00, 0x08, 0xC0, 0x03, 0xF0, 0x3E,
    0x01, 0xF2, 0x00, 0x00, 0x5F, 0x84, 0xAF, 0x79, 0xB0, 0x2F, 0x00, 0x00,
    0x03, 0xFC, 0xEA, 0x4E, 0xE3, 0x01, 0xF3, 0x00, 0x00, 0x6D, 0x00, 0x00,
    0x00, 0x00, 0x0A, 0xC4, 0x11, 0x5E, 0x70, 0x00, 0x00, 0x00, 0x00, 0x19,
    0xFF, 0xFE, 0x80, 0x00, 0x00, 0x00, 0x00, 0x00, 0x01, 0x22, 0x00, 0x00,
    0x00, 0x00, 0x00, 0x00, 0x00, 0x00, 0x00, 0x00, 0x00, 0x07, 0x70, 0x00,
    0x00, 0x00, 0x00, 0x00, 0x00, 0x01, 0x66, 0x10, 0x00, 0x00, 0x00, 0x00,
    0x00, 0x01, 0xD7, 0x7A, 0x00, 0x00, 0x00, 0x00, 0x00, 0x00, 0x05, 0x11,
    0x30, 0x00, 0x00, 0x00, 0x00, 0x00, 0x00, 0x00, 0x00, 0x39, 0x00, 0x30,
    0x00, 0x00, 0x55, 0x00, 0x2D, 0x04, 0xE0, 0x0D, 0x50, 0x00, 0x08, 0xC0,
    0x03, 0xF0, 0x3E, 0x01, 0xF2, 0x00, 0x00, 0x5F, 0x84, 0xAF, 0x79, 0xB0,
    0x2F, 0x00, 0x00, 0x03, 0xFC, 0xEA, 0x4E, 0xE3, 0x01, 0xF3, 0x00, 0x00,
    0x6D, 0x00, 0x00, 0x00, 0x00, 0x0A, 0xC4, 0x11, 0x5E, 0x70, 0x00, 0x00,
    0x00, 0x00, 0x19, 0xFF, 0xFE, 0x80, 0x00, 0x00, 0x00, 0x00, 0x00, 0x01,
    0x22, 0x00, 0x00, 0x00, 0x00, 0x00, 0x00, 0x00, 0x00, 0x00, 0x00, 0x00,
    0x00, 0x00, 0x00, 0x00, 0x00, 0x00, 0x00, 0x00, 0x00, 0x06, 0xDF, 0xB2,
    0x00, 0x00, 0x00, 0x01, 0x20, 0x0A, 0xE6, 0x4A, 0xC0, 0xB4, 0x00, 0x00,
    0xA9, 0x08, 0xD2, 0x00, 0x4E, 0x1F, 0x20, 0x00, 0x05, 0xF7, 0xF5, 0x45,
    0x7D, 0x92, 0xF0, 0x00, 0x00, 0x3F, 0xCE, 0xFF, 0xEB, 0x60, 0x1F, 0x20,
    0x00, 0x05, 0xD0, 0x00, 0x00, 0x00, 0x00, 0xBC, 0x31, 0x15, 0xD7, 0x00,
    0x00, 0x00, 0x00, 0x01, 0xAF, 0xFF, 0xE8, 0x00, 0x00, 0x00, 0x00, 0x00,
    0x00, 0x13, 0x20, 0x00, 0x00, 0x00, 0x00, 0x00, 0x00, 0x00, 0x00, 0x00,
    0x00, 0x00, 0x00, 0x10, 0x00, 0x00, 0x00, 0x00, 0x00, 0x00, 0x00, 0x9D,
    0x00, 0x00, 0x00, 0x00, 0x00, 0x00, 0x00, 0x02, 0x40, 0x00, 0x00, 0x00,
    0x00, 0x00, 0x00, 0x00, 0x00, 0x00, 0x00, 0x00, 0x00, 0x00, 0x00, 0x00,
    0x6D, 0xFB, 0x20, 0x00, 0x00, 0x00, 0x12, 0x00, 0xAE, 0x64, 0xAC, 0x0B,
    0x40, 0x00, 0x0A, 0x90, 0x8D, 0x20, 0x04, 0xE1, 0xF2, 0x00, 0x00, 0x5F,
    0x7F, 0x54, 0x57, 0xD9, 0x2F, 0x00, 0x00, 0x03, 0xFC, 0xEF, 0xFE, 0xB6,
    0x01, 0xF2, 0x00, 0x00, 0x5D, 0x00, 0x00, 0x00, 0x00, 0x0B, 0xC3, 0x11,
    0x5D, 0x70, 0x00, 0x00, 0x00, 0x00, 0x1A, 0xFF, 0xFE, 0x80, 0x00, 0x00,
    0x00, 0x00, 0x00, 0x01, 0x32, 0x00, 0x00, 0x00, 0x00, 0x00, 0x00, 0x00,
    0x3F, 0x00, 0x00, 0x00, 0x00, 0x3F, 0x00, 0x00, 0x00, 0x00, 0x3F, 0x00,
    0x00, 0x00, 0x00, 0x3F, 0x00, 0x00, 0x00, 0x00, 0x3F, 0x18, 0xEF, 0xB2,
    0x00, 0x3F, 0xCD, 0x64, 0xAC, 0x00, 0x3F, 0xA1, 0x00, 0x4E, 0x14, 0x9D,
    0x44, 0x58, 0xD9, 0x3F, 0xFF, 0xFF, 0xEB, 0x60, 0x00, 0x3F, 0x00, 0x12,
    0x00, 0x00, 0x3F, 0x00, 0xAD, 0x10, 0x00, 0x3F, 0x00, 0x24, 0x00, 0x00,
    0x3F, 0x00, 0x00, 0x00, 0x00, 0x3F, 0x18, 0xEF, 0xB2, 0x00, 0x3F, 0xCD,
    0x64, 0xAC, 0x00, 0x3F, 0xA1, 0x00, 0x4E, 0x14, 0x9D, 0x44, 0x58, 0xD9,
    0x3F, 0xFF, 0xFF, 0xEB, 0x60, 0x00, 0x00, 0x00, 0x00, 0x00, 0x01, 0x9F,
    0xD8, 0x10, 0x00, 0xAA, 0x45, 0xA1, 0x00, 0x0F, 0x10, 0x00, 0x00, 0x00,
    0xD5, 0x00, 0x00, 0x00, 0x08, 0xFD, 0xFF, 0x50, 0x05, 0xFB, 0x64, 0x31,
    0x00, 0xE7, 0x00, 0x00, 0x00, 0x2F, 0x10, 0x00, 0x00, 0x01, 0xF2, 0x00,
    0x00, 0x00, 0x0A, 0xC4, 0x11, 0x36, 0x00, 0x19, 0xEF, 0xFF, 0xB0, 0x00,
    0x00, 0x22, 0x10, 0x00, 0x00, 0x00, 0x00, 0x00, 0x00, 0x00, 0x4D, 0x20,
    0x00, 0x00, 0x02, 0xA1, 0x00, 0x00, 0x00, 0x00, 0x00, 0x00, 0x00, 0x19,
    0xFD, 0x81, 0x00, 0x0A, 0xA4, 0x5A, 0x10, 0x00, 0xF1, 0x00, 0x00, 0x00,
    0x0D, 0x50, 0x00, 0x00, 0x00, 0x8F, 0xDF, 0xF5, 0x00, 0x5F, 0xB6, 0x43,
    0x10, 0x0E, 0x70, 0x00, 0x00, 0x02, 0xF1, 0x00, 0x00, 0x00, 0x1F, 0x20,
    0x00, 0x00, 0x00, 0xAC, 0x41, 0x13, 0x60, 0x01, 0x9E, 0xFF, 0xFB, 0x00,
    0x00, 0x02, 0x21, 0x00, 0x00, 0x7B, 0x00, 0x00, 0x00, 0x01, 0xA7, 0x40,
    0x00, 0x00, 0x01, 0x31, 0x32, 0xBF, 0xA0, 0x02, 0x00, 0x0B, 0xA4, 0x30,
    0x0D, 0x50, 0x1F, 0x20, 0x00, 0x1F, 0x20, 0x2F, 0x43, 0x10, 0x2F, 0x00,
    0x0B, 0xFF, 0xB0, 0x1F, 0x30, 0x00, 0x04, 0xE0, 0x0A, 0xC3, 0x12, 0x5C,
    0xA0, 0x01, 0xAF, 0xFF, 0xE8, 0x00, 0x00, 0x01, 0x32, 0x00, 0x00, 0x44,
    0x44, 0xFF, 0xFF, 0x00, 0x00, 0x00, 0x00, 0x00, 0x00, 0x00, 0x00, 0x00,
    0x00, 0x9A, 0x00, 0x00, 0x00, 0x00, 0x00, 0x56, 0x00, 0x00, 0x00, 0x00,
    0x00, 0x00, 0x00, 0x00, 0x00, 0x00, 0x04, 0xDE, 0x70, 0x00, 0x00, 0x00,
    0x0D, 0x84, 0xE4, 0x0C, 0x20, 0x00, 0x2F, 0x20, 0x8A, 0x2F, 0x00, 0x00,
    0x0B, 0xFF, 0xFC, 0x1F, 0x30, 0x00, 0x00, 0x23, 0x6C, 0x0B, 0xE7, 0x54,
    0x44, 0x45, 0xCA, 0x00, 0x7B, 0xEF, 0xFF, 0xFE, 0xB2, 0x00, 0x00, 0x86,
    0x3A, 0x10, 0x00, 0x00, 0x86, 0x3A, 0x10, 0x00, 0x00, 0x00, 0x00, 0x00,
    0x00, 0x00, 0x3D, 0xF9, 0x00, 0x06, 0x20, 0xD8, 0x5D, 0x60, 0x0E, 0x32,
    0xF2, 0x07, 0xB0, 0x1F, 0x10, 0xBF, 0xFF, 0xE0, 0x2F, 0x10, 0x02, 0x35,
    0xE0, 0x1F, 0x40, 0x00, 0x08, 0xC0, 0x09, 0xD4, 0x11, 0x6E, 0x60, 0x01,
    0xAF, 0xFF, 0xE7, 0x00, 0x00, 0x01, 0x32, 0x00, 0x00, 0x00, 0x00, 0x00,
    0x00, 0x03, 0xF0, 0x00, 0x00, 0x03, 0xC4, 0x03, 0xF0, 0x00, 0x00, 0x0C,
    0x61, 0x03, 0xF0, 0x00, 0x00, 0x0A, 0x80, 0x03, 0xF0, 0x0B, 0x10, 0x01,
    0x76, 0x03, 0xF0, 0x2F, 0x00, 0x3F, 0xF4, 0x03, 0xF0, 0x1F, 0x20, 0x03,
    0x10, 0x04, 0xE0, 0x0B, 0xD7, 0x44, 0x44, 0x6C, 0xB0, 0x01, 0x7C, 0xEF,
    0xFF, 0xDA, 0x20, 0x00, 0x00, 0x00, 0x3F, 0x00, 0x00, 0x00, 0x03, 0xF0,
    0x00, 0x00, 0x00, 0x3F, 0x00, 0x00, 0x00, 0x03, 0xF0, 0x00, 0x00, 0x00,
    0x3F, 0x00, 0x00, 0x00, 0x03, 0xF0, 0x05, 0x10, 0x00, 0x3F, 0x00, 0xE4,
    0x00, 0x03, 0xF0, 0x1F, 0x10, 0x00, 0x3F, 0x02, 0xF0, 0x00, 0x03, 0xE0,
    0x1F, 0x20, 0x00, 0x6C, 0x00, 0xBB, 0x21, 0x4D, 0x70, 0x02, 0xBF, 0xFF,
    0x90, 0x00, 0x00, 0x13, 0x10, 0x00, 0x00, 0x00, 0x00, 0x00, 0x00, 0x03,
    0xCF, 0xB1, 0x00, 0x0D, 0xA4, 0xBA, 0x00, 0x6E, 0x10, 0x4E, 0x09, 0xFF,
    0xA5, 0x9D, 0x1F, 0x65, 0xAE, 0xD4, 0x2F, 0x00, 0x00, 0x00, 0x3F, 0x00,
    0x00, 0x00, 0x3F, 0x00, 0x00, 0x00, 0x3F, 0x00, 0x00, 0x00, 0x00, 0x00,
    0x51, 0x00, 0x00, 0x00, 0x1D, 0x80, 0x00, 0x07, 0x30, 0x20, 0x08, 0x70,
    0xE4, 0x00, 0x00, 0x7C, 0x2F, 0x10, 0x00, 0x04, 0xE2, 0xF0, 0x00, 0x00,
    0x3E, 0x0F, 0x30, 0x00, 0x06, 0xC0, 0x9D, 0x41, 0x15, 0xE6, 0x01, 0x9F,
    0xFF, 0xE7, 0x00, 0x00, 0x12, 0x20, 0x00, 0x00, 0x00, 0x00, 0x00, 0x08,
    0xB1, 0x00, 0x02, 0xEE, 0xC1, 0x00, 0xB9, 0x1C, 0x90, 0x2F, 0x10, 0x4E,
    0x01, 0xF7, 0x49, 0xC0, 0x05, 0xDE, 0xC3, 0x00, 0x00, 0x00, 0x00, 0x02,
    0xDF, 0x90, 0x0C, 0x94, 0xD7, 0x2F, 0x10, 0x5C, 0x1F, 0x74, 0x7E, 0x06,
    0xDF, 0xEE, 0x00, 0x00, 0x7B, 0x00, 0x06, 0xE3, 0x09, 0xDE, 0x40, 0x07,
    0x51, 0x00, 0x00, 0x00, 0x00, 0x00, 0x00, 0x00, 0x00, 0x02, 0xBF, 0xA0,
    0x02, 0x00, 0x0B, 0xA4, 0x30, 0x0D, 0x50, 0x1F, 0x20, 0x00, 0x1F, 0x20,
    0x2F, 0x43, 0x10, 0x2F, 0x00, 0x0B, 0xFF, 0xB0, 0x1F, 0x30, 0x00, 0x04,
    0xE0, 0x0A, 0xC3, 0x12, 0x5C, 0xA0, 0x01, 0xAF, 0xFF, 0xE8, 0x00, 0x00,
    0x01, 0x32, 0x00, 0x00, 0x00, 0x00, 0x00, 0x00, 0x00, 0x00, 0x00, 0x02,
    0xBF, 0xA0, 0x02, 0x00, 0x0B, 0xA4, 0x30, 0x0D, 0x50, 0x1F, 0x20, 0x00,
    0x1F, 0x20, 0x2F, 0x43, 0x10, 0x2F, 0x00, 0x0B, 0xFF, 0xB0, 0x1F, 0x30,
    0x00, 0x04, 0xE0, 0x0A, 0xC3, 0x12, 0x5C, 0xA0, 0x01, 0xAF, 0xFF, 0xE8,
    0x00, 0x00, 0x01, 0x32, 0x00, 0x00, 0x00, 0x06, 0x63, 0x70, 0x00, 0x00,
    0x08, 0x84, 0x90, 0x00, 0x00, 0x00, 0x00, 0x00, 0x00, 0x00, 0x00, 0x01,
    0x00, 0x00, 0x00, 0x49, 0x80, 0x00, 0x00, 0x06, 0x58, 0x00, 0x00, 0x00,
    0xA6, 0x10, 0x00, 0x00, 0x00, 0x00, 0x00, 0x00, 0x01, 0x88, 0x20, 0x00,
    0x07, 0x20, 0x02, 0x70, 0x02, 0x00, 0x00, 0x00, 0x20, 0xA0, 0x00, 0x00,
    0x0A, 0x02, 0x00, 0x00, 0x00, 0x20, 0x07, 0x20, 0x02, 0x70, 0x00, 0x02,
    0x77, 0x10, 0x00, 0x00, 0x00, 0x00, 0x00, 0x00, 0x04, 0xE4, 0x00, 0x00,
    0x5D, 0x76, 0x10, 0x00, 0x01, 0x91, 0xC5, 0x00, 0x00, 0x06, 0x73, 0x00,
    0x00, 0x00, 0x00, 0x00, 0x00, 0x00, 0x00, 0x18, 0x82, 0x00, 0x00, 0x72,
    0x00, 0x27, 0x00, 0x20, 0x00, 0x00, 0x02, 0x0A, 0x00, 0x00, 0x00, 0xA0,
    0x20, 0x00, 0x00, 0x02, 0x00, 0x72, 0x00, 0x27, 0x00, 0x00, 0x27, 0x71,
    0x00, 0x00, 0x00, 0x18, 0x82, 0x00, 0x00, 0x72, 0x00, 0x27, 0x00, 0x20,
    0x00, 0x00, 0x02, 0x0A, 0x00, 0x00, 0x00, 0xA0, 0x20, 0x00, 0x00, 0x02,
    0x00, 0x72, 0x00, 0x27, 0x00, 0x00, 0x27, 0x71, 0x00, 0x00, 0x00, 0x00,
    0x00, 0x00, 0x00, 0x00, 0x59, 0x00, 0x00, 0x00, 0xA5, 0x40, 0x00, 0x00,
    0x07, 0xA5, 0x00, 0x00, 0x00, 0x20, 0x00, 0x00, 0x00, 0x00, 0x17, 0x00,
    0x00, 0x00, 0x99, 0x30, 0x00, 0x00, 0x01, 0x00, 0x00, 0x00, 0x01, 0x88,
    0x20, 0x00, 0x07, 0x20, 0x02, 0x70, 0x02, 0x00, 0x00, 0x00, 0x20, 0xA0,
    0x00, 0x00, 0x0A, 0x02, 0x00, 0x00, 0x00, 0x20, 0x07, 0x20, 0x02, 0x70,
    0x00, 0x02, 0x77, 0x10, 0x00, 0x00, 0x00, 0x00, 0x00, 0x00, 0x00, 0x9E,
    0x30, 0x00, 0x00, 0x09, 0xA7, 0x00, 0x00, 0x00, 0x6C, 0x60, 0x00, 0x00,
    0x48, 0x81, 0x00, 0x00, 0x02, 0x10, 0x00, 0x00, 0x00, 0x18, 0x82, 0x00,
    0x00, 0x72, 0x00, 0x27, 0x00, 0x20, 0x00, 0x00, 0x02, 0x0A, 0x00, 0x00,
    0x00, 0xA0, 0x20, 0x00, 0x00, 0x02, 0x00, 0x72, 0x00, 0x27, 0x00, 0x00,
    0x27, 0x71, 0x00, 0x00, 0x00, 0x18, 0x82, 0x00, 0x00, 0x72, 0x00, 0x27,
    0x00, 0x20, 0x00, 0x00, 0x02, 0x0A, 0x00, 0x00, 0x00, 0xA0, 0x20, 0x00,
    0x00, 0x02, 0x00, 0x72, 0x00, 0x27, 0x00, 0x00, 0x27, 0x71, 0x00, 0x00,
    0x00, 0x00, 0x00, 0x00, 0x00, 0x00, 0x03, 0x00, 0x00, 0x00, 0x6A, 0x70,
    0x00, 0x00, 0x04, 0x00, 0x00, 0x00, 0x00, 0x00, 0x21, 0x60, 0x00, 0x00,
    0x89, 0x5C, 0x00, 0x00, 0x0D, 0xBD, 0xC0, 0x00, 0x00, 0x11, 0x11, 0x00,
    0x00, 0x00, 0x00, 0x00, 0x00, 0x01, 0x88, 0x20, 0x00, 0x07, 0x20, 0x02,
    0x70, 0x02, 0x00, 0x00, 0x00, 0x20, 0xA0, 0x00, 0x00, 0x0A, 0x02, 0x00,
    0x00, 0x00, 0x20, 0x07, 0x20, 0x02, 0x70, 0x00, 0x02, 0x77, 0x10, 0x00,
    0x00, 0x00, 0x00, 0x00, 0x00, 0x00, 0x09, 0xE2, 0x00, 0x00, 0x00, 0xE5,
    0x70, 0x00, 0x00, 0x0B, 0xF4, 0x00, 0x00, 0x00, 0x02, 0x00, 0x00, 0x00,
    0x00, 0x00, 0x00, 0x00, 0x18, 0x82, 0x00, 0x00, 0x72, 0x00, 0x27, 0x00,
    0x20, 0x00, 0x00, 0x02, 0x0A, 0x00, 0x00, 0x00, 0xA0, 0x20, 0x00, 0x00,
    0x02, 0x00, 0x72, 0x00, 0x27, 0x00, 0x00, 0x27, 0x71, 0x00, 0x00, 0x00,
    0x00, 0x01, 0x00, 0x00, 0x06, 0xEF, 0xE2, 0x00, 0x00, 0x53, 0x31, 0x00,
    0x00, 0x00, 0x00, 0x00, 0x00, 0x00, 0x18, 0x82, 0x00, 0x00, 0x72, 0x00,
    0x27, 0x00, 0x20, 0x00, 0x00, 0x02, 0x0A, 0x00, 0x00, 0x00, 0xA0, 0x20,
    0x00, 0x00, 0x02, 0x00, 0x72, 0x00, 0x27, 0x00, 0x00, 0x27, 0x71, 0x00,
    0x00, 0x00, 0x00, 0x00, 0x00, 0x00, 0x00, 0x9E, 0x20, 0x00, 0x00, 0x0C,
    0x41, 0x00, 0x00, 0x00, 0xA9, 0x50, 0x00, 0x00, 0x19, 0x30, 0x00, 0x00,
    0x00, 0x00, 0x00, 0x00, 0x00, 0x18, 0x82, 0x00, 0x00, 0x72, 0x00, 0x27,
    0x00, 0x20, 0x00, 0x00, 0x02, 0x0A, 0x00, 0x00, 0x00, 0xA0, 0x20, 0x00,
    0x00, 0x02, 0x00, 0x72, 0x00, 0x27, 0x00, 0x00, 0x27, 0x71, 0x00, 0x00,
    0x00, 0x18, 0x82, 0x00, 0x00, 0x72, 0x00, 0x27, 0x00, 0x20, 0x00, 0x00,
    0x02, 0x0A, 0x00, 0x00, 0x00, 0xA0, 0x20, 0x00, 0x00, 0x02, 0x00, 0x72,
    0x00, 0x27, 0x00, 0x00, 0x27, 0x71, 0x00, 0x00, 0x00, 0x00, 0x00, 0x00,
    0x00, 0x09, 0xE2, 0x00, 0x00, 0x00, 0xC4, 0x10, 0x00, 0x00, 0x0A, 0x95,
    0x00, 0x00, 0x01, 0x93, 0x00, 0x00, 0x00, 0x18, 0x82, 0x00, 0x00, 0x72,
    0x00, 0x27, 0x00, 0x20, 0x00, 0x00, 0x02, 0x0A, 0x00, 0x00, 0x00, 0xA0,
    0x20, 0x00, 0x00, 0x02, 0x00, 0x72, 0x00, 0x27, 0x00, 0x00, 0x27, 0x71,
    0x00, 0x00, 0x00, 0x00, 0x00, 0x00, 0x00, 0x00, 0x20, 0x00, 0x00, 0x00,
    0x3F, 0x00, 0x00, 0x00, 0x03, 0xF0, 0x00, 0x00, 0x00, 0x00, 0x68, 0x10,
    0x00, 0x00, 0x57, 0x10, 0x00, 0x00, 0x0A, 0xD7, 0x00, 0x00, 0x00, 0x7B,
    0x20, 0x00, 0x00, 0x00, 0x00, 0x00, 0x00, 0x00, 0x00, 0x00, 0x00, 0x00,
    0x18, 0x82, 0x00, 0x00, 0x72, 0x00, 0x27, 0x00, 0x20, 0x00, 0x00, 0x02,
    0x0A, 0x00, 0x00, 0x00, 0xA0, 0x20, 0x00, 0x00, 0x02, 0x00, 0x72, 0x00,
    0x27, 0x00, 0x00, 0x27, 0x71, 0x00, 0x00, 0x00, 0x65, 0x29, 0x00, 0x00,
    0x02, 0xEF, 0x60, 0x00, 0x00, 0x01, 0x20, 0x00, 0x00, 0x00, 0x00, 0x00,
    0x00, 0x00, 0x18, 0x82, 0x00, 0x00, 0x72, 0x00, 0x27, 0x00, 0x20, 0x00,
    0x00, 0x02, 0x0A, 0x00, 0x00, 0x00, 0xA0, 0x20, 0x00, 0x00, 0x02, 0x00,
    0x72, 0x00, 0x27, 0x00, 0x00, 0x27, 0x71, 0x00, 0x00, 0x00, 0x11, 0x21,
    0x00, 0x00, 0x02, 0x89, 0x10, 0x00, 0x00, 0x09, 0x80, 0x00, 0x00, 0x00,
    0x00, 0x00, 0x00, 0x00, 0x00, 0x00, 0x00, 0x00, 0x01, 0x88, 0x20, 0x00,
    0x07, 0x20, 0x02, 0x70, 0x02, 0x00, 0x00, 0x00, 0x20, 0xA0, 0x00, 0x00,
    0x0A, 0x02, 0x00, 0x00, 0x00, 0x20, 0x07, 0x20, 0x02, 0x70, 0x00, 0x02,
    0x77, 0x10, 0x00, 0x00, 0x09, 0x80, 0x00, 0x00, 0x02, 0x89, 0x10, 0x00,
    0x00, 0x21, 0x21, 0x00, 0x00, 0x00, 0x00, 0x00, 0x00, 0x00, 0x18, 0x82,
    0x00, 0x00, 0x72, 0x00, 0x27, 0x00, 0x20, 0x00, 0x00, 0x02, 0x0A, 0x00,
    0x00, 0x00, 0xA0, 0x20, 0x00, 0x00, 0x02, 0x00, 0x72, 0x00, 0x27, 0x00,
    0x00, 0x27, 0x71, 0x00, 0x00, 0x00, 0x71, 0x00, 0x8F, 0xC0, 0x01, 0xC4,
    0x00, 0x00, 0x00, 0x00, 0x00, 0x00, 0x00, 0x00, 0x2E, 0x10, 0x0D, 0x50,
    0x09, 0x80, 0x06, 0xB0, 0x05, 0xD0, 0x03, 0xE0, 0x03, 0xE0, 0x03, 0xF0,
    0x03, 0xF0, 0x2B, 0x00, 0x03, 0xC0, 0xD5, 0x00, 0x3E, 0x09, 0xD3, 0x19,
    0xB0, 0x6F, 0xFF, 0xE4, 0x05, 0xD2, 0x31, 0x00, 0x3E, 0x00, 0x00, 0x03,
    0xF0, 0x00, 0x00, 0x3F, 0x00, 0x00, 0x03, 0xF0, 0x00, 0x00, 0x2C, 0x00,
    0x17, 0x03, 0xC0, 0xD5, 0x03, 0xF0, 0x3E, 0x09, 0xD1, 0x6F, 0x47, 0xC0,
    0x6F, 0xFE, 0x9F, 0xF5, 0x05, 0xE3, 0x10, 0x22, 0x00, 0x3F, 0x00, 0x00,
    0x00, 0x03, 0xF0, 0x00, 0x00, 0x00, 0x3F, 0x00, 0x00, 0x00, 0x03, 0xF0,
    0x00, 0x00, 0x00, 0x00, 0x00, 0x00, 0x00, 0x04, 0xCF, 0x50, 0x01, 0xE8,
    0x31, 0x00, 0x2F, 0x10, 0x00, 0x00, 0xBD, 0xA0, 0x00, 0x05, 0xEA, 0x00,
    0x08, 0xB2, 0x00, 0x01, 0xF2, 0x00, 0x00, 0x1F, 0x84, 0x35, 0x10, 0x4C,
    0xEE, 0xD2, 0x00, 0x00, 0x00, 0x00, 0x06, 0xED, 0x40, 0x04, 0xE5, 0x7E,
    0x20, 0xB8, 0x00, 0xB8, 0x0F, 0x30, 0x06, 0xC2, 0xF0, 0x00, 0x3E, 0x1F,
    0x10, 0x04, 0xD0, 0xCB, 0x45, 0xD9, 0x02, 0xBE, 0xE9, 0x10, 0x32, 0x01,
    0x41, 0x0B, 0xFF, 0xFF, 0x10, 0x02, 0x34, 0xF0, 0x00, 0x00, 0x3F, 0x00,
    0x00, 0x03, 0xF0, 0x00, 0x00, 0x3F, 0x00, 0x00, 0x03, 0xF0, 0x00, 0x00,
    0x3F, 0x10, 0x00, 0x02, 0xF2, 0x00, 0x00, 0x1F, 0x30, 0x00, 0x00, 0x00,
    0x00, 0x3D, 0x10, 0x00, 0xB6, 0x0D, 0x60, 0x03, 0xF2, 0x06, 0xD0, 0x09,
    0xA0, 0x01, 0xE3, 0x1E, 0x30, 0x00, 0x99, 0x5D, 0x00, 0x00, 0x4D, 0x98,
    0x00, 0x00, 0x1F, 0xE4, 0x00, 0x00, 0x0C, 0xF1, 0x00, 0x00, 0x09, 0xC0,
    0x00, 0x00, 0x09, 0xC0, 0x00, 0x00, 0x0C, 0xF1, 0x00, 0x00, 0x1F, 0xE4,
    0x00, 0x00, 0x4D, 0x98, 0x00, 0x00, 0x99, 0x5D, 0x00, 0x01, 0xE3, 0x1E,
    0x30, 0x06, 0xD0, 0x09, 0xA0, 0x0D, 0x60, 0x03, 0xF2, 0x3D, 0x10, 0x00,
    0xB6, 0x00, 0x00, 0x00, 0x00, 0x02, 0xCE, 0xA1, 0x00, 0xCA, 0x5E, 0x80,
    0x1F, 0x10, 0x7C, 0x01, 0xF3, 0x06, 0xE0, 0x09, 0xFF, 0xFF, 0x00, 0x01,
    0x34, 0xF0, 0x00, 0x00, 0x3F, 0x00, 0x00, 0x03, 0xF0, 0x00, 0x00, 0x3F,
    0x00, 0x00, 0x00, 0x12, 0x00, 0xCA, 0x07, 0xA0, 0x01, 0x10, 0xE3, 0x00,
    0x00, 0x6B, 0x00, 0x00, 0x0D, 0x40, 0x00, 0x05, 0xC0, 0x00, 0x00, 0xC5,
    0x00, 0x00, 0x4D, 0x00, 0x00, 0x0B, 0x60, 0xDA, 0x00, 0x70, 0x01, 0x10,
    0x00, 0x01, 0xA0, 0x00, 0x07, 0x90, 0x00, 0x1E, 0x20, 0x00, 0x79, 0x00,
    0x01, 0xD2, 0x00, 0x07, 0x90, 0x00, 0x1D, 0x20, 0x00, 0x49, 0x00, 0x00,
    0x00, 0x00, 0x00, 0x3F, 0x00, 0x4D, 0x00, 0x88, 0x00, 0x60, 0x00, 0x00,
    0x00, 0x10, 0x00, 0x00, 0x00, 0x09, 0x00, 0x00, 0x00, 0x02, 0xF2, 0x00,
    0x00, 0x4D, 0xFF, 0xFD, 0x40, 0x00, 0x1E, 0xFE, 0x10, 0x00, 0x02, 0xE9,
    0xE2, 0x00, 0x00, 0x42, 0x03, 0x40, 0x00, 0x00, 0x00, 0x00, 0x00, 0x00,
    0x00, 0x00, 0x00, 0x00, 0x0A, 0x10, 0x00, 0x00, 0x00, 0x4A, 0x2F, 0x00,
    0x00, 0x00, 0x00, 0x4E, 0x1F, 0x20, 0x00, 0x00, 0x00, 0x3E, 0x0B, 0xD7,
    0x54, 0x44, 0x45, 0xCB, 0x00, 0x7B, 0xEF, 0xFF, 0xED, 0x91, 0x00, 0x00,
    0x00, 0x00, 0x00, 0x00, 0x00, 0x3D, 0xF9, 0x00, 0x06, 0x20, 0xD8, 0x5D,
    0x60, 0x0E, 0x32, 0xF2, 0x07, 0xB0, 0x1F, 0x10, 0xBF, 0xFF, 0xE0, 0x2F,
    0x10, 0x02, 0x35, 0xE0, 0x1F, 0x40, 0x00, 0x08, 0xC0, 0x09, 0xD4, 0x11,
    0x6E, 0x60, 0x01, 0xAF, 0xFF, 0xE7, 0x00, 0x00, 0x01, 0x32, 0x00, 0x00,
    0x00, 0x00, 0x02, 0x00, 0x00, 0x00, 0x03, 0xF0, 0x00, 0x00, 0x00, 0x3F,
    0x00, 0x00, 0x00, 0x00, 0x00, 0x00, 0x00, 0x00, 0x00, 0x00, 0x00, 0x01,
    0x88, 0x20, 0x00, 0x07, 0x20, 0x02, 0x70, 0x02, 0x00, 0x00, 0x00, 0x20,
    0xA0, 0x00, 0x00, 0x0A, 0x02, 0x00, 0x00, 0x00, 0x20, 0x07, 0x20, 0x02,
    0x70, 0x00, 0x02, 0x77, 0x10, 0x00, 0x00, 0x00, 0x00, 0x1C, 0xD1, 0x1A,
    0x69, 0x45, 0xEF, 0xC1, 0x03, 0xF0, 0x00, 0x3F, 0x00, 0x03, 0xF0, 0x00,
    0x3F, 0x00, 0x03, 0xF0, 0x00, 0x3F, 0x00, 0x03, 0xF0, 0x00, 0x3F, 0x00,
    0x03, 0xF0, 0x00, 0x00, 0x00, 0x09, 0xE2, 0x0C, 0x41, 0x0A, 0x95, 0x19,
    0x30, 0x00, 0x00, 0x00, 0x00, 0x00, 0x00, 0x00, 0x00, 0x00, 0x00, 0x00,
    0x00, 0x00, 0x00, 0x00, 0x00, 0x3F, 0x00, 0x00, 0x00, 0x00, 0x00, 0x3F,
    0x7E, 0x50, 0x00, 0x00, 0x00, 0x3F, 0x88, 0x90, 0x00, 0x01, 0x00, 0xAC,
    0xA9, 0x20, 0x02, 0x1F, 0x20, 0x00, 0x00, 0x00, 0x5D, 0x2F, 0x00, 0x00,
    0x00, 0x00, 0x3E, 0x1F, 0x30, 0x00, 0x00, 0x00, 0x3E, 0x09, 0xE8, 0x54,
    0x44, 0x45, 0xCA, 0x00, 0x6B, 0xEF, 0xFF, 0xED, 0x91, 0x00, 0x00, 0x16,
    0x06, 0x10, 0x00, 0x00, 0x00, 0x6D, 0x3E, 0x50, 0x00, 0x0A, 0x10, 0x01,
    0x01, 0x00, 0x4A, 0x2F, 0x00, 0x00, 0x00, 0x00, 0x4E, 0x1F, 0x20, 0x00,
    0x00, 0x00, 0x3E, 0x0B, 0xD7, 0x54, 0x44, 0x45, 0xCB, 0x00, 0x7B, 0xEF,
    0xFF, 0xED, 0x91, 0x00, 0x00, 0x07, 0x5B, 0x00, 0x00, 0x00, 0x00, 0x09,
    0xF8, 0x00, 0x00, 0x00, 0x00, 0x00, 0x20, 0x00, 0x00, 0x0A, 0x10, 0x00,
    0x00, 0x00, 0x4A, 0x2F, 0x00, 0x00, 0x00, 0x00, 0x4E, 0x1F, 0x20, 0x00,
    0x00, 0x00, 0x3E, 0x0B, 0xD7, 0x54, 0x44, 0x45, 0xCB, 0x00, 0x7B, 0xEF,
    0xFF, 0xED, 0x91, 0x00, 0x00, 0x00, 0x00, 0x00, 0x00, 0x00, 0x00, 0x3D,
    0x2B, 0x70, 0x00, 0x00, 0x00, 0x17, 0x35, 0x20, 0x00, 0x00, 0x00, 0x02,
    0xE5, 0x00, 0x00, 0x00, 0x00, 0x00, 0x30, 0x00, 0x00, 0x00, 0x00, 0x00,
    0x00, 0x00, 0x00, 0x0A, 0xE0, 0x00, 0x00, 0x00, 0x2C, 0x40, 0x00, 0x00,
    0x00, 0x0B, 0x84, 0x00, 0x00, 0x00, 0x4B, 0x50, 0x00, 0x00, 0x00, 0x00,
    0x00, 0x00, 0x00, 0x05, 0xDD, 0xC7, 0x20, 0x00, 0x1A, 0x30, 0x29, 0xFD,
    0x90, 0x00, 0x04, 0xBF, 0xDA, 0x70, 0x00, 0x9F, 0x92, 0x00, 0x00, 0x07,
    0xE3, 0x00, 0x00, 0x00, 0x0E, 0x40, 0x00, 0x00, 0x00, 0x2F, 0x10, 0x00,
    0x00, 0x00, 0x1F, 0x30, 0x00, 0x00, 0x00, 0x0A, 0xD6, 0x21, 0x24, 0x70,
    0x00, 0x8E, 0xFF, 0xFE, 0xA0, 0x00, 0x00, 0x23, 0x20, 0x00, 0x00, 0x01,
    0x20, 0x00, 0x00, 0x00, 0x08, 0xD0, 0x00, 0x00, 0x00, 0x44, 0x37, 0x00,
    0x00, 0x00, 0xA9, 0x4D, 0x10, 0x00, 0x00, 0x00, 0x00, 0x00, 0x00, 0x05,
    0xDD, 0xC7, 0x20, 0x00, 0x1A, 0x30, 0x29, 0xFD, 0x90, 0x00, 0x04, 0xBF,
    0xDA, 0x70, 0x00, 0x9F, 0x92, 0x00, 0x00, 0x07, 0xE3, 0x00, 0x00, 0x00,
    0x0E, 0x40, 0x00, 0x00, 0x00, 0x2F, 0x10, 0x00, 0x00, 0x00, 0x1F, 0x30,
    0x00, 0x00, 0x00, 0x0A, 0xD6, 0x21, 0x24, 0x70, 0x00, 0x8E, 0xFF, 0xFE,
    0xA0, 0x00, 0x00, 0x23, 0x20, 0x00, 0x00, 0x00, 0x00, 0x00, 0x00, 0x05,
    0xDD, 0xC7, 0x20, 0x00, 0x1A, 0x30, 0x29, 0xFD, 0x90, 0x00, 0x04, 0xBF,
    0xDA, 0x70, 0x00, 0x9F, 0x92, 0x00, 0x00, 0x07, 0xE3, 0x40, 0x22, 0x00,
    0x0E, 0x42, 0xE4, 0xAA, 0x00, 0x2F, 0x10, 0x27, 0x41, 0x00, 0x1F, 0x30,
    0x0B, 0x50, 0x00, 0x0A, 0xD6, 0x21, 0x24, 0x70, 0x00, 0x8E, 0xFF, 0xFE,
    0xA0, 0x00, 0x00, 0x23, 0x20, 0x00, 0x01, 0x70, 0x00, 0x00, 0x3F, 0x00,
    0x00, 0x03, 0xF9, 0xA0, 0x00, 0x3F, 0x87, 0x00, 0x1B, 0xC9, 0x40, 0x00,
    0x00, 0x10, 0x00, 0x00, 0x7D, 0x30, 0x00, 0x01, 0x9E, 0x30, 0x00, 0x00,
    0x9B, 0x00, 0x00, 0x04, 0xE0, 0x25, 0x45, 0xCB, 0x04, 0xEF, 0xEA, 0x20,
    0x00, 0x41, 0x00, 0x00, 0x0A, 0xE5, 0x00, 0x00, 0x07, 0xF4, 0x00, 0x00,
    0x08, 0xC0, 0x00, 0x00, 0x4E, 0x02, 0x54, 0x6C, 0xB0, 0x4E, 0xFF, 0xA1,
    0x00, 0x29, 0x83, 0x00, 0x01, 0xEE, 0x20, 0x00, 0x01, 0x10, 0x00, 0x00,
    0x20, 0x00, 0x3F, 0x00, 0x03, 0xFA, 0x90, 0x8F, 0xB9, 0x1D, 0xDB, 0x40,
    0x00, 0x00, 0x00, 0x08, 0x00, 0x00, 0xD0, 0x00, 0x0E, 0x00, 0x01, 0xE0,
    0x00, 0x5B, 0x00, 0x3D, 0x40, 0x7F, 0x70, 0x02, 0x20, 0x00, 0x00, 0x06,
    0x80, 0x00, 0x05, 0xD0, 0x00, 0x03, 0xE0, 0x00, 0x03, 0xE0, 0x00, 0x06,
    0xB0, 0x00, 0x2D, 0x60, 0x07, 0xFF, 0x50, 0x08, 0xF6, 0x90, 0x00, 0x6F,
    0x60, 0x00, 0x02, 0x00, 0x00, 0x00, 0x20, 0x00, 0x08, 0xA0, 0x00, 0x04,
    0xD0, 0x00, 0x03, 0xE0, 0x00, 0x05, 0xD0, 0x00, 0x0B, 0x80, 0x03, 0xBD,
    0x10, 0x1E, 0xA2, 0x00, 0x03, 0x02, 0x00, 0x05, 0x5A, 0x00, 0x00, 0xC5,
    0x00, 0x00, 0x04, 0x60, 0x00, 0x06, 0xC0, 0x00, 0x04, 0xE0, 0x0A, 0x93,
    0xE0, 0x05, 0x57, 0xB0, 0x00, 0x3E, 0x50, 0x1A, 0xE8, 0x00, 0x08, 0x33,
    0x00, 0x00, 0x1E, 0x70, 0x00, 0x04, 0x10, 0x00, 0x02, 0x00, 0x00, 0x2F,
    0x30, 0x00, 0x54, 0x51, 0x04, 0xE2, 0xD5, 0x00, 0x10, 0x10, 0x00, 0x04,
    0x60, 0x00, 0x06, 0xC0, 0x00, 0x04, 0xE0, 0x00, 0x03, 0xE0, 0x00, 0x07,
    0xB0, 0x00, 0x3E, 0x50, 0x1A, 0xE8, 0x00, 0x08, 0x30, 0x00, 0x00, 0x00,
    0x00, 0x00, 0x00, 0x02, 0x40, 0x00, 0x00, 0x00, 0x00, 0x00, 0x00, 0x00,
    0xAC, 0x00, 0x00, 0x00, 0x00, 0x00, 0x00, 0x00, 0x00, 0x10, 0x00, 0x00,
    0x00, 0x00, 0x00, 0x00, 0x00, 0x00, 0x03, 0x90, 0x03, 0x00, 0x00, 0x05,
    0x50, 0x02, 0xD0, 0x4E, 0x00, 0xD5, 0x00, 0x00, 0x8C, 0x00, 0x3F, 0x03,
    0xE0, 0x1F, 0x20, 0x00, 0x05, 0xF8, 0x4A, 0xF7, 0x9B, 0x02, 0xF0, 0x00,
    0x00, 0x3F, 0xCE, 0xA4, 0xEE, 0x30, 0x1F, 0x30, 0x00, 0x06, 0xD0, 0x00,
    0x10, 0x00, 0x00, 0xAC, 0x41, 0x15, 0xE7, 0x00, 0x3D, 0x30, 0x00, 0x01,
    0x9F, 0xFF, 0xE8, 0x00, 0x00, 0x70, 0x00, 0x00, 0x00, 0x12, 0x20, 0x00,
    0x00, 0x00, 0x00, 0x00, 0x00, 0x00, 0x50, 0x00, 0x00, 0x00, 0x2E, 0x60,
    0x00, 0x00, 0x19, 0x26, 0x50, 0x00, 0x03, 0xB1, 0x98, 0x00, 0x00, 0x00,
    0x00, 0x00, 0x00, 0x01, 0x9F, 0xD8, 0x10, 0x00, 0xAA, 0x45, 0xA1, 0x00,
    0x0F, 0x10, 0x00, 0x00, 0x00, 0xD5, 0x00, 0x00, 0x00, 0x08, 0xFD, 0xFF,
    0x50, 0x05, 0xFB, 0x64, 0x31, 0x00, 0xE7, 0x00, 0x00, 0x00, 0x2F, 0x10,
    0x00, 0x00, 0x01, 0xF2, 0x00, 0x00, 0x00, 0x0A, 0xC4, 0x11, 0x36, 0x00,
    0x19, 0xEF, 0xFF, 0xB0, 0x00, 0x00, 0x22, 0x10, 0x00, 0x00, 0x00, 0x00,
    0x00, 0x00, 0x00, 0x00, 0x00, 0x00, 0x04, 0xDE, 0x70, 0x00, 0x00, 0x00,
    0x0D, 0x84, 0xE4, 0x0C, 0x20, 0x00, 0x2F, 0x20, 0x8A, 0x2F, 0x00, 0x00,
    0x0B, 0xFF, 0xFC, 0x1F, 0x30, 0x00, 0x00, 0x23, 0x6C, 0x0B, 0xE7, 0x54,
    0x44, 0x45, 0xCA, 0x00, 0x7B, 0xEF, 0xFF, 0xFE, 0xB2, 0x00, 0x00, 0x00,
    0x00, 0x12, 0x00, 0x00, 0x00, 0x00, 0x00, 0xAB, 0x00, 0x00, 0x00, 0x00,
    0x06, 0x33, 0x70, 0x00, 0x00, 0x00, 0x0B, 0x65, 0xC0, 0x00, 0x00, 0x00,
    0x00, 0x00, 0x00, 0x00, 0x00, 0x00, 0x04, 0xDE, 0x70, 0x00, 0x00, 0x00,
    0x0D, 0x84, 0xE4, 0x0C, 0x20, 0x00, 0x2F, 0x20, 0x8A, 0x2F, 0x00, 0x00,
    0x0B, 0xFF, 0xFC, 0x1F, 0x30, 0x00, 0x00, 0x23, 0x6C, 0x0B, 0xE7, 0x54,
    0x44, 0x45, 0xCA, 0x00, 0x7B, 0xEF, 0xFF, 0xFE, 0xB2, 0x00, 0x00, 0x00,
    0x00, 0x00, 0x15, 0x00, 0x00, 0x00, 0x00, 0x39, 0xEA, 0x00, 0x00, 0x00,
    0x4C, 0xE9, 0x30, 0x00, 0x00, 0x00, 0xAC, 0x10, 0x00, 0x00, 0x00, 0x00,
    0x2D, 0xC1, 0x00, 0x0B, 0x10, 0x00, 0x01, 0xAD, 0x10, 0x2F, 0x00, 0x00,
    0x00, 0x0A, 0xA0, 0x2F, 0x20, 0x00, 0x00, 0x03, 0xE0, 0x0B, 0xD7, 0x44,
    0x44, 0x5A, 0xC0, 0x01, 0x7C, 0xEF, 0xFF, 0xEA, 0x20, 0x00, 0x00, 0x00,
    0x00, 0x47, 0x00, 0x00, 0x00, 0x00, 0x01, 0x7D, 0xE7, 0x00, 0x00, 0x00,
    0x00, 0x6E, 0xC5, 0x00, 0x00, 0x00, 0x00, 0x06, 0xD5, 0x00, 0x00, 0x00,
    0x00, 0x00, 0x08, 0xFF, 0xFF, 0xFF, 0xDA, 0x30, 0x00, 0x00, 0x23, 0x33,
    0x33, 0x49, 0xD0, 0x06, 0x54, 0x44, 0x44, 0x44, 0x5A, 0xC0, 0x1A, 0xDF,
    0xFF, 0xFF, 0xFE, 0xC9, 0x20, 0x00, 0x00, 0x00, 0x00, 0x00, 0x01, 0x00,
    0x00, 0x00, 0x00, 0x04, 0xAC, 0x00, 0x00, 0x00, 0x17, 0xDF, 0xF7, 0x00,
    0x00, 0x00, 0xCD, 0x6E, 0x6C, 0x00, 0x00, 0x00, 0xAE, 0x4B, 0xF8, 0x00,
    0x00, 0x00, 0x0A, 0xF6, 0x20, 0x0A, 0x10, 0x00, 0x00, 0x7F, 0x40, 0x2F,
    0x00, 0x00, 0x00, 0x09, 0xC0, 0x2F, 0x20, 0x00, 0x00, 0x03, 0xE0, 0x0B,
    0xD7, 0x44, 0x44, 0x5B, 0xB0, 0x01, 0x7C, 0xEF, 0xFF, 0xEA, 0x20, 0x00,
    0x00, 0x06, 0x70, 0x00, 0x00, 0x00, 0x00, 0x04, 0x40, 0x03, 0xF0, 0x00,
    0x00, 0x03, 0xC4, 0x03, 0xF0, 0x00, 0x00, 0x0C, 0x61, 0x03, 0xF0, 0x00,
    0x00, 0x0A, 0x80, 0x03, 0xF0, 0x0B, 0x10, 0x01, 0x76, 0x03, 0xF0, 0x2F,
    0x00, 0x3F, 0xF4, 0x03, 0xF0, 0x1F, 0x20, 0x03, 0x10, 0x04, 0xE0, 0x0B,
    0xD7, 0x44, 0x44, 0x6C, 0xB0, 0x01, 0x7C, 0xEF, 0xFF, 0xDA, 0x20, 0x00,
    0x00, 0x00, 0x10, 0x00, 0x00, 0x00, 0x00, 0x06, 0xC0, 0x00, 0x00, 0x00,
    0x00, 0x36, 0x66, 0x00, 0x00, 0x00, 0x00, 0x56, 0x38, 0x03, 0xF0, 0x00,
    0x00, 0x03, 0xC4, 0x03, 0xF0, 0x00, 0x00, 0x0C, 0x61, 0x03, 0xF0, 0x00,
    0x00, 0x0A, 0x80, 0x03, 0xF0, 0x0B, 0x10, 0x01, 0x76, 0x03, 0xF0, 0x2F,
    0x00, 0x3F, 0xF4, 0x03, 0xF0, 0x1F, 0x20, 0x03, 0x10, 0x04, 0xE0, 0x0B,
    0xD7, 0x44, 0x44, 0x6C, 0xB0, 0x01, 0x7C, 0xEF, 0xFF, 0xDA, 0x20, 0x00,
    0x00, 0x00, 0x00, 0x00, 0x00, 0x00, 0x00, 0x00, 0x00, 0x01, 0x7B, 0x00,
    0x00, 0x00, 0x03, 0x9A, 0x45, 0x00, 0x00, 0x00, 0x08, 0x38, 0xED, 0x00,
    0x00, 0x00, 0x1A, 0xFA, 0x40, 0x00, 0x00, 0x00, 0x4F, 0x30, 0x00, 0x00,
    0x00, 0x00, 0x09, 0xE3, 0x00, 0x0B, 0x10, 0x00, 0x00, 0x8E, 0x20, 0x2F,
    0x00, 0x00, 0x00, 0x0A, 0xB0, 0x2F, 0x20, 0x00, 0x00, 0x03, 0xE0, 0x0B,
    0xD7, 0x44, 0x44, 0x5A, 0xC0, 0x01, 0x7C, 0xEF, 0xFF, 0xEA, 0x20, 0x00,
    0x00, 0x00, 0x00, 0x00, 0x01, 0x95, 0x53, 0xF0, 0x00, 0x09, 0xB0, 0x3F,
    0x00, 0x00, 0x23, 0x03, 0xF0, 0x00, 0x00, 0x00, 0x3F, 0x00, 0x00, 0x00,
    0x03, 0xF0, 0x00, 0x00, 0x00, 0x3F, 0x00, 0x51, 0x00, 0x03, 0xF0, 0x0E,
    0x40, 0x00, 0x3F, 0x01, 0xF1, 0x00, 0x03, 0xF0, 0x2F, 0x00, 0x00, 0x3E,
    0x01, 0xF2, 0x00, 0x06, 0xC0, 0x0B, 0xB2, 0x14, 0xD7, 0x00, 0x2B, 0xFF,
    0xF9, 0x00, 0x00, 0x01, 0x31, 0x00, 0x00, 0x00, 0x00, 0x00, 0x00, 0x00,
    0x73, 0x00, 0x00, 0x87, 0x0E, 0x40, 0x00, 0x07, 0xC2, 0xF1, 0x00, 0x00,
    0x4E, 0x2F, 0x00, 0x00, 0x03, 0xE0, 0xF3, 0x00, 0x00, 0x6C, 0x09, 0xD4,
    0x11, 0x5E, 0x60, 0x19, 0xFF, 0xFE, 0x70, 0x00, 0x01, 0x22, 0x00, 0x00,
    0x00, 0x00, 0x41, 0x00, 0x00, 0x00, 0x1E, 0x80, 0x00, 0x07, 0x20, 0x20,
    0x08, 0x70, 0xE4, 0x00, 0x00, 0x7C, 0x2F, 0x10, 0x00, 0x04, 0xE2, 0xF0,
    0x00, 0x00, 0x3E, 0x0F, 0x30, 0x00, 0x06, 0xC0, 0x9D, 0x41, 0x15, 0xE6,
    0x01, 0x9F, 0xFF, 0xE7, 0x00, 0x00, 0x3A, 0xE3, 0x00, 0x00, 0x02, 0xEE,
    0x20, 0x00, 0x00, 0x01, 0x10, 0x00, 0x00, 0x00, 0xA4, 0x00, 0x00, 0x00,
    0x19, 0x40, 0x00, 0x00, 0x2E, 0x3B, 0x90, 0x00, 0x00, 0x50, 0x32, 0x00,
    0x07, 0x30, 0x00, 0x08, 0x70, 0xE4, 0x00, 0x00, 0x7C, 0x2F, 0x10, 0x00,
    0x04, 0xE2, 0xF0, 0x00, 0x00, 0x3E, 0x0F, 0x30, 0x00, 0x06, 0xC0, 0x9D,
    0x41, 0x15, 0xE6, 0x01, 0x9F, 0xFF, 0xE7, 0x00, 0x00, 0x12, 0x20, 0x00,
    0x00, 0x00, 0x01, 0x00, 0x00, 0x00, 0x00, 0x04, 0xE7, 0x10, 0x00, 0x00,
    0x4D, 0xFF, 0xEE, 0x50, 0x00, 0x1F, 0x73, 0x9C, 0x5E, 0x70, 0x01, 0xF2,
    0x04, 0xD0, 0x4E, 0x03, 0x4B, 0xEA, 0xE7, 0x4A, 0xC0, 0x9F, 0xDB, 0x9C,
    0xEE, 0xB3, 0x00, 0x00, 0x00, 0x00, 0x00, 0x01, 0xCA, 0x00, 0x00, 0x68,
    0x20, 0x00, 0x08, 0x10, 0x00, 0x00, 0x7F, 0x90, 0x00, 0xAF, 0xF6, 0x00,
    0x01, 0x31, 0x00, 0x00, 0x07, 0x70, 0x00, 0x01, 0xCF, 0x90, 0x00, 0xAA,
    0x2D, 0x80, 0x1F, 0x10, 0x4E, 0x01, 0xF7, 0x49, 0xC0, 0x05, 0xDF, 0xC3,
    0x00, 0x00, 0x00, 0x00, 0x00, 0x08, 0xB1, 0x00, 0x02, 0xEE, 0xC1, 0x00,
    0xB9, 0x1C, 0x90, 0x2F, 0x10, 0x4E, 0x01, 0xF7, 0x49, 0xC0, 0x05, 0xDE,
    0xC3, 0x00, 0x00, 0x00, 0x00, 0x00, 0x08, 0xE2, 0x00, 0x00, 0xC4, 0x10,
    0x00, 0x0A, 0xA5, 0x00, 0x01, 0x61, 0x00, 0x00, 0x05, 0x50, 0x00, 0x00,
    0xCF, 0x80, 0x00, 0x9B, 0x3D, 0x70, 0x1F, 0x10, 0x4E, 0x01, 0xF7, 0x49,
    0xD0, 0x05, 0xDF, 0xC3, 0x00, 0x06, 0x83, 0xB1, 0x00, 0x58, 0x2A, 0x10,
    0x00, 0x00, 0x00, 0x00, 0x08, 0xB1, 0x00, 0x02, 0xEE, 0xC1, 0x00, 0xB9,
    0x1C, 0x90, 0x2F, 0x10, 0x4E, 0x01, 0xF7, 0x49, 0xC0, 0x05, 0xDE, 0xC3,
    0x00, 0x01, 0x81, 0x80, 0x00, 0x9A, 0x40, 0x00, 0x26, 0x00, 0x00, 0x00,
    0x00, 0x02, 0xDF, 0x90, 0x0C, 0x94, 0xD7, 0x2F, 0x10, 0x5C, 0x1F, 0x74,
    0x7E, 0x06, 0xDF, 0xEE, 0x00, 0x00, 0x7B, 0x00, 0x06, 0xE3, 0x09, 0xDE,
    0x40, 0x07, 0x51, 0x00, 0x00, 0x6E, 0x70, 0x00, 0x77, 0xC0, 0x00, 0x27,
    0x80, 0x02, 0x41, 0x00, 0x02, 0xDF, 0x90, 0x0C, 0x94, 0xD7, 0x2F, 0x10,
    0x5C, 0x1F, 0x74, 0x7E, 0x06, 0xDF, 0xEE, 0x00, 0x00, 0x7B, 0x00, 0x06,
    0xE3, 0x09, 0xDE, 0x40, 0x07, 0x51, 0x00, 0x00, 0x3F, 0x00, 0x00, 0x3F,
    0x00, 0x00, 0x02, 0x00, 0x00, 0x00, 0x00, 0x02, 0xDF, 0x90, 0x0C, 0x94,
    0xD7, 0x2F, 0x10, 0x5C, 0x1F, 0x74, 0x7E, 0x06, 0xDF, 0xEE, 0x00, 0x00,
    0x7B, 0x00, 0x06, 0xE3, 0x09, 0xDE, 0x40, 0x07, 0x51, 0x00, 0x00, 0x26,
    0x00, 0x00, 0x9A, 0x30, 0x01, 0x81, 0x80, 0x00, 0x00, 0x00, 0x02, 0xDF,
    0x90, 0x0C, 0x94, 0xD7, 0x2F, 0x10, 0x5C, 0x1F, 0x74, 0x7E, 0x06, 0xDF,
    0xEE, 0x00, 0x00, 0x7B, 0x00, 0x06, 0xE3, 0x09, 0xDE, 0x40, 0x07, 0x51,
    0x00, 0x00, 0x00, 0x00, 0x08, 0x93, 0xC2, 0x06, 0x62, 0xA1, 0x00, 0x00,
    0x00, 0x02, 0xDF, 0x90, 0x0C, 0x94, 0xD7, 0x2F, 0x10, 0x5C, 0x1F, 0x74,
    0x7E, 0x06, 0xDF, 0xEE, 0x00, 0x00, 0x7B, 0x00, 0x06, 0xE3, 0x09, 0xDE,
    0x40, 0x07, 0x51, 0x00, 0x00, 0x14, 0x00, 0x00, 0x8D, 0x10, 0x06, 0x52,
    0x91, 0x09, 0x72, 0xC2, 0x00, 0x00, 0x00, 0x02, 0xDF, 0x90, 0x0C, 0x94,
    0xD7, 0x2F, 0x10, 0x5C, 0x1F, 0x74, 0x7E, 0x06, 0xDF, 0xEE, 0x00, 0x00,
    0x7B, 0x00, 0x06, 0xE3, 0x09, 0xDE, 0x40, 0x07, 0x51, 0x00, 0x00, 0x00,
    0x00, 0x00, 0x00, 0x00, 0x00, 0x02, 0xBF, 0xA0, 0x02, 0x00, 0x0B, 0xA4,
    0x30, 0x0D, 0x50, 0x1F, 0x20, 0x00, 0x1F, 0x20, 0x2F, 0x43, 0x10, 0x2F,
    0x00, 0x0B, 0xFF, 0xB0, 0x1F, 0x30, 0x00, 0x04, 0xE0, 0x0A, 0xC3, 0x12,
    0x5C, 0xA0, 0x01, 0xAF, 0xFF, 0xE8, 0x00, 0x00, 0x01, 0x32, 0x00, 0x00,
    0x00, 0x00, 0x00, 0x00, 0x00, 0x00, 0x00, 0x00, 0x02, 0xCF, 0xA0, 0x00,
    0x30, 0x00, 0xBA, 0x43, 0x04, 0xDF, 0x50, 0x1F, 0x20, 0x00, 0x53, 0xF2,
    0x02, 0xF4, 0x31, 0x00, 0x2F, 0x00, 0x0B, 0xFF, 0xB0, 0x01, 0xF3, 0x00,
    0x00, 0x4E, 0x00, 0x0A, 0xC3, 0x12, 0x5C, 0xA0, 0x00, 0x1A, 0xFF, 0xFE,
    0x80, 0x00, 0x00, 0x01, 0x32, 0x00, 0x00, 0x06, 0x27, 0x10, 0x00, 0x00,
    0x02, 0xAA, 0x00, 0x00, 0x00, 0x00, 0x63, 0x02, 0xBF, 0xA0, 0x02, 0x00,
    0x0B, 0xA4, 0x30, 0x0D, 0x50, 0x1F, 0x20, 0x00, 0x1F, 0x20, 0x2F, 0x43,
    0x10, 0x2F, 0x00, 0x0B, 0xFF, 0xB0, 0x1F, 0x30, 0x00, 0x04, 0xE0, 0x0A,
    0xC3, 0x12, 0x5C, 0xA0, 0x01, 0xAF, 0xFF, 0xE8, 0x00, 0x00, 0x01, 0x32,
    0x00, 0x00, 0x00, 0x01, 0x00, 0x00, 0x8D, 0x10, 0x00, 0x37, 0x00, 0x00,
    0x00, 0x00, 0x02, 0xDF, 0x90, 0x0C, 0x94, 0xD7, 0x2F, 0x10, 0x5C, 0x1F,
    0x74, 0x7E, 0x06, 0xDF, 0xEE, 0x00, 0x00, 0x7B, 0x00, 0x06, 0xE3, 0x09,
    0xDE, 0x40, 0x07, 0x51, 0x00, 0x00, 0x00, 0x00, 0x00, 0x00, 0x00, 0x00,
    0x02, 0xBF, 0xA0, 0x02, 0x00, 0x0B, 0xA4, 0x30, 0x0D, 0x50, 0x1F, 0x20,
    0x00, 0x1F, 0x20, 0x2F, 0x43, 0x10, 0x2F, 0x00, 0x0B, 0xFF, 0xB0, 0x1F,
    0x30, 0x00, 0x04, 0xE0, 0x0A, 0xC3, 0x12, 0x5C, 0xA0, 0x01, 0xAF, 0xFF,
    0xE8, 0x00, 0x00, 0x01, 0x35, 0x00, 0x00, 0x00, 0x00, 0x9D, 0x00, 0x00,
    0x00, 0x00, 0x25, 0x00, 0x00, 0x00, 0x00, 0x9D, 0x00, 0x00, 0x00, 0x00,
    0x13, 0x00, 0x00, 0x00, 0x05, 0xE6, 0x00, 0x00, 0x00, 0x00, 0x01, 0xE7,
    0xE5, 0x00, 0x00, 0x00, 0x02, 0xC8, 0x04, 0x50, 0x00, 0x00, 0x00, 0xC8,
    0x00, 0x00, 0x00, 0x00, 0x00, 0x0D, 0xB6, 0x44, 0x44, 0x56, 0x79, 0x00,
    0x29, 0xCE, 0xFF, 0xFE, 0xDB, 0xA1, 0x00, 0x00, 0x00, 0x00, 0x00, 0x00,
    0x00, 0x00, 0x2D, 0x90, 0x00, 0x00, 0x00, 0x00, 0x07, 0x73, 0x00, 0x00,
    0x00, 0x00, 0x00, 0x3A, 0xA0, 0x00, 0x00, 0x00, 0x00, 0x07, 0x71, 0x00,
    0x00, 0x00, 0x00, 0x00, 0x04, 0x00, 0x00, 0x00, 0x00, 0x00, 0x09, 0xFA,
    0x00, 0x00, 0x00, 0x00, 0x04, 0xE3, 0xD6, 0x00, 0x00, 0x00, 0x03, 0xE5,
    0x03, 0x30, 0x00, 0x00, 0x00, 0xD6, 0x00, 0x00, 0x00, 0x00, 0x00, 0x0D,
    0xB6, 0x44, 0x44, 0x56, 0x89, 0x00, 0x28, 0xCE, 0xFF, 0xFE, 0xDB, 0x90,
    0x04, 0x43, 0x0F, 0xFD, 0x00, 0x00, 0x00, 0x00, 0x08, 0xB1, 0x00, 0x02,
    0xEE, 0xC1, 0x00, 0xB9, 0x1C, 0x90, 0x2F, 0x10, 0x4E, 0x01, 0xF7, 0x49,
    0xC0, 0x05, 0xDE, 0xC3, 0x00, 0x00, 0x00, 0x10, 0x43, 0xA0, 0x0C, 0x14,
    0xC1, 0xC4, 0xE0, 0x2F, 0x03, 0xFF, 0xCF, 0xB0, 0x1F, 0x36, 0xE2, 0x02,
    0x00, 0x0A, 0xFF, 0x70, 0x00, 0x00, 0x00, 0x23, 0x88, 0x20, 0x00, 0x00,
    0x72, 0x00, 0x27, 0x00, 0x02, 0x00, 0x00, 0x00, 0x20, 0x0A, 0x00, 0x00,
    0x00, 0xA0, 0x02, 0x00, 0x00, 0x00, 0x20, 0x00, 0x72, 0x00, 0x27, 0x00,
    0x00, 0x02, 0x77, 0x10, 0x00, 0x00, 0x00, 0x00, 0x00, 0x00, 0x00, 0x00,
    0x00, 0x00, 0x00, 0x02, 0x7C, 0xEF, 0xEC, 0x71, 0x00, 0x00, 0x00, 0xAE,
    0xEB, 0x51, 0x02, 0x6C, 0xFE, 0x90, 0x00, 0x0E, 0x3C, 0xFF, 0xFF, 0xFF,
    0xF9, 0x6E, 0x00, 0x02, 0xFF, 0xA0, 0x00, 0x00, 0x00, 0xDF, 0xE1, 0x00,
    0x9D, 0x20, 0x00, 0x00, 0x00, 0x01, 0x2E, 0x70, 0x0E, 0x60, 0x00, 0x00,
    0x00, 0x00, 0x00, 0x7B, 0x01, 0xF1, 0x00, 0x00, 0x00, 0x00, 0x00, 0x02,
    0xE0, 0x2F, 0x00, 0x00, 0x00, 0x00, 0x00, 0x00, 0x1F, 0x01, 0xF1, 0x00,
    0x00, 0x00, 0x00, 0x00, 0x02, 0xE0, 0x0D, 0x60, 0x00, 0x00, 0x00, 0x00,
    0x00, 0x7B, 0x00, 0x9D, 0x20, 0x00, 0x00, 0x00, 0x01, 0x3E, 0x70, 0x02,
    0xEF, 0xB0, 0x00, 0x00, 0x00, 0xDF, 0xE1, 0x00, 0x0E, 0x4C, 0xFF, 0xFF,
    0xFF, 0xF9, 0x6E, 0x00, 0x00, 0x9E, 0xEB, 0x51, 0x02, 0x6C, 0xEE, 0x90,
    0x00, 0x00, 0x02, 0x9E, 0xFF, 0xFE, 0x92, 0x00, 0x00, 0x00, 0x00, 0x00,
    0x02, 0x32, 0x00, 0x00, 0x00, 0x00, 0x00, 0x00, 0x00, 0x18, 0x00, 0x00,
    0x00, 0x00, 0x00, 0x01, 0x94, 0x70, 0x00, 0x00, 0x00, 0x3F, 0xFF, 0xFF,
    0xFF, 0xFF, 0x00, 0x00, 0x3F, 0x68, 0x33, 0x39, 0x7F, 0x00, 0x00, 0x4F,
    0x40, 0x00, 0x00, 0x7F, 0x10, 0x02, 0x9F, 0x00, 0x5E, 0x20, 0x3F, 0x81,
    0x0A, 0x3F, 0x00, 0xA8, 0x20, 0x3F, 0x29, 0x03, 0xAF, 0x00, 0x6F, 0x40,
    0x3F, 0x82, 0x00, 0x5F, 0x30, 0x02, 0x00, 0x5F, 0x20, 0x00, 0x3F, 0x55,
    0x00, 0x06, 0x6F, 0x00, 0x00, 0x3F, 0xFF, 0xFF, 0xFF, 0xFF, 0x00, 0x00,
    0x14, 0x44, 0xB5, 0xA4, 0x43, 0x00, 0x00, 0x00, 0x00, 0x2A, 0x10, 0x00,
    0x00, 0x00, 0x00, 0x00, 0x00, 0x00, 0x00, 0x00, 0x00, 0x01, 0xA1, 0x00,
    0x00, 0x1B, 0x39, 0x20, 0x01, 0xC5, 0x93, 0x72, 0x07, 0xD3, 0x5C, 0x19,
    0x00, 0xAB, 0xF2, 0xC4, 0x00, 0x3F, 0xF3, 0xF0, 0x00, 0x3F, 0xF3, 0xF0,
    0x00, 0x3F, 0xF3, 0xF0, 0x04, 0x95, 0xB1, 0x77, 0x0A, 0xFF, 0xFF, 0xFC,
    0x02, 0x33, 0x33, 0x33, 0x00, 0x00, 0x00, 0x06, 0xED, 0x30, 0x1F, 0x68,
    0xD0, 0x2F, 0x36, 0xE0, 0x08, 0xFF, 0x60, 0x00, 0x21, 0x00, 0x00, 0x00,
    0x2E, 0x10, 0x0D, 0x50, 0x09, 0x80, 0x06, 0xB0, 0x05, 0xD0, 0x03, 0xE0,
    0x03, 0xE0, 0x03, 0xF0, 0x03, 0xF0, 0x2B, 0x00, 0x03, 0xC0, 0xD5, 0x00,
    0x3E, 0x09, 0xD3, 0x19, 0xB0, 0x6F, 0xFF, 0xE4, 0x05, 0xD2, 0x31, 0x00,
    0x3E, 0x00, 0x00, 0x03, 0xF0, 0x00, 0x00, 0x3F, 0x00, 0x00, 0x03, 0xF0,
    0x00, 0x00, 0x2C, 0x00, 0x17, 0x03, 0xC0, 0xD5, 0x03, 0xF0, 0x3E, 0x09,
    0xD1, 0x6F, 0x47, 0xC0, 0x6F, 0xFE, 0x9F, 0xF5, 0x05, 0xE3, 0x10, 0x22,
    0x00, 0x3F, 0x00, 0x00, 0x00, 0x03, 0xF0, 0x00, 0x00, 0x00, 0x3F, 0x00,
    0x00, 0x00, 0x03, 0xF0, 0x00, 0x00, 0x00, 0x00, 0x00, 0x00, 0x00, 0x2D,
    0x01, 0xBF, 0xC1, 0x0D, 0x4A, 0xB4, 0x70, 0x09, 0xAF, 0x20, 0x00, 0x06,
    0xFF, 0x41, 0x22, 0x05, 0xDA, 0xFF, 0xF6, 0x03, 0xE0, 0x13, 0x20, 0x03,
    0xF0, 0x00, 0x00, 0x03, 0xF0, 0x00, 0x00, 0x03, 0xF0, 0x00, 0x00, 0x00,
    0x02, 0x00, 0x00, 0x00, 0x0C, 0xB0, 0x00, 0x00, 0x1D, 0xEA, 0x00, 0x00,
    0x9C, 0x2D, 0x70, 0x03, 0xF2, 0x04, 0xE2, 0x0A, 0x90, 0x00, 0xB8, 0x0F,
    0x30, 0x00, 0x5D, 0x2F, 0x03, 0xE0, 0x3E, 0x1F, 0x6A, 0xF8, 0x8D, 0x07,
    0xEC, 0x5D, 0xE5, 0x00, 0x00, 0x00, 0x00, 0x2C, 0xFC, 0x10, 0x0C, 0xB4,
    0x60, 0x02, 0xF1, 0x00, 0x00, 0x1E, 0x82, 0x3B, 0x10, 0x4C, 0xFF, 0xA1,
    0x00, 0x2E, 0x70, 0x00, 0x0C, 0x80, 0x00, 0x07, 0xC0, 0x00, 0x00, 0xE4,
    0x00, 0x00, 0x01, 0x00, 0x00, 0x00, 0x00, 0x00, 0x00, 0x00, 0x3D, 0x10,
    0x00, 0xB6, 0x0D, 0x60, 0x03, 0xF2, 0x06, 0xD0, 0x09, 0xA0, 0x01, 0xE3,
    0x1E, 0x30, 0x00, 0x99, 0x5D, 0x00, 0x00, 0x4D, 0x98, 0x00, 0x00, 0x1F,
    0xE4, 0x00, 0x00, 0x0C, 0xF1, 0x00, 0x00, 0x09, 0xC0, 0x00, 0x00, 0x09,
    0xC0, 0x00, 0x00, 0x0C, 0xF1, 0x00, 0x00, 0x1F, 0xE4, 0x00, 0x00, 0x4D,
    0x98, 0x00, 0x00, 0x99, 0x5D, 0x00, 0x01, 0xE3, 0x1E, 0x30, 0x06, 0xD0,
    0x09, 0xA0, 0x0D, 0x60, 0x03, 0xF2, 0x3D, 0x10, 0x00, 0xB6, 0x00, 0x00,
    0x00, 0x00, 0x02, 0xCE, 0xA1, 0x00, 0xCA, 0x5E, 0x80, 0x1F, 0x10, 0x7C,
    0x01, 0xF3, 0x06, 0xE0, 0x09, 0xFF, 0xFF, 0x00, 0x01, 0x34, 0xF0, 0x00,
    0x00, 0x3F, 0x00, 0x00, 0x03, 0xF0, 0x00, 0x00, 0x3F, 0x00, 0x00, 0x00,
    0x00, 0x00, 0x20, 0x00, 0x00, 0x00, 0x00, 0x07, 0xD1, 0x00, 0x00, 0x00,
    0x00, 0x01, 0x50, 0x15, 0x00, 0x00, 0x00, 0x00, 0x39, 0xEA, 0x00, 0x00,
    0x00, 0x4C, 0xE9, 0x30, 0x00, 0x00, 0x00, 0xAC, 0x10, 0x00, 0x00, 0x00,
    0x00, 0x2D, 0xC1, 0x00, 0x0B, 0x10, 0x00, 0x01, 0xAD, 0x10, 0x2F, 0x00,
    0x00, 0x00, 0x0A, 0xA0, 0x2F, 0x20, 0x00, 0x00, 0x03, 0xE0, 0x0B, 0xD7,
    0x44, 0x44, 0x5A, 0xC0, 0x01, 0x7C, 0xEF, 0xFF, 0xEA, 0x20, 0x00, 0x00,
    0x00, 0x00, 0x00, 0x00, 0x00, 0x00, 0x00, 0x01, 0xC3, 0x00, 0x00, 0x00,
    0x00, 0x02, 0x73, 0x00, 0x00, 0x00, 0x00, 0x2F, 0x3D, 0x60, 0x00, 0x00,
    0x00, 0x04, 0x03, 0x15, 0x00, 0x00, 0x00, 0x00, 0x39, 0xEA, 0x00, 0x00,
    0x00, 0x4C, 0xE9, 0x30, 0x00, 0x00, 0x00, 0xAC, 0x10, 0x00, 0x00, 0x00,
    0x00, 0x2D, 0xC1, 0x00, 0x0B, 0x10, 0x00, 0x01, 0xAD, 0x10, 0x2F, 0x00,
    0x00, 0x00, 0x0A, 0xA0, 0x2F, 0x20, 0x00, 0x00, 0x03, 0xE0, 0x0B, 0xD7,
    0x44, 0x44, 0x5A, 0xC0, 0x01, 0x7C, 0xEF, 0xFF, 0xEA, 0x20, 0x00, 0x00,
    0x00, 0x1C, 0xD1, 0x1A, 0x69, 0x45, 0xEF, 0xC1, 0x03, 0xF0, 0x00, 0x3F,
    0x00, 0x03, 0xF0, 0x00, 0x3F, 0x00, 0x03, 0xF0, 0x00, 0x3F, 0x00, 0x03,
    0xF0, 0x00, 0x3F, 0x00, 0x03, 0xF0, 0x00, 0x00, 0x00, 0x00, 0x0B, 0xD1,
    0x18, 0x87, 0x44, 0xFF, 0xE2, 0x02, 0x51, 0x00, 0x3F, 0x00, 0x03, 0xF0,
    0x00, 0x3F, 0x00, 0x03, 0xF0, 0x00, 0x3F, 0x00, 0x02, 0xF0, 0x00, 0x0E,
    0x71, 0x00, 0x5D, 0x50, 0x0A, 0x10, 0x00, 0x00, 0x00, 0x4A, 0x2F, 0x00,
    0x00, 0x00, 0x00, 0x4E, 0x1F, 0x20, 0x00, 0x00, 0x00, 0x3E, 0x0B, 0xD7,
    0x54, 0x44, 0x45, 0xCB, 0x00, 0x7B, 0xEF, 0xFF, 0xED, 0x91, 0x00, 0x00,
    0x00, 0x00, 0x00, 0x00, 0x00, 0x00, 0x3D, 0x2B, 0x70, 0x00, 0x00, 0x00,
    0x17, 0x35, 0x20, 0x00, 0x00, 0x00, 0x02, 0xE5, 0x00, 0x00, 0x00, 0x00,
    0x00, 0x30, 0x00, 0x00, 0x0B, 0x10, 0x00, 0x00, 0x00, 0x01, 0x00, 0x2F,
    0x00, 0x00, 0x00, 0x00, 0x3E, 0x00, 0x1F, 0x20, 0x00, 0x00, 0x00, 0x4F,
    0x00, 0x0B, 0xD7, 0x54, 0x44, 0x57, 0xEE, 0x71, 0x00, 0x7B, 0xEF, 0xFF,
    0xEC, 0x63, 0xD5, 0x00, 0x00, 0x00, 0x00, 0x00, 0x00, 0x00, 0x00, 0x00,
    0x4D, 0x2B, 0x70, 0x00, 0x00, 0x00, 0x00, 0x17, 0x35, 0x20, 0x00, 0x00,
    0x00, 0x00, 0x02, 0xF5, 0x00, 0x00, 0x00, 0x00, 0x00, 0x00, 0x30, 0x00,
    0x00, 0x00, 0x00, 0x04, 0xA0, 0x00, 0x4E, 0x00, 0x03, 0xE0, 0x24, 0x9B,
    0x0A, 0xFD, 0x30, 0x00, 0x00, 0x3D, 0x2C, 0x40, 0x72, 0x61, 0x02, 0xF3,
    0x00, 0x03, 0x00, 0x00, 0x00, 0x20, 0x00, 0x03, 0xF0, 0x00, 0x03, 0xF0,
    0x04, 0x4B, 0xF7, 0x0F, 0xEA, 0x4E, 0x00, 0x00, 0x00, 0x7C, 0x2D, 0x40,
    0x25, 0x37, 0x10, 0x05, 0xF2, 0x00, 0x00, 0x30, 0x00, 0x00, 0x00, 0x3F,
    0x00, 0x00, 0x00, 0x00, 0x00, 0x3F, 0x7E, 0x50, 0x00, 0x00, 0x00, 0x3F,
    0x88, 0x90, 0x00, 0x01, 0x00, 0xAC, 0xA9, 0x20, 0x02, 0x1F, 0x20, 0x00,
    0x00, 0x00, 0x5D, 0x2F, 0x00, 0x00, 0x00, 0x00, 0x3E, 0x1F, 0x30, 0x00,
    0x00, 0x00, 0x3E, 0x09, 0xE8, 0x54, 0x44, 0x45, 0xCA, 0x00, 0x6B, 0xEF,
    0xFF, 0xED, 0x91, 0x00, 0x00, 0x3F, 0x00, 0x00, 0x00, 0x00, 0x00, 0x00,
    0x3F, 0x7E, 0x60, 0x00, 0x00, 0x00, 0x00, 0x3F, 0x88, 0xA0, 0x00, 0x00,
    0x01, 0x00, 0xAC, 0xA9, 0x20, 0x00, 0x00, 0x1E, 0x10, 0x00, 0x00, 0x00,
    0x15, 0x00, 0x2F, 0x00, 0x00, 0x00, 0x00, 0x3E, 0x00, 0x1F, 0x30, 0x00,
    0x00, 0x00, 0x5F, 0x00, 0x0A, 0xE8, 0x54, 0x44, 0x58, 0xEE, 0x81, 0x00,
    0x6B, 0xEF, 0xFF, 0xEC, 0x63, 0xD5, 0x03, 0xF0, 0x00, 0x3F, 0xA9, 0x03,
    0xF8, 0x41, 0xBC, 0x93, 0x00, 0x00, 0x00, 0x00, 0x5C, 0x00, 0x04, 0xE0,
    0x00, 0x3E, 0x14, 0x4A, 0xB3, 0xFF, 0xB2, 0x3F, 0x00, 0x03, 0xF8, 0xE2,
    0x3F, 0x88, 0x4A, 0xCA, 0x80, 0x00, 0x00, 0x00, 0x03, 0xE0, 0x00, 0x3F,
    0x04, 0x4B, 0xF6, 0xFD, 0xA4, 0xE0, 0x00, 0x00, 0x00, 0x00, 0x12, 0x00,
    0x00, 0x00, 0x00, 0x00, 0xAB, 0x00, 0x00, 0x00, 0x00, 0x06, 0x33, 0x70,
    0x00, 0x00, 0x00, 0x0B, 0x65, 0xC0, 0x00, 0x00, 0x00, 0x00, 0x00, 0x00,
    0x00, 0x00, 0x00, 0x04, 0xDE, 0x70, 0x00, 0x00, 0x00, 0x0D, 0x84, 0xE4,
    0x0C, 0x20, 0x00, 0x2F, 0x20, 0x8A, 0x2F, 0x00, 0x00, 0x0B, 0xFF, 0xFC,
    0x1F, 0x30, 0x00, 0x00, 0x23, 0x6C, 0x0B, 0xE7, 0x54, 0x44, 0x45, 0xCA,
    0x00, 0x7B, 0xEF, 0xFF, 0xFE, 0xB2, 0x00, 0x00, 0x00, 0x00, 0x02, 0x00,
    0x00, 0x00, 0x00, 0x00, 0x00, 0x09, 0x50, 0x00, 0x00, 0x00, 0x00, 0x00,
    0x44, 0x52, 0x00, 0x00, 0x00, 0x00, 0x00, 0x96, 0xA5, 0x00, 0x00, 0x00,
    0x00, 0x00, 0x00, 0x00, 0x00, 0x01, 0x00, 0x00, 0x00, 0x3D, 0xC2, 0x00,
    0x0E, 0x20, 0x00, 0x00, 0xD8, 0xAA, 0x00, 0x2F, 0x00, 0x00, 0x02, 0xF1,
    0x3E, 0x00, 0x1F, 0x30, 0x00, 0x00, 0xE4, 0x6C, 0x00, 0x0A, 0xE8, 0x54,
    0x44, 0xAD, 0xE7, 0x41, 0x00, 0x6B, 0xEF, 0xFE, 0xC9, 0xAD, 0xF5, 0x00,
    0x01, 0x20, 0x00, 0x00, 0xAB, 0x00, 0x00, 0x64, 0x37, 0x00, 0x0B, 0x65,
    0xC0, 0x00, 0x00, 0x00, 0x00, 0x03, 0xDE, 0x70, 0x00, 0xE8, 0x5E, 0x40,
    0x2F, 0x20, 0x8A, 0x00, 0xBF, 0xFF, 0xC0, 0x00, 0x23, 0x6C, 0x14, 0x44,
    0x5C, 0x93, 0xFF, 0xFE, 0xA2, 0x00, 0x02, 0x00, 0x00, 0x00, 0x96, 0x00,
    0x00, 0x44, 0x52, 0x00, 0x08, 0x7A, 0x50, 0x00, 0x00, 0x00, 0x00, 0x03,
    0xDC, 0x20, 0x00, 0xD8, 0xAA, 0x00, 0x2F, 0x13, 0xE0, 0x00, 0xE4, 0x6C,
    0x04, 0x4A, 0xDE, 0x74, 0xFF, 0xD9, 0xBE, 0xF0, 0x00, 0x00, 0x00, 0x00,
    0x00, 0x05, 0xDD, 0xC7, 0x20, 0x00, 0x1A, 0x30, 0x29, 0xFD, 0x90, 0x00,
    0x04, 0xBF, 0xDA, 0x70, 0x00, 0x9F, 0x92, 0x00, 0x00, 0x07, 0xE3, 0x40,
    0x22, 0x00, 0x0E, 0x42, 0xE4, 0xAA, 0x00, 0x2F, 0x10, 0x27, 0x41, 0x00,
    0x1F, 0x30, 0x0B, 0x50, 0x00, 0x0A, 0xD6, 0x21, 0x24, 0x70, 0x00, 0x8E,
    0xFF, 0xFE, 0xA0, 0x00, 0x00, 0x23, 0x20, 0x00, 0x00, 0x00, 0x00, 0x00,
    0x00, 0x02, 0xCF, 0xB3, 0x00, 0x00, 0x1D, 0x95, 0xCF, 0xB4, 0x10, 0x05,
    0x00, 0x3C, 0xFF, 0xC0, 0x00, 0x2B, 0xFB, 0xF5, 0x30, 0x02, 0xDB, 0x21,
    0xE9, 0x43, 0x0A, 0xB2, 0x02, 0x5C, 0xEC, 0x1F, 0x3E, 0x3E, 0x20, 0x00,
    0x2F, 0x02, 0x52, 0x00, 0x00, 0x1F, 0x41, 0xC2, 0x00, 0x00, 0x09, 0xD6,
    0x21, 0x25, 0x70, 0x00, 0x8E, 0xFF, 0xFE, 0x90, 0x00, 0x00, 0x23, 0x20,
    0x00, 0x00, 0x00, 0x00, 0x00, 0x00, 0x1B, 0xFC, 0x50, 0x00, 0x0B, 0xC4,
    0x8E, 0xD8, 0x40, 0x21, 0x00, 0x19, 0xFF, 0x00, 0x00, 0x2A, 0xFB, 0x54,
    0x46, 0xAF, 0xB3, 0x00, 0xFF, 0xD9, 0x40, 0x00, 0x00, 0x00, 0x00, 0x00,
    0x00, 0x00, 0x2D, 0x3A, 0x80, 0x00, 0x00, 0x73, 0x53, 0x00, 0x00, 0x01,
    0xE6, 0x00, 0x00, 0x00, 0x03, 0x00, 0x00, 0x00, 0x00, 0x00, 0x00, 0x00,
    0x01, 0xBF, 0xC6, 0x00, 0x00, 0x0B, 0xC4, 0x8E, 0xE8, 0x40, 0x02, 0x10,
    0x01, 0x8F, 0xF1, 0x00, 0x00, 0x29, 0xFC, 0x50, 0x44, 0x6A, 0xFC, 0x8D,
    0x54, 0xFF, 0xDA, 0x40, 0x09, 0xEF, 0x00, 0x00, 0x00, 0x00, 0x00, 0x00,
    0x2D, 0x3A, 0x90, 0x00, 0x00, 0x07, 0x34, 0x30, 0x00, 0x00, 0x00, 0xD7,
    0x00, 0x00, 0x00, 0x00, 0x30, 0x00, 0x00, 0x01, 0x70, 0x00, 0x00, 0x3F,
    0x00, 0x00, 0x03, 0xF9, 0xA0, 0x00, 0x3F, 0x87, 0x00, 0x1B, 0xC9, 0x40,
    0x00, 0x00, 0x10, 0x00, 0x00, 0x7D, 0x30, 0x00, 0x01, 0x9E, 0x30, 0x00,
    0x00, 0x9B, 0x00, 0x00, 0x04, 0xE0, 0x25, 0x45, 0xCB, 0x04, 0xEF, 0xEA,
    0x20, 0x03, 0xF0, 0x00, 0x00, 0x03, 0xF7, 0xE5, 0x00, 0x03, 0xF8, 0x89,
    0x00, 0x07, 0xCA, 0x92, 0x00, 0x00, 0x00, 0x00, 0x00, 0x00, 0x05, 0x90,
    0x00, 0x00, 0x04, 0xF1, 0x00, 0x00, 0x00, 0xC8, 0x00, 0x00, 0x00, 0x6E,
    0x00, 0x00, 0x00, 0x3F, 0x60, 0x05, 0x45, 0xBF, 0xE5, 0x0E, 0xFE, 0xA2,
    0xAF, 0x00, 0x02, 0x00, 0x00, 0x2F, 0x30, 0x00, 0x54, 0x51, 0x04, 0xE2,
    0xD5, 0x00, 0x10, 0x10, 0x00, 0x04, 0x60, 0x00, 0x06, 0xC0, 0x00, 0x04,
    0xE0, 0x00, 0x03, 0xE0, 0x00, 0x07, 0xB0, 0x00, 0x3E, 0x50, 0x1A, 0xE8,
    0x00, 0x08, 0x30, 0x00, 0x00, 0x02, 0x00, 0x00, 0x01, 0xE6, 0x00, 0x00,
    0x54, 0x43, 0x00, 0x2E, 0x3B, 0xA0, 0x00, 0x10, 0x10, 0x00, 0x00, 0x37,
    0x00, 0x00, 0x04, 0xF1, 0x00, 0x00, 0x1F, 0xA4, 0x00, 0x01, 0xFC, 0xC0,
    0x00, 0x4F, 0x10, 0x00, 0x2C, 0x90, 0x00, 0x9E, 0xB1, 0x00, 0x07, 0x50,
    0x00, 0x00, 0x00, 0x20, 0x00, 0x3F, 0x00, 0x03, 0xFA, 0x90, 0x8F, 0xB9,
    0x1D, 0xDB, 0x40, 0x00, 0x00, 0x00, 0x08, 0x00, 0x00, 0xD0, 0x00, 0x0E,
    0x00, 0x01, 0xE0, 0x00, 0x5B, 0x00, 0x3D, 0x40, 0x7F, 0x70, 0x02, 0x20,
    0x00, 0x03, 0xF0, 0x00, 0x03, 0xF9, 0xB0, 0x03, 0xF8, 0x80, 0x1B, 0xC9,
    0x50, 0x00, 0x00, 0x00, 0x00, 0x09, 0x00, 0x00, 0x0D, 0x40, 0x00, 0x0D,
    0xC5, 0x00, 0x0E, 0xDE, 0x00, 0x2F, 0x30, 0x00, 0xBC, 0x00, 0x5D, 0xD2,
    0x00, 0x46, 0x10, 0x00, 0x00, 0x00, 0x00, 0x00, 0x00, 0x15, 0x00, 0x00,
    0x00, 0x00, 0x39, 0xEA, 0x00, 0x00, 0x00, 0x4C, 0xE9, 0x30, 0x00, 0x00,
    0x00, 0xAC, 0x10, 0x00, 0x00, 0x00, 0x00, 0x2D, 0xC1, 0x00, 0x0B, 0x10,
    0x00, 0x01, 0xAD, 0x10, 0x2F, 0x00, 0x00, 0x00, 0x0A, 0xA0, 0x2F, 0x20,
    0x00, 0x00, 0x03, 0xE0, 0x0B, 0xD7, 0x44, 0x44, 0x5A, 0xC0, 0x01, 0x7C,
    0xEF, 0xFF, 0xEA, 0x20, 0x00, 0x00, 0x00, 0x00, 0x00, 0x15, 0x00, 0x00,
    0x00, 0x00, 0x00, 0x39, 0xE9, 0x00, 0x00, 0x00, 0x00, 0x3C, 0xE9, 0x30,
    0x00, 0x00, 0x00, 0x00, 0x9D, 0x20, 0x00, 0x00, 0x00, 0x00, 0x00, 0x2C,
    0xD3, 0x00, 0x00, 0x0B, 0x10, 0x00, 0x00, 0x9E, 0x30, 0x00, 0x2F, 0x00,
    0x00, 0x00, 0x08, 0xD0, 0x00, 0x2F, 0x20, 0x00, 0x00, 0x01, 0xF7, 0x00,
    0x0B, 0xD7, 0x44, 0x44, 0x49, 0xEE, 0x61, 0x01, 0x7C, 0xEF, 0xFF, 0xEB,
    0x37, 0xE5, 0x00, 0x00, 0x01, 0x50, 0x00, 0x39, 0xEA, 0x03, 0xCE, 0x82,
    0x00, 0x9B, 0x00, 0x00, 0x02, 0xCB, 0x10, 0x00, 0x00, 0xAD, 0x10, 0x00,
    0x00, 0xAA, 0x00, 0x00, 0x03, 0xE0, 0x04, 0x45, 0xAC, 0x01, 0xFF, 0xEA,
    0x20, 0x00, 0x00, 0x24, 0x00, 0x03, 0xAF, 0x70, 0x3C, 0xD7, 0x20, 0x08,
    0xB0, 0x00, 0x00, 0x1C, 0xB1, 0x00, 0x00, 0x09, 0xC1, 0x00, 0x00, 0x09,
    0x90, 0x00, 0x00, 0x2F, 0x30, 0x44, 0x4A, 0xEC, 0x4F, 0xFE, 0xA2, 0x9E,
    0x00, 0x00, 0x00, 0x00, 0x00, 0x00, 0x00, 0x00, 0x00, 0x00, 0x01, 0x7B,
    0x00, 0x00, 0x00, 0x03, 0x9A, 0x45, 0x00, 0x00, 0x00, 0x08, 0x38, 0xED,
    0x00, 0x00, 0x00, 0x1A, 0xFA, 0x40, 0x00, 0x00, 0x00, 0x4F, 0x30, 0x00,
    0x00, 0x00, 0x00, 0x09, 0xE3, 0x00, 0x0B, 0x10, 0x00, 0x00, 0x8E, 0x20,
    0x2F, 0x00, 0x00, 0x00, 0x0A, 0xB0, 0x2F, 0x20, 0x00, 0x00, 0x03, 0xE0,
    0x0B, 0xD7, 0x44, 0x44, 0x5A, 0xC0, 0x01, 0x7C, 0xEF, 0xFF, 0xEA, 0x20,
    0x00, 0x00, 0x00, 0x00, 0x00, 0x00, 0x00, 0x00, 0x00, 0x00, 0x00, 0x01,
    0x7B, 0x00, 0x00, 0x00, 0x00, 0x03, 0x9A, 0x45, 0x00, 0x00, 0x00, 0x00,
    0x08, 0x38, 0xED, 0x00, 0x00, 0x00, 0x00, 0x1A, 0xFB, 0x40, 0x00, 0x00,
    0x00, 0x00, 0x4F, 0x50, 0x00, 0x00, 0x00, 0x00, 0x00, 0x08, 0xE5, 0x00,
    0x00, 0x0B, 0x10, 0x00, 0x00, 0x5E, 0x50, 0x00, 0x2F, 0x00, 0x00, 0x00,
    0x04, 0xE1, 0x00, 0x1F, 0x20, 0x00, 0x00, 0x00, 0xB8, 0x00, 0x0B, 0xD7,
    0x54, 0x44, 0x47, 0xEE, 0x61, 0x00, 0x7B, 0xEF, 0xFF, 0xFC, 0x54, 0xD5,
    0x00, 0x00, 0x00, 0x00, 0x01, 0x7B, 0x03, 0x9A, 0x45, 0x08, 0x48, 0xED,
    0x2B, 0xFC, 0x50, 0x6F, 0xB0, 0x00, 0x08, 0xFB, 0x10, 0x00, 0x3C, 0xD1,
    0x00, 0x01, 0xBA, 0x00, 0x00, 0x4E, 0x34, 0x45, 0xBB, 0xDF, 0xFD, 0xA1,
    0x00, 0x00, 0x00, 0x00, 0x00, 0x17, 0xB0, 0x03, 0x9A, 0x45, 0x00, 0x84,
    0x8E, 0xD0, 0x1A, 0xFA, 0x40, 0x05, 0xE3, 0x00, 0x00, 0x09, 0xE4, 0x00,
    0x00, 0x05, 0xE5, 0x00, 0x00, 0x04, 0xE1, 0x00, 0x00, 0x0B, 0x90, 0x44,
    0x47, 0xEE, 0x6F, 0xFF, 0xC5, 0x5E, 0x00, 0x00, 0x00, 0x00, 0x00, 0x73,
    0x00, 0x00, 0x87, 0x0E, 0x40, 0x00, 0x07, 0xC2, 0xF1, 0x00, 0x00, 0x4E,
    0x2F, 0x00, 0x00, 0x03, 0xE0, 0xF3, 0x00, 0x00, 0x6C, 0x09, 0xD4, 0x11,
    0x5E, 0x60, 0x19, 0xFF, 0xFE, 0x70, 0x00, 0x01, 0x22, 0x00, 0x00, 0x03,
    0x00, 0x00, 0x05, 0x50, 0x00, 0xD5, 0x00, 0x00, 0x8B, 0x00, 0x1F, 0x20,
    0x00, 0x05, 0xF7, 0x22, 0xF0, 0x00, 0x00, 0x3F, 0xD6, 0x1F, 0x30, 0x00,
    0x06, 0xD0, 0x00, 0xAC, 0x41, 0x15, 0xE7, 0x00, 0x01, 0x9F, 0xFF, 0xE8,
    0x00, 0x00, 0x00, 0x12, 0x20, 0x00, 0x00, 0x00, 0x00, 0x00, 0x00, 0x00,
    0x02, 0xCB, 0x00, 0x00, 0x09, 0x72, 0x00, 0x00, 0x09, 0xFA, 0x00, 0x00,
    0x11, 0x6A, 0x00, 0x00, 0xBF, 0xE3, 0x00, 0x00, 0x12, 0x11, 0x00, 0x00,
    0x05, 0xD9, 0x00, 0x03, 0xDB, 0x9B, 0x00, 0x0E, 0x50, 0x3D, 0x00, 0x2F,
    0x41, 0x9F, 0x00, 0x09, 0xFF, 0xBD, 0x71, 0x00, 0x22, 0x04, 0xD5, 0x00,
    0x00, 0x00, 0x00, 0x05, 0xEA, 0x00, 0x03, 0xE5, 0xD6, 0x00, 0xA8, 0x06,
    0xE5, 0x0D, 0x30, 0x08, 0xE0, 0x10, 0x00, 0x00, 0x00, 0x4A, 0x00, 0x4E,
    0x00, 0x3E, 0x24, 0xAB, 0xAF, 0xC3, 0x00, 0x00, 0x00, 0x51, 0x02, 0x90,
    0x04, 0xF1, 0x00, 0x20, 0x00, 0x02, 0x10, 0x00, 0x00, 0x47, 0xE6, 0x00,
    0x30, 0x1F, 0xDF, 0x14, 0xEF, 0x10, 0x01, 0xF1, 0xD8, 0x10, 0x00, 0x0C,
    0x8F, 0x10, 0x00, 0x00, 0x3E, 0xF0, 0x00, 0x00, 0x00, 0x44, 0x00, 0x00,
    0x00, 0x00, 0x01, 0x00, 0x00, 0x00, 0x00, 0x04, 0xE7, 0x10, 0x00, 0x00,
    0x4D, 0xFF, 0xEE, 0x50, 0x00, 0x1F, 0x73, 0x9C, 0x5E, 0x70, 0x01, 0xF2,
    0x04, 0xD0, 0x4E, 0x03, 0x4B, 0xEA, 0xE7, 0x4A, 0xC0, 0x9F, 0xDB, 0x9C,
    0xEE, 0xB3, 0x00, 0x00, 0x00, 0x00, 0x00, 0x00, 0x1C, 0xE5, 0x00, 0x00,
    0x9A, 0x8D, 0x00, 0x00, 0xE3, 0x3E, 0x00, 0x01, 0xF1, 0x7B, 0x00, 0x35,
    0xF6, 0xE4, 0x12, 0xBF, 0xFE, 0x65, 0xF8, 0x00, 0xE4, 0x0E, 0x60, 0x00,
    0x7D, 0x4F, 0x10, 0x00, 0x0B, 0xFF, 0x00, 0x00, 0x00, 0x73, 0x00, 0x00,
    0x00, 0x01, 0x00, 0x00, 0x00, 0x00, 0x03, 0xE7, 0x10, 0x00, 0x00, 0x4D,
    0xFF, 0xEE, 0x50, 0x00, 0x1F, 0x73, 0x9C, 0x5E, 0x70, 0x01, 0xF2, 0x04,
    0xD0, 0x4E, 0x01, 0x4A, 0xEA, 0xE7, 0x4A, 0xC0, 0x3F, 0xEB, 0x9C, 0xEE,
    0xB3, 0x00, 0x00, 0x00, 0x00, 0x00, 0x00, 0x1C, 0xE5, 0x00, 0x00, 0x9A,
    0x8D, 0x00, 0x00, 0xE3, 0x3E, 0x00, 0x01, 0xF1, 0x7B, 0x00, 0x25, 0xF6,
    0xE4, 0x12, 0x9F, 0xFE, 0x65, 0xF8, 0x00, 0xE4, 0x0E, 0x60, 0x00, 0x7D,
    0x4F, 0x10, 0x00, 0x0B, 0xFF, 0x00, 0x00, 0x00, 0x73, 0x00, 0x00, 0x05,
    0xE6, 0x00, 0x00, 0x00, 0x00, 0x01, 0xE7, 0xE5, 0x00, 0x00, 0x00, 0x02,
    0xC8, 0x04, 0x50, 0x00, 0x00, 0x00, 0xC8, 0x00, 0x00, 0x00, 0x00, 0x00,
    0x0D, 0xB6, 0x44, 0x44, 0x56, 0x79, 0x00, 0x29, 0xCE, 0xFF, 0xFE, 0xDB,
    0xA1, 0x00, 0x00, 0x24, 0x44, 0x44, 0x42, 0x00, 0x7E, 0xFF, 0xFF, 0xFF,
    0xF8, 0x0A, 0xA4, 0x10, 0x00, 0x00, 0x00, 0x0E, 0x73, 0x10, 0x01, 0x35,
    0x00, 0x04, 0xCF, 0xFF, 0xFF, 0xFC, 0x00, 0x00, 0x00, 0x23, 0x32, 0x00,
    0x00, 0x00, 0x00, 0x00, 0x00, 0x00, 0x00, 0x00, 0x00, 0x2D, 0x90, 0x00,
    0x00, 0x00, 0x00, 0x07, 0x73, 0x00, 0x00, 0x00, 0x00, 0x00, 0x3A, 0xA0,
    0x00, 0x00, 0x00, 0x00, 0x07, 0x71, 0x00, 0x00, 0x00, 0x00, 0x00, 0x04,
    0x00, 0x00, 0x00, 0x00, 0x00, 0x09, 0xFA, 0x00, 0x00, 0x00, 0x00, 0x04,
    0xE3, 0xD6, 0x00, 0x00, 0x00, 0x03, 0xE5, 0x03, 0x30, 0x00, 0x00, 0x00,
    0xD6, 0x00, 0x00, 0x00, 0x00, 0x00, 0x0D, 0xB6, 0x44, 0x44, 0x56, 0x89,
    0x00, 0x28, 0xCE, 0xFF, 0xFE, 0xDB, 0x90, 0x00, 0x00, 0x00, 0x00, 0x00,
    0x00, 0x00, 0x00, 0x9E, 0x00, 0x00, 0x00, 0x00, 0x00, 0xB4, 0x00, 0x00,
    0x00, 0x00, 0x00, 0x99, 0x30, 0x00, 0x00, 0x00, 0x02, 0x92, 0x00, 0x00,
    0x00, 0x00, 0x00, 0x24, 0x44, 0x44, 0x42, 0x00, 0x7E, 0xFF, 0xFF, 0xFF,
    0xF8, 0x0A, 0xB4, 0x10, 0x00, 0x00, 0x00, 0x0E, 0x83, 0x10, 0x01, 0x35,
    0x00, 0x04, 0xCF, 0xFF, 0xFF, 0xFD, 0x10, 0x00, 0x00, 0x23, 0x32, 0x10,
    0x00, 0x00, 0x00, 0x09, 0xE2, 0x09, 0xA7, 0x0B, 0xF4, 0x00, 0x20, 0x00,
    0x20, 0x00, 0x03, 0xF0, 0x00, 0x03, 0xFA, 0x90, 0x08, 0xFB, 0x80, 0x1D,
    0xDB, 0x40, 0x00, 0x00, 0x00, 0x00, 0x00, 0x00, 0x00, 0x00, 0x00, 0x00,
    0x00, 0x00, 0x00, 0x00, 0x00, 0x00, 0x00, 0x00, 0x00, 0x00, 0x00, 0x00,
    0x00, 0x00, 0x00, 0x00, 0x00, 0x00, 0x00, 0x00, 0x00, 0x00, 0x00, 0x10,
    0x00, 0x00, 0x00, 0x00, 0x06, 0xC0, 0x00, 0x00, 0x00, 0x00, 0x36, 0x66,
    0x00, 0x00, 0x00, 0x00, 0x56, 0x38, 0x03, 0xF0, 0x00, 0x00, 0x03, 0xC4,
    0x03, 0xF0, 0x00, 0x00, 0x0C, 0x61, 0x03, 0xF0, 0x00, 0x00, 0x0A, 0x80,
    0x03, 0xF0, 0x0B, 0x10, 0x01, 0x76, 0x03, 0xF0, 0x2F, 0x00, 0x3F, 0xF4,
    0x03, 0xF0, 0x1F, 0x20, 0x03, 0x10, 0x04, 0xE0, 0x0B, 0xD7, 0x44, 0x44,
    0x6C, 0xB0, 0x01, 0x7C, 0xEF, 0xFF, 0xDA, 0x20, 0x00, 0x00, 0x00, 0x10,
    0x00, 0x00, 0x00, 0x00, 0x00, 0x6C, 0x00, 0x00, 0x00, 0x00, 0x00, 0x36,
    0x66, 0x00, 0x00, 0x00, 0x00, 0x05, 0x63, 0x80, 0x3F, 0x00, 0x00, 0x00,
    0x03, 0xC4, 0x03, 0xF0, 0x00, 0x00, 0x00, 0xC6, 0x10, 0x3F, 0x00, 0x00,
    0x00, 0x0A, 0x80, 0x03, 0xF0, 0x00, 0xB1, 0x00, 0x17, 0x60, 0x3F, 0x00,
    0x2F, 0x00, 0x3F, 0xF4, 0x03, 0xF0, 0x01, 0xF2, 0x00, 0x31, 0x00, 0x4F,
    0x10, 0x0B, 0xD7, 0x44, 0x44, 0x6C, 0xF9, 0x30, 0x17, 0xCE, 0xFF, 0xFD,
    0x84, 0xDC, 0x00, 0x00, 0x00, 0x00, 0x00, 0xB4, 0x00, 0x00, 0x27, 0x30,
    0x00, 0x1E, 0x4C, 0x70, 0x00, 0x30, 0x32, 0x50, 0x00, 0x39, 0xEA, 0x03,
    0xCE, 0x82, 0x00, 0x9B, 0x00, 0x00, 0x02, 0xCB, 0x10, 0x00, 0x00, 0xAD,
    0x10, 0x00, 0x00, 0xAA, 0x00, 0x00, 0x03, 0xE0, 0x04, 0x45, 0xAC, 0x01,
    0xFF, 0xEA, 0x20, 0x00, 0x00, 0x00, 0x00, 0x0B, 0x50, 0x00, 0x02, 0x63,
    0x00, 0x01, 0xE5, 0xB7, 0x00, 0x03, 0x03, 0x34, 0x00, 0x03, 0xAF, 0x70,
    0x3C, 0xD7, 0x20, 0x08, 0xB0, 0x00, 0x00, 0x1C, 0xB1, 0x00, 0x00, 0x09,
    0xC1, 0x00, 0x00, 0x09, 0x90, 0x00, 0x00, 0x2F, 0x30, 0x44, 0x4A, 0xEC,
    0x4F, 0xFE, 0xA2, 0x9E, 0x00, 0x6E, 0x70, 0x00, 0x77, 0xC0, 0x00, 0x27,
    0x80, 0x02, 0x41, 0x00, 0x02, 0xDF, 0x90, 0x0C, 0x94, 0xD7, 0x2F, 0x10,
    0x5C, 0x1F, 0x74, 0x7E, 0x06, 0xDF, 0xEE, 0x00, 0x00, 0x7B, 0x00, 0x06,
    0xE3, 0x09, 0xDE, 0x40, 0x07, 0x51, 0x00, 0x00, 0x6E, 0x70, 0x00, 0x07,
    0x7C, 0x00, 0x00, 0x27, 0x80, 0x00, 0x24, 0x10, 0x00, 0x02, 0xCE, 0x90,
    0x00, 0xC9, 0x4C, 0x70, 0x2F, 0x10, 0x5C, 0x01, 0xF7, 0x46, 0xE3, 0x05,
    0xDF, 0xFF, 0xC0, 0x00, 0x07, 0xB0, 0x00, 0x06, 0xE4, 0x00, 0x9D, 0xE5,
    0x00, 0x07, 0x61, 0x00, 0x00, 0x01, 0x81, 0x80, 0x00, 0x9A, 0x40, 0x00,
    0x26, 0x00, 0x00, 0x00, 0x00, 0x02, 0xDF, 0x90, 0x0C, 0x94, 0xD7, 0x2F,
    0x10, 0x5C, 0x1F, 0x74, 0x7E, 0x06, 0xDF, 0xEE, 0x00, 0x00, 0x7B, 0x00,
    0x06, 0xE3, 0x09, 0xDE, 0x40, 0x07, 0x51, 0x00, 0x01, 0x81, 0x80, 0x00,
    0x09, 0xA4, 0x00, 0x00, 0x26, 0x00, 0x00, 0x00, 0x00, 0x00, 0x02, 0xCE,
    0x90, 0x00, 0xC9, 0x4C, 0x70, 0x2F, 0x10, 0x5C, 0x01, 0xF7, 0x46, 0xE3,
    0x05, 0xDF, 0xFF, 0xC0, 0x00, 0x07, 0xB0, 0x00, 0x06, 0xE4, 0x00, 0x9D,
    0xE5, 0x00, 0x07, 0x61, 0x00, 0x00, 0x00, 0x3F, 0x00, 0x00, 0x3F, 0x00,
    0x00, 0x02, 0x00, 0x00, 0x00, 0x00, 0x02, 0xDF, 0x90, 0x0C, 0x94, 0xD7,
    0x2F, 0x10, 0x5C, 0x1F, 0x74, 0x7E, 0x06, 0xDF, 0xEE, 0x00, 0x00, 0x7B,
    0x00, 0x06, 0xE3, 0x09, 0xDE, 0x40, 0x07, 0x51, 0x00, 0x00, 0x3F, 0x00,
    0x00, 0x03, 0xF0, 0x00, 0x00, 0x02, 0x00, 0x00, 0x00, 0x00, 0x00, 0x02,
    0xCE, 0x90, 0x00, 0xC9, 0x4C, 0x70, 0x2F, 0x10, 0x5C, 0x01, 0xF7, 0x46,
    0xE3, 0x05, 0xDF, 0xFF, 0xC0, 0x00, 0x07, 0xB0, 0x00, 0x06, 0xE4, 0x00,
    0x9D, 0xE5, 0x00, 0x07, 0x61, 0x00, 0x00, 0x00, 0x14, 0x00, 0x00, 0x8D,
    0x10, 0x06, 0x52, 0x91, 0x09, 0x72, 0xC2, 0x00, 0x00, 0x00, 0x02, 0xDF,
    0x90, 0x0C, 0x94, 0xD7, 0x2F, 0x10, 0x5C, 0x1F, 0x74, 0x7E, 0x06, 0xDF,
    0xEE, 0x00, 0x00, 0x7B, 0x00, 0x06, 0xE3, 0x09, 0xDE, 0x40, 0x07, 0x51,
    0x00, 0x00, 0x14, 0x00, 0x00, 0x07, 0xD1, 0x00, 0x06, 0x62, 0x91, 0x00,
    0x87, 0x2C, 0x20, 0x00, 0x00, 0x00, 0x00, 0x2C, 0xE9, 0x00, 0x0C, 0x94,
    0xC7, 0x02, 0xF1, 0x05, 0xC0, 0x1F, 0x74, 0x6E, 0x30, 0x5D, 0xFF, 0xFC,
    0x00, 0x00, 0x7B, 0x00, 0x00, 0x6E, 0x40, 0x09, 0xDE, 0x50, 0x00, 0x76,
    0x10, 0x00, 0x00, 0x26, 0x00, 0x00, 0x9A, 0x30, 0x01, 0x81, 0x80, 0x00,
    0x00, 0x00, 0x02, 0xDF, 0x90, 0x0C, 0x94, 0xD7, 0x2F, 0x10, 0x5C, 0x1F,
    0x74, 0x7E, 0x06, 0xDF, 0xEE, 0x00, 0x00, 0x7B, 0x00, 0x06, 0xE3, 0x09,
    0xDE, 0x40, 0x07, 0x51, 0x00, 0x00, 0x26, 0x00, 0x00, 0x09, 0xA3, 0x00,
    0x01, 0x81, 0x80, 0x00, 0x00, 0x00, 0x00, 0x02, 0xCE, 0x90, 0x00, 0xC9,
    0x4C, 0x70, 0x2F, 0x10, 0x5C, 0x01, 0xF7, 0x46, 0xE3, 0x05, 0xDF, 0xFF,
    0xC0, 0x00, 0x07, 0xB0, 0x00, 0x06, 0xE4, 0x00, 0x9D, 0xE5, 0x00, 0x07,
    0x61, 0x00, 0x00, 0x00, 0x4A, 0x00, 0x4E, 0x00, 0x3E, 0x24, 0xAB, 0xAF,
    0xC3, 0x00, 0x20, 0x00, 0x3F, 0x00, 0x03, 0xF0, 0x04, 0xAF, 0x94, 0xFB,
    0x3B, 0xF0, 0x00, 0x00, 0x00, 0x00, 0x00, 0x00, 0x00, 0x02, 0xBF, 0xA0,
    0x02, 0x00, 0x0B, 0xA4, 0x30, 0x0D, 0x50, 0x1F, 0x20, 0x00, 0x1F, 0x20,
    0x2F, 0x43, 0x10, 0x2F, 0x00, 0x0B, 0xFF, 0xB0, 0x1F, 0x30, 0x00, 0x04,
    0xE0, 0x0A, 0xC3, 0x12, 0x5C, 0xA0, 0x01, 0xAF, 0xFF, 0xE8, 0x00, 0x00,
    0x01, 0x32, 0x00, 0x00, 0x0A, 0x20, 0x00, 0x00, 0x00, 0x1F, 0x10, 0x03,
    0x44, 0x40, 0x2F, 0x00, 0x0A, 0xFF, 0xF1, 0x1F, 0x30, 0x00, 0x05, 0xE0,
    0x0A, 0xC3, 0x11, 0x4C, 0xB0, 0x01, 0xAF, 0xFF, 0xF9, 0x10, 0x00, 0x01,
    0x32, 0x00, 0x00, 0x00, 0x04, 0xA0, 0x00, 0x4E, 0x00, 0x03, 0xE0, 0x24,
    0x9B, 0x0A, 0xFD, 0x30, 0x00, 0x00, 0x1A, 0x19, 0x22, 0xB2, 0xB3, 0x00,
    0x00, 0x20, 0x00, 0x03, 0xF0, 0x00, 0x03, 0xF0, 0x04, 0x4B, 0xF7, 0x0F,
    0xEA, 0x4E, 0x00, 0x00, 0x00, 0x49, 0x1A, 0x20, 0x5A, 0x2B, 0x30, 0x00,
    0x00, 0x14, 0x00, 0x00, 0xB6, 0x00, 0x07, 0x70, 0x00, 0x0C, 0x00, 0x00,
    0x48, 0x00, 0x2F, 0xFF, 0xE0, 0x3F, 0x04, 0xF0, 0x3F, 0xC6, 0xF0, 0x3F,
    0x23, 0xF0, 0x2F, 0xFF, 0xF0, 0x03, 0x79, 0x30, 0x00, 0x1C, 0x00, 0x00,
    0x08, 0x60, 0x00, 0x01, 0xC4, 0x00, 0x00, 0x25, 0x40, 0x00, 0x00, 0x89,
    0x00, 0x00, 0x0B, 0x40, 0x00, 0x02, 0xB0, 0x00, 0x00, 0xB2, 0x00, 0x2F,
    0xFF, 0xE0, 0x3F, 0x22, 0xF0, 0x3F, 0x7D, 0xF0, 0x3F, 0x15, 0xF0, 0x2F,
    0xFF, 0xF0, 0x03, 0xB5, 0x20, 0x01, 0xC0, 0x00, 0x09, 0x60, 0x00, 0x6B,
    0x00, 0x00, 0x61, 0x00, 0x00, 0x00, 0x00, 0x00, 0x00, 0x3F, 0x00, 0x00,
    0x00, 0x00, 0x00, 0x00, 0x00, 0x00, 0x3F, 0x00, 0x00, 0x00, 0x00, 0x00,
    0x00, 0x00, 0x00, 0x03, 0x32, 0x00, 0x00, 0x00, 0x00, 0x00, 0x00, 0x05,
    0x4F, 0x75, 0x00, 0x00, 0x00, 0x00, 0x00, 0x00, 0x09, 0xFA, 0xF3, 0x3F,
    0x03, 0xF0, 0x00, 0x00, 0x00, 0x00, 0x35, 0x20, 0x3F, 0x03, 0xF0, 0x00,
    0x00, 0x43, 0x00, 0x3F, 0x00, 0x3F, 0x03, 0xF0, 0x00, 0x39, 0xE8, 0x00,
    0x3F, 0x00, 0x3F, 0x03, 0xF0, 0x06, 0xE9, 0x9A, 0x00, 0x3F, 0x00, 0x3F,
    0x03, 0xF0, 0x1F, 0x40, 0x5C, 0x00, 0x3F, 0x00, 0x3F, 0x03, 0xF0, 0x2F,
    0x32, 0xBE, 0x00, 0x3F, 0x00, 0x3E, 0x03, 0xF0, 0x09, 0xFF, 0xAE, 0x84,
    0x9F, 0x74, 0xAB, 0x03, 0xF0, 0x00, 0x22, 0x04, 0xDF, 0xE7, 0xDF, 0xC3,
    0x03, 0xF0, 0x00, 0x00, 0x00, 0x3F, 0x03, 0xF0, 0x00, 0x00, 0x00, 0x00,
    0x00, 0x00, 0x00, 0x03, 0xF0, 0x3F, 0x00, 0x00, 0x00, 0x00, 0x00, 0x00,
    0x00, 0x00, 0x3F, 0x03, 0xF0, 0x00, 0x00, 0x00, 0x00, 0x00, 0x00, 0x00,
    0x03, 0xF0, 0x3F, 0x00, 0x00, 0x00, 0x00, 0x00, 0x00, 0x00, 0x00, 0x3F,
    0x03, 0xF0, 0x00, 0x38, 0x00, 0x00, 0x00, 0x00, 0x00, 0x03, 0xF0, 0x3F,
    0x00, 0x04, 0xE0, 0x00, 0x10, 0x0C, 0x40, 0x00, 0x3F, 0x02, 0xF0, 0x00,
    0x3E, 0x00, 0x8A, 0x01, 0xF2, 0x00, 0x03, 0xF0, 0x0E, 0xA7, 0x4A, 0xB0,
    0x05, 0xD0, 0x2F, 0x00, 0x00, 0x3E, 0x00, 0x4E, 0xFF, 0xB2, 0x00, 0x3E,
    0x01, 0xF2, 0x00, 0x06, 0xD0, 0x00, 0x00, 0x00, 0x00, 0x05, 0xD0, 0x0C,
    0xA2, 0x14, 0xD8, 0x00, 0x09, 0xC3, 0xD2, 0x01, 0xC7, 0x00, 0x2C, 0xFF,
    0xF9, 0x10, 0x00, 0x74, 0x07, 0x16, 0xDC, 0x10, 0x00, 0x02, 0x31, 0x00,
    0x00, 0x00, 0x00, 0x00, 0xB7, 0x10, 0x00, 0x01, 0x69, 0x09, 0x55, 0x08,
    0x94, 0x01, 0x00, 0x00, 0x00, 0x00, 0x00, 0x00, 0x00, 0x00, 0x00, 0x00,
    0x00, 0x00, 0x00, 0x00, 0x59, 0x09, 0x55, 0x08, 0x94, 0x02, 0x00, 0x00,
    0x00, 0x00, 0x00, 0x00, 0x00, 0x00, 0x00, 0x44, 0x44, 0xFF, 0xFF, 0x00,
    0x00, 0x00, 0x04, 0xE4, 0x5D, 0x44, 0x71, 0x91, 0xB6, 0x06, 0x73, 0x00,
    0x00, 0x00, 0x00, 0x00, 0x00, 0x00, 0x00, 0x00, 0x00, 0x00, 0x00, 0x00,
    0x2F, 0x10, 0x00, 0xDB, 0x53, 0x02, 0xAE, 0xC0, 0x00, 0x00, 0x02, 0x79,
    0x08, 0x47, 0x09, 0x82, 0x00, 0x00, 0x00, 0x27, 0x09, 0x83, 0x00, 0x00,
    0x00, 0x00, 0x00, 0x00, 0x00, 0x00, 0x00, 0x00, 0x00, 0x00, 0x00, 0x00,
    0x00, 0x53, 0x3A, 0x50, 0x00, 0x00, 0x00, 0x00, 0x00, 0x00, 0x00, 0x00,
    0x00, 0x00, 0x44, 0x44, 0xFF, 0xFF, 0x00, 0x00, 0x09, 0xE3, 0x0D, 0x67,
    0x08, 0xA6, 0x48, 0x81, 0x21, 0x00, 0x00, 0x00, 0x00, 0x00, 0x00, 0x00,
    0x00, 0x00, 0x00, 0x00, 0x07, 0xD1, 0x0A, 0x63, 0x04, 0x93, 0x37, 0x30,
    0x00, 0x00, 0x00, 0x00, 0x00, 0x00, 0x44, 0x44, 0xFF, 0xFF, 0x00, 0x00,
    0x02, 0x79, 0x08, 0x20, 0x44, 0x44, 0xFF, 0xFF, 0x00, 0x00, 0x02, 0x83,
    0x38, 0x20, 0x00, 0x21, 0x60, 0x89, 0x5C, 0x0C, 0xBD, 0xC0, 0x10, 0x11,
    0x00, 0x00, 0x00, 0x00, 0x00, 0x00, 0x00, 0x00, 0x00, 0x00, 0x00, 0x00,
    0x00, 0x01, 0x15, 0x85, 0x69, 0x8E, 0xC8, 0x11, 0x10, 0x00, 0x00, 0x00,
    0x00, 0x00, 0x00, 0x44, 0x44, 0xFF, 0xFF, 0x00, 0x00, 0x09, 0xE2, 0x09,
    0x97, 0x0B, 0xF4, 0x00, 0x20, 0x00, 0x00, 0x00, 0x00, 0x00, 0x00, 0x00,
    0x00, 0x00, 0x00, 0x00, 0x00, 0x0B, 0xB0, 0x1A, 0x91, 0x0D, 0xD0, 0x01,
    0x10, 0x00, 0x00, 0x00, 0x00, 0x00, 0x00, 0x44, 0x44, 0xFF, 0xFF, 0x00,
    0x00, 0x00, 0x05, 0xEE, 0x60, 0x1F, 0x74, 0x30, 0x1F, 0x20, 0x00, 0x09,
    0xDB, 0xC0, 0x5E, 0xC7, 0x20, 0x44, 0x00, 0x00, 0x00, 0x00, 0x00, 0x06,
    0xE7, 0x4A, 0x1B, 0x4A, 0xE4, 0x00, 0x3F, 0x00, 0x00, 0x3F, 0x00, 0x00,
    0x3F, 0x00, 0x00, 0x3F, 0x00, 0x00, 0x3F, 0x00, 0x00, 0x3F, 0x00, 0x00,
    0x3F, 0x00, 0x00, 0x3F, 0x00, 0x00, 0x3F, 0x00, 0x00, 0x00, 0x00, 0x07,
    0xD3, 0x94, 0x3C, 0x6E, 0xB0, 0x11, 0x01, 0x00, 0x03, 0xF0, 0x00, 0x03,
    0xF0, 0x00, 0x03, 0xF0, 0x00, 0x03, 0xF0, 0x00, 0x03, 0xF0, 0x00, 0x02,
    0xF0, 0x00, 0x00, 0xE9, 0x30, 0x00, 0x4C, 0xC0, 0x00, 0x05, 0xE4, 0x94,
    0x26, 0xA7, 0x62, 0x03, 0xF0, 0x3F, 0x03, 0xF0, 0x3F, 0x03, 0xF0, 0x3F,
    0x03, 0xF0, 0x3F, 0x03, 0xF0, 0x00, 0x00, 0x4E, 0x50, 0x95, 0x20, 0x69,
    0x80, 0x96, 0x00, 0x2A, 0x00, 0x3F, 0x00, 0x3F, 0x00, 0x3F, 0x00, 0x3F,
    0x00, 0x3F, 0x00, 0x2F, 0x10, 0x0D, 0x93, 0x04, 0xCC, 0x00, 0x8E, 0x50,
    0x00, 0xE5, 0x20, 0x01, 0xCA, 0x60, 0x01, 0x30, 0x00, 0x02, 0xDF, 0x90,
    0x0C, 0x94, 0xD7, 0x2F, 0x10, 0x5C, 0x1F, 0x74, 0x7E, 0x06, 0xDF, 0xEE,
    0x00, 0x00, 0x7B, 0x00, 0x06, 0xE3, 0x09, 0xDE, 0x40, 0x07, 0x51, 0x00,
    0x00, 0x8E, 0x50, 0x00, 0x0E, 0x52, 0x00, 0x01, 0xCA, 0x60, 0x00, 0x13,
    0x00, 0x00, 0x02, 0xCE, 0x90, 0x00, 0xC9, 0x4C, 0x70, 0x2F, 0x10, 0x5C,
    0x01, 0xF7, 0x46, 0xE3, 0x05, 0xDF, 0xFF, 0xC0, 0x00, 0x07, 0xB0, 0x00,
    0x06, 0xE4, 0x00, 0x9D, 0xE5, 0x00, 0x07, 0x61, 0x00, 0x00, 0x3F, 0x03,
    0xF0, 0x3F, 0x03, 0xF0, 0x3F, 0x03, 0xF0, 0x3F, 0x03, 0xF0, 0x3F, 0x00,
    0x00, 0x4E, 0x49, 0x41, 0x69, 0x78, 0x40, 0x3F, 0x00, 0x3F, 0x00, 0x3F,
    0x00, 0x3F, 0x00, 0x3F, 0x00, 0x3F, 0x00, 0x2F, 0x00, 0x0E, 0x93, 0x04,
    0xCC, 0x00, 0x00, 0x09, 0xA0, 0x28, 0x11, 0x1D, 0xB2, 0x22, 0x00, 0x00,
    0x00, 0x00, 0x00, 0x00, 0x00, 0x4E, 0x70, 0x00, 0x00, 0x00, 0x96, 0x20,
    0x00, 0x00, 0x00, 0x6B, 0x90, 0x00, 0x00, 0x00, 0x74, 0x02, 0xBF, 0xA0,
    0x02, 0x00, 0x0B, 0xA4, 0x30, 0x0D, 0x50, 0x1F, 0x20, 0x00, 0x1F, 0x20,
    0x2F, 0x43, 0x10, 0x2F, 0x00, 0x0B, 0xFF, 0xB0, 0x1F, 0x30, 0x00, 0x04,
    0xE0, 0x0A, 0xC3, 0x12, 0x5C, 0xA0, 0x01, 0xAF, 0xFF, 0xE8, 0x00, 0x00,
    0x01, 0x32, 0x00, 0x00, 0x00, 0x00, 0x00, 0x00, 0x00, 0x00, 0x5E, 0x40,
    0x00, 0x00, 0x00, 0x94, 0x20, 0x00, 0x00, 0x00, 0x7A, 0x60, 0x00, 0x00,
    0x00, 0x51, 0x00, 0x00, 0x00, 0x07, 0x10, 0x00, 0x00, 0x00, 0x1F, 0x10,
    0x03, 0x44, 0x40, 0x2F, 0x00, 0x0A, 0xFF, 0xF1, 0x1F, 0x30, 0x00, 0x05,
    0xE0, 0x0A, 0xC3, 0x11, 0x4C, 0xB0, 0x01, 0xAF, 0xFF, 0xF9, 0x10, 0x00,
    0x01, 0x32, 0x00, 0x00, 0x00, 0x00, 0x04, 0xE6, 0x08, 0x52, 0x05, 0xA8,
    0x06, 0x40, 0x00, 0x38, 0x00, 0x4E, 0x00, 0x3E, 0x24, 0x9C, 0xAF, 0xD4,
    0x00, 0x00, 0x00, 0x3E, 0x90, 0x07, 0x83, 0x00, 0x4C, 0xA0, 0x05, 0x30,
    0x00, 0x02, 0xD0, 0x00, 0x3F, 0x04, 0x4B, 0xF6, 0xFE, 0xA4, 0xE0, 0x3F,
    0x03, 0xF0, 0x3F, 0x03, 0xF0, 0x3F, 0x03, 0xF0, 0x3F, 0x03, 0xF0, 0x3F,
    0x00, 0x3F, 0x00, 0x3F, 0x00, 0x3F, 0x00, 0x3F, 0x00, 0x3F, 0x00, 0x3F,
    0x00, 0x2F, 0x00, 0x0E, 0x93, 0x04, 0xCC, 0x0A, 0x10, 0x00, 0x00, 0x00,
    0x4A, 0x2F, 0x00, 0x00, 0x00, 0x00, 0x4E, 0x1F, 0x20, 0x00, 0x00, 0x00,
    0x3E, 0x0B, 0xD7, 0x54, 0x44, 0x45, 0xCB, 0x00, 0x7B, 0xEF, 0xFF, 0xED,
    0x91, 0x00, 0x00, 0x00, 0x00, 0x00, 0x00, 0x00, 0x00, 0x01, 0xA3, 0x00,
    0x00, 0x00, 0x00, 0x01, 0xC4, 0x00, 0x00, 0x00, 0x00, 0x00, 0x00, 0x00,
    0x00, 0x0B, 0x10, 0x00, 0x00, 0x00, 0x01, 0x00, 0x2F, 0x00, 0x00, 0x00,
    0x00, 0x3E, 0x00, 0x1F, 0x20, 0x00, 0x00, 0x00, 0x4F, 0x00, 0x0B, 0xD7,
    0x54, 0x44, 0x57, 0xEE, 0x71, 0x00, 0x7B, 0xEF, 0xFF, 0xEC, 0x63, 0xD5,
    0x00, 0x00, 0x00, 0x00, 0x00, 0x00, 0x00, 0x00, 0x00, 0x01, 0xA3, 0x00,
    0x00, 0x00, 0x00, 0x00, 0x01, 0xC3, 0x00, 0x00, 0x00, 0x00, 0x00, 0x00,
    0x00, 0x00, 0x00, 0x00, 0x00, 0x4A, 0x00, 0x4E, 0x00, 0x3E, 0x24, 0xAB,
    0xAF, 0xD3, 0x00, 0x00, 0x09, 0x40, 0x0B, 0x50, 0x00, 0x00, 0x00, 0x02,
    0x00, 0x03, 0xF0, 0x00, 0x3F, 0x04, 0x5C, 0xF7, 0xFD, 0xA4, 0xE0, 0x00,
    0x00, 0x1B, 0x40, 0x02, 0xC5, 0x00, 0x00, 0x00, 0x00, 0x06, 0x83, 0xB1,
    0x00, 0x58, 0x2A, 0x10, 0x00, 0x00, 0x00, 0x00, 0x08, 0xB1, 0x00, 0x02,
    0xEE, 0xC1, 0x00, 0xB9, 0x1C, 0x90, 0x2F, 0x10, 0x4E, 0x01, 0xF7, 0x49,
    0xC0, 0x05, 0xDE, 0xC3, 0x00, 0x00, 0x11, 0x02, 0x00, 0x00, 0xBB, 0x6D,
    0x00, 0x00, 0x22, 0x03, 0x00, 0x00, 0x00, 0x44, 0x00, 0x00, 0x3A, 0xF9,
    0x00, 0x06, 0xE9, 0x7B, 0x00, 0x1F, 0x40, 0x3D, 0x00, 0x2F, 0x41, 0x9F,
    0x00, 0x09, 0xFF, 0xBD, 0x71, 0x00, 0x12, 0x04, 0xD5, 0x00, 0x00, 0x16,
    0x06, 0x10, 0x00, 0x00, 0x00, 0x6D, 0x3E, 0x50, 0x00, 0x0A, 0x10, 0x01,
    0x01, 0x00, 0x4A, 0x2F, 0x00, 0x00, 0x00, 0x00, 0x4E, 0x1F, 0x20, 0x00,
    0x00, 0x00, 0x3E, 0x0B, 0xD7, 0x54, 0x44, 0x45, 0xCB, 0x00, 0x7B, 0xEF,
    0xFF, 0xED, 0x91, 0x00, 0x00, 0x16, 0x06, 0x10, 0x00, 0x00, 0x00, 0x00,
    0x5E, 0x3E, 0x50, 0x00, 0x00, 0x0B, 0x10, 0x01, 0x01, 0x00, 0x01, 0x00,
    0x2F, 0x00, 0x00, 0x00, 0x00, 0x3E, 0x00, 0x1F, 0x20, 0x00, 0x00, 0x00,
    0x4F, 0x00, 0x0B, 0xD7, 0x54, 0x44, 0x57, 0xEE, 0x71, 0x00, 0x7B, 0xEF,
    0xFF, 0xEC, 0x63, 0xD5, 0x00, 0x00, 0x07, 0x84, 0xB0, 0x57, 0x39, 0x00,
    0x00, 0x00, 0x00, 0x4A, 0x00, 0x04, 0xE0, 0x00, 0x3E, 0x02, 0x49, 0xB0,
    0xAF, 0xD3, 0x00, 0x02, 0x00, 0x20, 0x1D, 0x97, 0xD0, 0x03, 0x11, 0x30,
    0x00, 0x00, 0x20, 0x00, 0x03, 0xF0, 0x00, 0x03, 0xF0, 0x04, 0x4B, 0xF7,
    0x0F, 0xEA, 0x4E, 0x00, 0x00, 0x01, 0x91, 0x00, 0x00, 0x00, 0x00, 0x03,
    0xC2, 0x00, 0x00, 0x00, 0x00, 0x5C, 0x2C, 0x40, 0x00, 0x0A, 0x10, 0x27,
    0x07, 0x10, 0x4A, 0x2F, 0x00, 0x00, 0x00, 0x00, 0x4E, 0x1F, 0x20, 0x00,
    0x00, 0x00, 0x3E, 0x0B, 0xD7, 0x54, 0x44, 0x45, 0xCB, 0x00, 0x7B, 0xEF,
    0xFF, 0xED, 0x91, 0x00, 0x00, 0x01, 0x91, 0x00, 0x00, 0x00, 0x00, 0x00,
    0x02, 0xB2, 0x00, 0x00, 0x00, 0x00, 0x00, 0x5C, 0x2D, 0x50, 0x00, 0x00,
    0x0B, 0x10, 0x26, 0x07, 0x10, 0x01, 0x00, 0x2F, 0x00, 0x00, 0x00, 0x00,
    0x3E, 0x00, 0x1F, 0x20, 0x00, 0x00, 0x00, 0x4F, 0x00, 0x0B, 0xD7, 0x54,
    0x44, 0x57, 0xEE, 0x71, 0x00, 0x7B, 0xEF, 0xFF, 0xEC, 0x63, 0xD5, 0x01,
    0x30, 0x00, 0x7C, 0x00, 0x55, 0x38, 0x08, 0x84, 0xB1, 0x00, 0x00, 0x00,
    0x04, 0xA0, 0x00, 0x4E, 0x00, 0x03, 0xE0, 0x24, 0x9B, 0x0A, 0xFD, 0x30,
    0x00, 0x78, 0x00, 0x01, 0x57, 0x10, 0x1D, 0x76, 0xD0, 0x04, 0x11, 0x40,
    0x00, 0x00, 0x20, 0x00, 0x03, 0xF0, 0x00, 0x03, 0xF0, 0x04, 0x4B, 0xF7,
    0x0F, 0xEA, 0x4E, 0x00, 0x00, 0x00, 0x00, 0x00, 0x05, 0xDD, 0xC7, 0x20,
    0x00, 0x1A, 0x30, 0x29, 0xFD, 0x90, 0x00, 0x04, 0xBF, 0xDA, 0x70, 0x00,
    0x9F, 0x92, 0x00, 0x00, 0x07, 0xE3, 0x00, 0x00, 0x00, 0x0E, 0x40, 0x09,
    0x50, 0x00, 0x2F, 0x10, 0x0A, 0x50, 0x00, 0x1F, 0x30, 0x00, 0x00, 0x00,
    0x0A, 0xD6, 0x21, 0x24, 0x70, 0x00, 0x8E, 0xFF, 0xFE, 0xA0, 0x00, 0x00,
    0x23, 0x20, 0x00, 0x00, 0x00, 0x00, 0x00, 0x00, 0x02, 0xCF, 0xB3, 0x00,
    0x00, 0x1D, 0x95, 0xCF, 0xB4, 0x10, 0x05, 0x00, 0x3C, 0xFF, 0xC0, 0x00,
    0x2B, 0xFB, 0xF5, 0x30, 0x02, 0xDB, 0x21, 0xE9, 0x43, 0x0A, 0xB0, 0x00,
    0x5C, 0xEC, 0x1F, 0x31, 0xB3, 0x00, 0x00, 0x2F, 0x00, 0xB3, 0x00, 0x00,
    0x1F, 0x40, 0x00, 0x00, 0x00, 0x09, 0xD6, 0x21, 0x25, 0x70, 0x00, 0x8E,
    0xFF, 0xFE, 0x90, 0x00, 0x00, 0x23, 0x20, 0x00, 0x00, 0x00, 0x00, 0x00,
    0x00, 0x1B, 0xFC, 0x50, 0x00, 0x0B, 0xC4, 0x8E, 0xD8, 0x40, 0x21, 0x00,
    0x19, 0xFF, 0x00, 0x00, 0x2A, 0xFB, 0x54, 0x46, 0xAF, 0xB3, 0x00, 0xFF,
    0xD9, 0x40, 0x00, 0x00, 0x00, 0x00, 0x00, 0x00, 0x00, 0x00, 0xA4, 0x00,
    0x00, 0x00, 0x1B, 0x40, 0x00, 0x00, 0x00, 0x00, 0x00, 0x00, 0x00, 0x00,
    0x00, 0x00, 0x00, 0x01, 0xBF, 0xC6, 0x00, 0x00, 0x0B, 0xC4, 0x8E, 0xE8,
    0x40, 0x02, 0x10, 0x01, 0x8F, 0xF1, 0x00, 0x00, 0x29, 0xFC, 0x50, 0x44,
    0x6A, 0xFC, 0x8D, 0x54, 0xFF, 0xDA, 0x40, 0x09, 0xEF, 0x00, 0x00, 0x00,
    0x00, 0x00, 0x00, 0x00, 0xA4, 0x00, 0x00, 0x00, 0x00, 0xB5, 0x00, 0x00,
    0x00, 0x00, 0x00, 0x00, 0x00, 0x00, 0x00, 0x00, 0x00, 0x00, 0x05, 0xDD,
    0xC7, 0x20, 0x00, 0x1A, 0x30, 0x29, 0xFD, 0x90, 0x00, 0x04, 0xBF, 0xDA,
    0x70, 0x00, 0x9F, 0x92, 0x00, 0x00, 0x07, 0xE3, 0x00, 0x00, 0x00, 0x0E,
    0x40, 0x00, 0x00, 0x00, 0x2F, 0x10, 0x00, 0x00, 0x00, 0x1F, 0x30, 0x00,
    0x00, 0x00, 0x0A, 0xD6, 0x21, 0x24, 0x70, 0x00, 0x8E, 0xFF, 0xFE, 0xA0,
    0x00, 0x00, 0x23, 0x20, 0x00, 0x00, 0x00, 0x00, 0x00, 0x00, 0x02, 0xCF,
    0xB3, 0x00, 0x00, 0x1D, 0x95, 0xCF, 0xB4, 0x10, 0x05, 0x00, 0x3C, 0xFF,
    0xC0, 0x00, 0x2B, 0xFB, 0xF5, 0x30, 0x02, 0xDB, 0x21, 0xE9, 0x43, 0x0A,
    0xB0, 0x00, 0x5C, 0xEC, 0x1F, 0x30, 0x00, 0x00, 0x00, 0x2F, 0x00, 0x00,
    0x00, 0x00, 0x1F, 0x40, 0x00, 0x00, 0x00, 0x09, 0xD6, 0x21, 0x25, 0x70,
    0x00, 0x8E, 0xFF, 0xFE, 0x90, 0x00, 0x00, 0x23, 0x20, 0x00, 0x00, 0x00,
    0x00, 0x00, 0x00, 0x1B, 0xFC, 0x50, 0x00, 0x0B, 0xC4, 0x8E, 0xD8, 0x40,
    0x21, 0x00, 0x19, 0xFF, 0x00, 0x00, 0x2A, 0xFB, 0x54, 0x46, 0xAF, 0xB3,
    0x00, 0xFF, 0xD9, 0x40, 0x00, 0x00, 0x00, 0x00, 0x00, 0x00, 0x00, 0x01,
    0xBF, 0xC6, 0x00, 0x00, 0x0B, 0xC4, 0x8E, 0xE8, 0x40, 0x02, 0x10, 0x01,
    0x8F, 0xF1, 0x00, 0x00, 0x29, 0xFC, 0x50, 0x44, 0x6A, 0xFC, 0x8D, 0x54,
    0xFF, 0xDA, 0x40, 0x09, 0xEF, 0x00, 0x00, 0x00, 0x00, 0x00, 0x00, 0x06,
    0xA0, 0x00, 0x00, 0x00, 0x05, 0x80, 0x00, 0x00, 0x00, 0x00, 0x00, 0x00,
    0x00, 0x05, 0xDD, 0xC7, 0x20, 0x00, 0x1A, 0x30, 0x29, 0xFD, 0x90, 0x00,
    0x04, 0xBF, 0xDA, 0x70, 0x00, 0x9F, 0x92, 0x00, 0x00, 0x07, 0xE3, 0x00,
    0x00, 0x00, 0x0E, 0x40, 0x00, 0x00, 0x00, 0x2F, 0x10, 0x00, 0x00, 0x00,
    0x1F, 0x30, 0x00, 0x00, 0x00, 0x0A, 0xD6, 0x21, 0x24, 0x70, 0x00, 0x8E,
    0xFF, 0xFE, 0xA0, 0x00, 0x00, 0x23, 0x20, 0x00, 0x00, 0x00, 0x00, 0x00,
    0x00, 0x00, 0x09, 0x60, 0x00, 0x00, 0x00, 0x07, 0x50, 0x00, 0x00, 0x00,
    0x00, 0x00, 0x00, 0x00, 0x02, 0xCF, 0xB3, 0x00, 0x00, 0x1D, 0x95, 0xCF,
    0xB4, 0x10, 0x05, 0x00, 0x3C, 0xFF, 0xC0, 0x00, 0x2B, 0xFB, 0xF5, 0x30,
    0x02, 0xDB, 0x21, 0xE9, 0x43, 0x0A, 0xB0, 0x00, 0x5C, 0xEC, 0x1F, 0x30,
    0x00, 0x00, 0x00, 0x2F, 0x00, 0x00, 0x00, 0x00, 0x1F, 0x40, 0x00, 0x00,
    0x00, 0x09, 0xD6, 0x21, 0x25, 0x70, 0x00, 0x8E, 0xFF, 0xFE, 0x90, 0x00,
    0x00, 0x23, 0x20, 0x00, 0x00, 0x00, 0x00, 0x00, 0x00, 0x00, 0x5D, 0x10,
    0x00, 0x00, 0x02, 0x80, 0x00, 0x00, 0x00, 0x00, 0x00, 0x00, 0x01, 0xBF,
    0xC5, 0x00, 0x00, 0xBC, 0x48, 0xED, 0x84, 0x02, 0x10, 0x01, 0x9F, 0xF0,
    0x00, 0x02, 0xAF, 0xB5, 0x44, 0x6A, 0xFB, 0x30, 0x0F, 0xFD, 0x94, 0x00,
    0x00, 0x00, 0x00, 0x00, 0x00, 0x00, 0x00, 0x05, 0xD1, 0x00, 0x00, 0x00,
    0x02, 0x90, 0x00, 0x00, 0x00, 0x00, 0x00, 0x00, 0x00, 0x01, 0xBF, 0xC6,
    0x00, 0x00, 0x0B, 0xC4, 0x8E, 0xE8, 0x40, 0x02, 0x10, 0x01, 0x8F, 0xF1,
    0x00, 0x00, 0x29, 0xFC, 0x50, 0x44, 0x6A, 0xFC, 0x8D, 0x54, 0xFF, 0xDA,
    0x40, 0x09, 0xEF, 0x00, 0x41, 0x00, 0x00, 0x0B, 0xE4, 0x00, 0x00, 0x07,
    0xF4, 0x00, 0x00, 0x08, 0xC0, 0x00, 0x00, 0x4E, 0x02, 0x54, 0x6C, 0xA0,
    0x5E, 0xFE, 0xA1, 0x00, 0x00, 0x02, 0x60, 0x00, 0x00, 0x03, 0xF2, 0x00,
    0x00, 0x00, 0xB8, 0x00, 0x00, 0x00, 0x5E, 0x00, 0x00, 0x00, 0x1F, 0x60,
    0x05, 0x45, 0xAF, 0xE5, 0x0E, 0xFE, 0xA2, 0xAF, 0x00, 0x60, 0x00, 0x00,
    0x4F, 0x30, 0x00, 0x00, 0x20, 0x00, 0x00, 0x04, 0x10, 0x00, 0x00, 0xBE,
    0x40, 0x00, 0x00, 0x7F, 0x40, 0x00, 0x00, 0x8C, 0x00, 0x00, 0x04, 0xE0,
    0x25, 0x46, 0xCA, 0x05, 0xEF, 0xEA, 0x10, 0x00, 0x05, 0x20, 0x00, 0x00,
    0x1D, 0x80, 0x00, 0x00, 0x01, 0x00, 0x00, 0x00, 0x02, 0x60, 0x00, 0x00,
    0x03, 0xF2, 0x00, 0x00, 0x00, 0xB8, 0x00, 0x00, 0x00, 0x5E, 0x00, 0x00,
    0x00, 0x1F, 0x60, 0x05, 0x45, 0xAF, 0xE5, 0x0E, 0xFE, 0xA2, 0xAF, 0x00,
    0x04, 0x60, 0x00, 0x06, 0xC0, 0x00, 0x04, 0xE0, 0x00, 0x03, 0xE0, 0x00,
    0x07, 0xB0, 0x00, 0x3E, 0x50, 0x1A, 0xE8, 0x00, 0x08, 0x30, 0x00, 0x00,
    0x03, 0x70, 0x00, 0x00, 0x4F, 0x10, 0x00, 0x01, 0xFA, 0x40, 0x00, 0x1F,
    0xCC, 0x00, 0x04, 0xF1, 0x00, 0x02, 0xC9, 0x00, 0x09, 0xEB, 0x10, 0x00,
    0x75, 0x00, 0x00, 0x00, 0x00, 0x00, 0x00, 0x1B, 0x40, 0x00, 0x0A, 0x30,
    0x00, 0x00, 0x00, 0x00, 0x04, 0x60, 0x00, 0x06, 0xC0, 0x00, 0x04, 0xE0,
    0x00, 0x03, 0xE0, 0x00, 0x07, 0xB0, 0x00, 0x3E, 0x50, 0x1A, 0xE8, 0x00,
    0x08, 0x30, 0x00, 0x00, 0x00, 0x00, 0x00, 0x00, 0x97, 0x00, 0x00, 0x09,
    0x60, 0x00, 0x00, 0x00, 0x00, 0x00, 0x03, 0x70, 0x00, 0x00, 0x4F, 0x10,
    0x00, 0x01, 0xFA, 0x40, 0x00, 0x1F, 0xCC, 0x00, 0x04, 0xF1, 0x00, 0x02,
    0xC9, 0x00, 0x09, 0xEB, 0x10, 0x00, 0x75, 0x00, 0x00, 0x00, 0x00, 0x00,
    0x00, 0x00, 0x00, 0x00, 0x39, 0x00, 0x30, 0x00, 0x00, 0x55, 0x00, 0x2D,
    0x04, 0xE0, 0x0D, 0x50, 0x00, 0x08, 0xC0, 0x03, 0xF0, 0x3E, 0x01, 0xF2,
    0x00, 0x00, 0x5F, 0x84, 0xAF, 0x79, 0xB0, 0x2F, 0x00, 0x00, 0x03, 0xFC,
    0xEA, 0x4E, 0xE3, 0x01, 0xF3, 0x00, 0x00, 0x6D, 0x00, 0x00, 0x00, 0x00,
    0x0A, 0xC4, 0x11, 0x5E, 0x70, 0x00, 0x00, 0x00, 0x00, 0x19, 0xFF, 0xFE,
    0x80, 0x00, 0x00, 0x00, 0x00, 0x00, 0x01, 0x22, 0x00, 0x00, 0x00, 0x00,
    0x00, 0x00, 0x00, 0x00, 0x00, 0x00, 0x00, 0x00, 0x00, 0x01, 0x00, 0x03,
    0x00, 0x00, 0x05, 0x50, 0x02, 0xD0, 0x3F, 0x00, 0x0D, 0x50, 0x00, 0x08,
    0xC0, 0x03, 0xF0, 0x3F, 0x00, 0x1F, 0x20, 0x00, 0x05, 0xF8, 0x4A, 0xF7,
    0x9F, 0x82, 0x2F, 0x00, 0x00, 0x03, 0xFC, 0xEA, 0x4E, 0xD5, 0xD8, 0x1F,
    0x30, 0x00, 0x06, 0xD0, 0x00, 0x00, 0x00, 0x00, 0x0A, 0xC4, 0x11, 0x5E,
    0x70, 0x00, 0x00, 0x00, 0x00, 0x01, 0x9F, 0xFF, 0xE8, 0x00, 0x00, 0x00,
    0x00, 0x00, 0x00, 0x01, 0x22, 0x00, 0x00, 0x00, 0x00, 0x00, 0x00, 0x00,
    0x00, 0x00, 0x00, 0x03, 0x90, 0x00, 0x0C, 0x40, 0x2D, 0x04, 0xE0, 0x00,
    0x0D, 0x50, 0x3F, 0x03, 0xE0, 0x14, 0x7F, 0xC4, 0xAF, 0x79, 0xB0, 0x3F,
    0xD4, 0xBE, 0xB4, 0xEE, 0x30, 0x00, 0x00, 0x00, 0x00, 0x00, 0x10, 0x00,
    0xA5, 0x02, 0xD0, 0x03, 0xF0, 0x00, 0xC7, 0x03, 0xF0, 0x03, 0xF0, 0x46,
    0xFD, 0x4A, 0xF8, 0x4A, 0xF6, 0xFD, 0x4A, 0xEB, 0x4C, 0xFC, 0x4E, 0x00,
    0x00, 0x00, 0x00, 0x00, 0x07, 0x70, 0x00, 0x00, 0x00, 0x00, 0x00, 0x00,
    0x01, 0x66, 0x10, 0x00, 0x00, 0x00, 0x00, 0x00, 0x01, 0xD7, 0x7A, 0x00,
    0x00, 0x00, 0x00, 0x00, 0x00, 0x05, 0x11, 0x30, 0x00, 0x00, 0x00, 0x00,
    0x00, 0x00, 0x00, 0x00, 0x39, 0x00, 0x30, 0x00, 0x00, 0x55, 0x00, 0x2D,
    0x04, 0xE0, 0x0D, 0x50, 0x00, 0x08, 0xC0, 0x03, 0xF0, 0x3E, 0x01, 0xF2,
    0x00, 0x00, 0x5F, 0x84, 0xAF, 0x79, 0xB0, 0x2F, 0x00, 0x00, 0x03, 0xFC,
    0xEA, 0x4E, 0xE3, 0x01, 0xF3, 0x00, 0x00, 0x6D, 0x00, 0x00, 0x00, 0x00,
    0x0A, 0xC4, 0x11, 0x5E, 0x70, 0x00, 0x00, 0x00, 0x00, 0x19, 0xFF, 0xFE,
    0x80, 0x00, 0x00, 0x00, 0x00, 0x00, 0x01, 0x22, 0x00, 0x00, 0x00, 0x00,
    0x00, 0x00, 0x00, 0x00, 0x00, 0x00, 0x00, 0x07, 0x70, 0x00, 0x00, 0x00,
    0x00, 0x00, 0x00, 0x00, 0x16, 0x61, 0x00, 0x00, 0x00, 0x00, 0x00, 0x00,
    0x01, 0xD7, 0x7B, 0x00, 0x00, 0x00, 0x00, 0x00, 0x00, 0x00, 0x41, 0x13,
    0x00, 0x00, 0x00, 0x00, 0x00, 0x00, 0x00, 0x00, 0x00, 0x01, 0x00, 0x03,
    0x00, 0x00, 0x05, 0x50, 0x02, 0xD0, 0x3F, 0x00, 0x0D, 0x50, 0x00, 0x08,
    0xC0, 0x03, 0xF0, 0x3F, 0x00, 0x1F, 0x20, 0x00, 0x05, 0xF8, 0x4A, 0xF7,
    0x9F, 0x82, 0x2F, 0x00, 0x00, 0x03, 0xFC, 0xEA, 0x4E, 0xD5, 0xD8, 0x1F,
    0x30, 0x00, 0x06, 0xD0, 0x00, 0x00, 0x00, 0x00, 0x0A, 0xC4, 0x11, 0x5E,
    0x70, 0x00, 0x00, 0x00, 0x00, 0x01, 0x9F, 0xFF, 0xE8, 0x00, 0x00, 0x00,
    0x00, 0x00, 0x00, 0x01, 0x22, 0x00, 0x00, 0x00, 0x00, 0x00, 0x00, 0x00,
    0x00, 0x00, 0x67, 0x00, 0x00, 0x00, 0x00, 0x01, 0x56, 0x10, 0x00, 0x00,
    0x00, 0x0B, 0x87, 0xA0, 0x00, 0x00, 0x00, 0x04, 0x21, 0x30, 0x00, 0x00,
    0x00, 0x00, 0x00, 0x03, 0x90, 0x00, 0x0C, 0x40, 0x2D, 0x04, 0xE0, 0x00,
    0x0D, 0x50, 0x3F, 0x03, 0xE0, 0x14, 0x7F, 0xC4, 0xAF, 0x79, 0xB0, 0x3F,
    0xD4, 0xBE, 0xB4, 0xEE, 0x30, 0x00, 0x00, 0x06, 0x70, 0x00, 0x00, 0x00,
    0x00, 0x15, 0x61, 0x00, 0x00, 0x00, 0x00, 0xB8, 0x6E, 0x30, 0x00, 0x00,
    0x00, 0x32, 0x15, 0x00, 0x00, 0x00, 0x00, 0x00, 0x00, 0x00, 0x10, 0x00,
    0xA5, 0x02, 0xD0, 0x03, 0xF0, 0x00, 0xC7, 0x03, 0xF0, 0x03, 0xF0, 0x46,
    0xFD, 0x4A, 0xF8, 0x4A, 0xF6, 0xFD, 0x4A, 0xEB, 0x4C, 0xFC, 0x4E, 0x00,
    0x00, 0x00, 0x00, 0x00, 0x00, 0x00, 0x00, 0x00, 0x00, 0x00, 0x00, 0x00,
    0x00, 0x06, 0xDF, 0xB2, 0x00, 0x00, 0x00, 0x01, 0x20, 0x0A, 0xE6, 0x4A,
    0xC0, 0xB4, 0x00, 0x00, 0xA9, 0x08, 0xD2, 0x00, 0x4E, 0x1F, 0x20, 0x00,
    0x05, 0xF7, 0xF5, 0x45, 0x7D, 0x92, 0xF0, 0x00, 0x00, 0x3F, 0xCE, 0xFF,
    0xEB, 0x60, 0x1F, 0x20, 0x00, 0x05, 0xD0, 0x00, 0x00, 0x00, 0x00, 0xBC,
    0x31, 0x15, 0xD7, 0x00, 0x00, 0x00, 0x00, 0x01, 0xAF, 0xFF, 0xE8, 0x00,
    0x00, 0x00, 0x00, 0x00, 0x00, 0x13, 0x20, 0x00, 0x00, 0x00, 0x00, 0x00,
    0x00, 0x00, 0x00, 0x00, 0x00, 0x00, 0x00, 0x00, 0x00, 0x00, 0x00, 0x00,
    0x00, 0x00, 0x00, 0x06, 0xDF, 0xB2, 0x00, 0x00, 0x00, 0x00, 0x01, 0x20,
    0x0A, 0xE6, 0x4A, 0xC0, 0x00, 0xB4, 0x00, 0x00, 0xAA, 0x08, 0xD2, 0x00,
    0x4E, 0x00, 0x1F, 0x20, 0x00, 0x05, 0xF7, 0xF5, 0x45, 0x7D, 0xB3, 0x02,
    0xF0, 0x00, 0x00, 0x3F, 0xCE, 0xFF, 0xEC, 0x8C, 0xF2, 0x1F, 0x20, 0x00,
    0x05, 0xD0, 0x00, 0x00, 0x00, 0x00, 0x00, 0xBC, 0x31, 0x15, 0xD7, 0x00,
    0x00, 0x00, 0x00, 0x00, 0x01, 0xAF, 0xFF, 0xE8, 0x00, 0x00, 0x00, 0x00,
    0x00, 0x00, 0x00, 0x13, 0x20, 0x00, 0x00, 0x00, 0x00, 0x00, 0x00, 0x00,
    0x00, 0x00, 0x00, 0x00, 0x00, 0x00, 0x00, 0x00, 0x00, 0x5D, 0xFB, 0x20,
    0x00, 0x2A, 0x00, 0x9E, 0x74, 0xAC, 0x00, 0x03, 0xF0, 0x6D, 0x20, 0x04,
    0xE0, 0x14, 0xAF, 0x7E, 0x64, 0x57, 0xD9, 0x03, 0xFB, 0x3B, 0xEF, 0xFE,
    0xB7, 0x00, 0x00, 0x00, 0x00, 0x00, 0x00, 0x00, 0x00, 0x00, 0x00, 0x00,
    0x05, 0xDF, 0xB2, 0x00, 0x00, 0x2A, 0x00, 0x9E, 0x74, 0xAC, 0x00, 0x00,
    0x3F, 0x06, 0xD2, 0x00, 0x4E, 0x00, 0x14, 0xAF, 0x7E, 0x64, 0x57, 0xDC,
    0x41, 0x3F, 0xB3, 0xBE, 0xFF, 0xEB, 0x7B, 0xE5, 0x00, 0x00, 0x00, 0x00,
    0x00, 0x00, 0x00, 0x10, 0x00, 0x00, 0x00, 0x00, 0x00, 0x00, 0x00, 0x9D,
    0x00, 0x00, 0x00, 0x00, 0x00, 0x00, 0x00, 0x02, 0x40, 0x00, 0x00, 0x00,
    0x00, 0x00, 0x00, 0x00, 0x00, 0x00, 0x00, 0x00, 0x00, 0x00, 0x00, 0x00,
    0x6D, 0xFB, 0x20, 0x00, 0x00, 0x00, 0x12, 0x00, 0xAE, 0x64, 0xAC, 0x0B,
    0x40, 0x00, 0x0A, 0x90, 0x8D, 0x20, 0x04, 0xE1, 0xF2, 0x00, 0x00, 0x5F,
    0x7F, 0x54, 0x57, 0xD9, 0x2F, 0x00, 0x00, 0x03, 0xFC, 0xEF, 0xFE, 0xB6,
    0x01, 0xF2, 0x00, 0x00, 0x5D, 0x00, 0x00, 0x00, 0x00, 0x0B, 0xC3, 0x11,
    0x5D, 0x70, 0x00, 0x00, 0x00, 0x00, 0x1A, 0xFF, 0xFE, 0x80, 0x00, 0x00,
    0x00, 0x00, 0x00, 0x01, 0x32, 0x00, 0x00, 0x00, 0x00, 0x00, 0x00, 0x00,
    0x00, 0x00, 0x00, 0x00, 0x00, 0x00, 0x10, 0x00, 0x00, 0x00, 0x00, 0x00,
    0x00, 0x00, 0x00, 0x9D, 0x00, 0x00, 0x00, 0x00, 0x00, 0x00, 0x00, 0x00,
    0x02, 0x40, 0x00, 0x00, 0x00, 0x00, 0x00, 0x00, 0x00, 0x00, 0x00, 0x00,
    0x00, 0x00, 0x00, 0x00, 0x00, 0x00, 0x00, 0x6D, 0xFB, 0x20, 0x00, 0x00,
    0x00, 0x00, 0x12, 0x00, 0xAE, 0x64, 0xAC, 0x00, 0x0B, 0x40, 0x00, 0x0A,
    0xA0, 0x8D, 0x20, 0x04, 0xE0, 0x01, 0xF2, 0x00, 0x00, 0x5F, 0x7F, 0x54,
    0x57, 0xDB, 0x30, 0x2F, 0x00, 0x00, 0x03, 0xFC, 0xEF, 0xFE, 0xC8, 0xCF,
    0x21, 0xF2, 0x00, 0x00, 0x5D, 0x00, 0x00, 0x00, 0x00, 0x00, 0x0B, 0xC3,
    0x11, 0x5D, 0x70, 0x00, 0x00, 0x00, 0x00, 0x00, 0x1A, 0xFF, 0xFE, 0x80,
    0x00, 0x00, 0x00, 0x00, 0x00, 0x00, 0x01, 0x32, 0x00, 0x00, 0x00, 0x00,
    0x00, 0x00, 0x00, 0x00, 0x00, 0x00, 0x00, 0x01, 0x00, 0x00, 0x00, 0x00,
    0x00, 0x09, 0xC0, 0x00, 0x00, 0x00, 0x00, 0x00, 0x24, 0x00, 0x00, 0x00,
    0x00, 0x00, 0x00, 0x00, 0x00, 0x00, 0x00, 0x00, 0x05, 0xDF, 0xB2, 0x00,
    0x02, 0xA0, 0x09, 0xE7, 0x4A, 0xC0, 0x00, 0x3F, 0x06, 0xD2, 0x00, 0x4E,
    0x01, 0x4A, 0xF7, 0xE6, 0x45, 0x7D, 0x90, 0x3F, 0xB3, 0xBE, 0xFF, 0xEB,
    0x70, 0x00, 0x00, 0x00, 0x00, 0x00, 0x01, 0x00, 0x00, 0x00, 0x00, 0x00,
    0x00, 0x9C, 0x00, 0x00, 0x00, 0x00, 0x00, 0x00, 0x24, 0x00, 0x00, 0x00,
    0x00, 0x00, 0x00, 0x00, 0x00, 0x00, 0x00, 0x00, 0x00, 0x05, 0xDF, 0xB2,
    0x00, 0x00, 0x2A, 0x00, 0x9E, 0x74, 0xAC, 0x00, 0x00, 0x3F, 0x06, 0xD2,
    0x00, 0x4E, 0x00, 0x14, 0xAF, 0x7E, 0x64, 0x57, 0xDC, 0x41, 0x3F, 0xB3,
    0xBE, 0xFF, 0xEB, 0x7B, 0xE5, 0x00, 0x3F, 0x00, 0x00, 0x00, 0x00, 0x3F,
    0x00, 0x00, 0x00, 0x00, 0x3F, 0x00, 0x00, 0x00, 0x00, 0x3F, 0x00, 0x00,
    0x00, 0x00, 0x3F, 0x18, 0xEF, 0xB2, 0x00, 0x3F, 0xCD, 0x64, 0xAC, 0x00,
    0x3F, 0xA1, 0x00, 0x4E, 0x14, 0x9D, 0x44, 0x58, 0xD9, 0x3F, 0xFF, 0xFF,
    0xEB, 0x60, 0x00, 0x3F, 0x00, 0x00, 0x00, 0x00, 0x03, 0xF0, 0x00, 0x00,
    0x00, 0x00, 0x3F, 0x00, 0x00, 0x00, 0x00, 0x03, 0xF0, 0x00, 0x00, 0x00,
    0x00, 0x3F, 0x18, 0xEF, 0xB2, 0x00, 0x03, 0xFC, 0xD6, 0x4A, 0xC0, 0x00,
    0x3F, 0xA1, 0x00, 0x4E, 0x00, 0x48, 0xD4, 0x45, 0x8D, 0xB4, 0x0F, 0xFF,
    0xFF, 0xEB, 0x7C, 0xF0, 0x03, 0xF0, 0x00, 0x00, 0x00, 0x3F, 0x00, 0x00,
    0x00, 0x03, 0xF0, 0x00, 0x00, 0x00, 0x3F, 0x00, 0x00, 0x00, 0x03, 0xF1,
    0x8E, 0xFB, 0x20, 0x3F, 0xCD, 0x64, 0xAC, 0x03, 0xFA, 0x10, 0x04, 0xE3,
    0x8D, 0x44, 0x58, 0xD9, 0xAF, 0xFF, 0xFE, 0xB6, 0x00, 0x03, 0xF0, 0x00,
    0x00, 0x00, 0x03, 0xF0, 0x00, 0x00, 0x00, 0x03, 0xF0, 0x00, 0x00, 0x00,
    0x03, 0xF0, 0x00, 0x00, 0x00, 0x03, 0xF1, 0x8E, 0xFB, 0x20, 0x03, 0xFC,
    0xD6, 0x4A, 0xC0, 0x03, 0xFA, 0x10, 0x04, 0xE0, 0x49, 0xD4, 0x45, 0x8D,
    0xB4, 0xFF, 0xFF, 0xFD, 0xB7, 0xCF, 0x00, 0x3F, 0x00, 0x12, 0x00, 0x00,
    0x3F, 0x00, 0xAD, 0x10, 0x00, 0x3F, 0x00, 0x24, 0x00, 0x00, 0x3F, 0x00,
    0x00, 0x00, 0x00, 0x3F, 0x18, 0xEF, 0xB2, 0x00, 0x3F, 0xCD, 0x64, 0xAC,
    0x00, 0x3F, 0xA1, 0x00, 0x4E, 0x14, 0x9D, 0x44, 0x58, 0xD9, 0x3F, 0xFF,
    0xFF, 0xEB, 0x60, 0x00, 0x3F, 0x00, 0x12, 0x00, 0x00, 0x03, 0xF0, 0x0A,
    0xD1, 0x00, 0x00, 0x3F, 0x00, 0x24, 0x00, 0x00, 0x03, 0xF0, 0x00, 0x00,
    0x00, 0x00, 0x3F, 0x18, 0xEF, 0xB2, 0x00, 0x03, 0xFC, 0xD6, 0x4A, 0xC0,
    0x00, 0x3F, 0xA1, 0x00, 0x4E, 0x00, 0x48, 0xD4, 0x45, 0x8D, 0xB4, 0x0F,
    0xFF, 0xFF, 0xEB, 0x7C, 0xF0, 0x03, 0xF0, 0x00, 0x20, 0x00, 0x3F, 0x00,
    0x9E, 0x10, 0x03, 0xF0, 0x02, 0x40, 0x00, 0x3F, 0x00, 0x00, 0x00, 0x03,
    0xF1, 0x8E, 0xFB, 0x20, 0x3F, 0xCD, 0x64, 0xAC, 0x03, 0xFA, 0x10, 0x04,
    0xE3, 0x8D, 0x44, 0x58, 0xD9, 0xAF, 0xFF, 0xFE, 0xB6, 0x00, 0x03, 0xF0,
    0x00, 0x20, 0x00, 0x03, 0xF0, 0x09, 0xE1, 0x00, 0x03, 0xF0, 0x02, 0x40,
    0x00, 0x03, 0xF0, 0x00, 0x00, 0x00, 0x03, 0xF1, 0x8E, 0xFB, 0x20, 0x03,
    0xFC, 0xD6, 0x4A, 0xC0, 0x03, 0xFA, 0x10, 0x04, 0xE0, 0x49, 0xD4, 0x45,
    0x8D, 0xB4, 0xFF, 0xFF, 0xFD, 0xB7, 0xCF, 0x00, 0x00, 0x00, 0x00, 0x00,
    0x01, 0x9F, 0xD8, 0x10, 0x00, 0xAA, 0x45, 0xA1, 0x00, 0x0F, 0x10, 0x00,
    0x00, 0x00, 0xD5, 0x00, 0x00, 0x00, 0x08, 0xFD, 0xFF, 0x50, 0x05, 0xFB,
    0x64, 0x31, 0x00, 0xE7, 0x00, 0x00, 0x00, 0x2F, 0x10, 0x00, 0x00, 0x01,
    0xF2, 0x00, 0x00, 0x00, 0x0A, 0xC4, 0x11, 0x36, 0x00, 0x19, 0xEF, 0xFF,
    0xB0, 0x00, 0x00, 0x22, 0x10, 0x00, 0x00, 0x00, 0x00, 0x00, 0x00, 0x6C,
    0xFF, 0xC6, 0x00, 0x0D, 0xC4, 0x38, 0xD0, 0x00, 0x5F, 0x41, 0xD5, 0x00,
    0x00, 0x8E, 0xC9, 0x00, 0x00, 0x05, 0xFE, 0xA5, 0x43, 0x06, 0xE5, 0x18,
    0xCE, 0xC1, 0xF6, 0x00, 0x00, 0x00, 0x2F, 0x10, 0x00, 0x00, 0x01, 0xF2,
    0x00, 0x00, 0x00, 0x0B, 0xC3, 0x12, 0x40, 0x00, 0x2B, 0xFF, 0xFC, 0x00,
    0x00, 0x01, 0x32, 0x00, 0x00, 0x00, 0x00, 0x00, 0x00, 0x02, 0xCF, 0xC4,
    0x00, 0xD9, 0x47, 0x50, 0x2F, 0x10, 0x00, 0x01, 0xF3, 0x00, 0x24, 0x4B,
    0xDA, 0xDF, 0xFE, 0xDC, 0x96, 0x20, 0x00, 0x00, 0x00, 0x00, 0x06, 0xCF,
    0xFC, 0x60, 0x0C, 0x94, 0x39, 0xC0, 0x03, 0xD2, 0x2D, 0x30, 0x44, 0x8E,
    0xE8, 0x44, 0xFE, 0xC7, 0x7C, 0xEF, 0x00, 0x00, 0x00, 0x00, 0x00, 0x00,
    0x4D, 0x20, 0x00, 0x00, 0x02, 0xA1, 0x00, 0x00, 0x00, 0x00, 0x00, 0x00,
    0x00, 0x19, 0xFD, 0x81, 0x00, 0x0A, 0xA4, 0x5A, 0x10, 0x00, 0xF1, 0x00,
    0x00, 0x00, 0x0D, 0x50, 0x00, 0x00, 0x00, 0x8F, 0xDF, 0xF5, 0x00, 0x5F,
    0xB6, 0x43, 0x10, 0x0E, 0x70, 0x00, 0x00, 0x02, 0xF1, 0x00, 0x00, 0x00,
    0x1F, 0x20, 0x00, 0x00, 0x00, 0xAC, 0x41, 0x13, 0x60, 0x01, 0x9E, 0xFF,
    0xFB, 0x00, 0x00, 0x02, 0x21, 0x00, 0x00, 0x00, 0x00, 0x00, 0x00, 0x00,
    0x7A, 0x00, 0x00, 0x00, 0x03, 0x60, 0x00, 0x00, 0x00, 0x00, 0x00, 0x00,
    0x06, 0xCF, 0xFC, 0x60, 0x00, 0xDC, 0x43, 0x8D, 0x00, 0x05, 0xF4, 0x1D,
    0x50, 0x00, 0x08, 0xEC, 0x90, 0x00, 0x00, 0x5F, 0xEA, 0x54, 0x30, 0x6E,
    0x51, 0x8C, 0xEC, 0x1F, 0x60, 0x00, 0x00, 0x02, 0xF1, 0x00, 0x00, 0x00,
    0x1F, 0x20, 0x00, 0x00, 0x00, 0xBC, 0x31, 0x24, 0x00, 0x02, 0xBF, 0xFF,
    0xC0, 0x00, 0x00, 0x13, 0x20, 0x00, 0x00, 0x00, 0x00, 0x00, 0x00, 0x5D,
    0x10, 0x00, 0x01, 0x80, 0x00, 0x00, 0x00, 0x00, 0x00, 0x2C, 0xFC, 0x40,
    0x0D, 0x94, 0x75, 0x02, 0xF1, 0x00, 0x00, 0x1F, 0x30, 0x02, 0x44, 0xBD,
    0xAD, 0xFF, 0xED, 0xC9, 0x62, 0x00, 0x01, 0x00, 0x00, 0x00, 0x0A, 0x90,
    0x00, 0x00, 0x04, 0x30, 0x00, 0x00, 0x00, 0x00, 0x00, 0x06, 0xCF, 0xFC,
    0x60, 0x0C, 0x94, 0x39, 0xC0, 0x03, 0xD2, 0x2D, 0x30, 0x44, 0x8E, 0xE8,
    0x44, 0xFE, 0xC7, 0x7C, 0xEF, 0x00, 0x00, 0x00, 0x00, 0x00, 0x00, 0x00,
    0x00, 0x00, 0x00, 0x9A, 0x00, 0x00, 0x00, 0x00, 0x00, 0x56, 0x00, 0x00,
    0x00, 0x00, 0x00, 0x00, 0x00, 0x00, 0x00, 0x00, 0x04, 0xDE, 0x70, 0x00,
    0x00, 0x00, 0x0D, 0x84, 0xE4, 0x0C, 0x20, 0x00, 0x2F, 0x20, 0x8A, 0x2F,
    0x00, 0x00, 0x0B, 0xFF, 0xFC, 0x1F, 0x30, 0x00, 0x00, 0x23, 0x6C, 0x0B,
    0xE7, 0x54, 0x44, 0x45, 0xCA, 0x00, 0x7B, 0xEF, 0xFF, 0xFE, 0xB2, 0x00,
    0x00, 0x00, 0x00, 0x00, 0x00, 0x00, 0x00, 0x00, 0x00, 0x00, 0x08, 0x50,
    0x00, 0x00, 0x00, 0x00, 0x00, 0x06, 0x30, 0x00, 0x00, 0x00, 0x00, 0x00,
    0x00, 0x00, 0x00, 0x01, 0x00, 0x00, 0x00, 0x3D, 0xC2, 0x00, 0x0E, 0x20,
    0x00, 0x00, 0xD8, 0xAA, 0x00, 0x2F, 0x00, 0x00, 0x02, 0xF1, 0x3E, 0x00,
    0x1F, 0x30, 0x00, 0x00, 0xE4, 0x6C, 0x00, 0x0A, 0xE8, 0x54, 0x44, 0xAD,
    0xE7, 0x41, 0x00, 0x6B, 0xEF, 0xFE, 0xC9, 0xAD, 0xF5, 0x00, 0x00, 0x00,
    0x00, 0x00, 0x99, 0x00, 0x00, 0x06, 0x60, 0x00, 0x00, 0x00, 0x00, 0x00,
    0x3D, 0xE7, 0x00, 0x0E, 0x85, 0xE4, 0x02, 0xF2, 0x08, 0xA0, 0x0B, 0xFF,
    0xFC, 0x00, 0x02, 0x36, 0xC1, 0x44, 0x45, 0xC9, 0x3F, 0xFF, 0xEA, 0x20,
    0x00, 0x00, 0x00, 0x00, 0x00, 0x84, 0x00, 0x00, 0x07, 0x30, 0x00, 0x00,
    0x00, 0x00, 0x00, 0x3D, 0xC2, 0x00, 0x0D, 0x8A, 0xA0, 0x02, 0xF1, 0x3E,
    0x00, 0x0E, 0x46, 0xC0, 0x44, 0xAD, 0xE7, 0x4F, 0xFD, 0x9B, 0xEF, 0x00,
    0x00, 0x86, 0x3A, 0x10, 0x00, 0x00, 0x86, 0x3A, 0x10, 0x00, 0x00, 0x00,
    0x00, 0x00, 0x00, 0x00, 0x3D, 0xF9, 0x00, 0x06, 0x20, 0xD8, 0x5D, 0x60,
    0x0E, 0x32, 0xF2, 0x07, 0xB0, 0x1F, 0x10, 0xBF, 0xFF, 0xE0, 0x2F, 0x10,
    0x02, 0x35, 0xE0, 0x1F, 0x40, 0x00, 0x08, 0xC0, 0x09, 0xD4, 0x11, 0x6E,
    0x60, 0x01, 0xAF, 0xFF, 0xE7, 0x00, 0x00, 0x01, 0x32, 0x00, 0x00, 0x00,
    0x00, 0x86, 0x3A, 0x10, 0x00, 0x00, 0x96, 0x3B, 0x10, 0x00, 0x00, 0x00,
    0x00, 0x00, 0x00, 0x00, 0x2C, 0xE9, 0x00, 0x03, 0x00, 0xC9, 0x4C, 0x70,
    0x0D, 0x42, 0xF1, 0x05, 0xC0, 0x1F, 0x11, 0xF7, 0x46, 0xE3, 0x2F, 0x00,
    0x6D, 0xFF, 0xFC, 0x1F, 0x30, 0x00, 0x04, 0xE0, 0x0A, 0xC3, 0x11, 0x5D,
    0x90, 0x01, 0xAF, 0xFF, 0xE8, 0x00, 0x00, 0x01, 0x32, 0x00, 0x00, 0x00,
    0x95, 0x49, 0x00, 0x09, 0x55, 0xA0, 0x00, 0x00, 0x00, 0x00, 0x03, 0xDE,
    0x70, 0x00, 0xE8, 0x5E, 0x40, 0x2F, 0x20, 0x8A, 0x00, 0xBF, 0xFF, 0xC0,
    0x00, 0x23, 0x6C, 0x14, 0x44, 0x5C, 0x93, 0xFF, 0xFE, 0xA2, 0x00, 0x75,
    0x84, 0x00, 0x06, 0x58, 0x30, 0x00, 0x00, 0x00, 0x00, 0x03, 0xDC, 0x20,
    0x00, 0xD8, 0xAA, 0x00, 0x2F, 0x13, 0xE0, 0x00, 0xE4, 0x6C, 0x04, 0x4A,
    0xDE, 0x74, 0xFF, 0xD9, 0xBE, 0xF0, 0x00, 0x00, 0x00, 0x00, 0x03, 0xF0,
    0x00, 0x00, 0x03, 0xC4, 0x03, 0xF0, 0x00, 0x00, 0x0C, 0x61, 0x03, 0xF0,
    0x00, 0x00, 0x0A, 0x80, 0x03, 0xF0, 0x0B, 0x10, 0x01, 0x76, 0x03, 0xF0,
    0x2F, 0x00, 0x3F, 0xF4, 0x03, 0xF0, 0x1F, 0x20, 0x03, 0x10, 0x04, 0xE0,
    0x0B, 0xD7, 0x44, 0x44, 0x6C, 0xB0, 0x01, 0x7C, 0xEF, 0xFF, 0xDA, 0x20,
    0x00, 0x00, 0x00, 0x00, 0x03, 0xF0, 0x00, 0x00, 0x00, 0x3C, 0x40, 0x3F,
    0x00, 0x00, 0x00, 0x0C, 0x61, 0x03, 0xF0, 0x00, 0x00, 0x00, 0xA8, 0x00,
    0x3F, 0x00, 0x0B, 0x10, 0x01, 0x76, 0x03, 0xF0, 0x02, 0xF0, 0x03, 0xFF,
    0x40, 0x3F, 0x00, 0x1F, 0x20, 0x03, 0x10, 0x04, 0xF1, 0x00, 0xBD, 0x74,
    0x44, 0x46, 0xCF, 0x93, 0x01, 0x7C, 0xEF, 0xFF, 0xD8, 0x4D, 0xC0, 0x00,
    0x00, 0x01, 0x50, 0x00, 0x39, 0xEA, 0x03, 0xCE, 0x82, 0x00, 0x9B, 0x00,
    0x00, 0x02, 0xCB, 0x10, 0x00, 0x00, 0xAD, 0x10, 0x00, 0x00, 0xAA, 0x00,
    0x00, 0x03, 0xE0, 0x04, 0x45, 0xAC, 0x01, 0xFF, 0xEA, 0x20, 0x00, 0x00,
    0x24, 0x00, 0x03, 0xAF, 0x70, 0x3C, 0xD7, 0x20, 0x08, 0xB0, 0x00, 0x00,
    0x1C, 0xB1, 0x00, 0x00, 0x09, 0xC1, 0x00, 0x00, 0x09, 0x90, 0x00, 0x00,
    0x2F, 0x30, 0x44, 0x4A, 0xEC, 0x4F, 0xFE, 0xA2, 0x9E, 0x00, 0x00, 0x00,
    0x3F, 0x00, 0x00, 0x00, 0x03, 0xF0, 0x00, 0x00, 0x00, 0x3F, 0x00, 0x00,
    0x00, 0x03, 0xF0, 0x00, 0x00, 0x00, 0x3F, 0x00, 0x00, 0x00, 0x03, 0xF0,
    0x05, 0x10, 0x00, 0x3F, 0x00, 0xE4, 0x00, 0x03, 0xF0, 0x1F, 0x10, 0x00,
    0x3F, 0x02, 0xF0, 0x00, 0x03, 0xE0, 0x1F, 0x20, 0x00, 0x6C, 0x00, 0xBB,
    0x21, 0x4D, 0x70, 0x02, 0xBF, 0xFF, 0x90, 0x00, 0x00, 0x13, 0x10, 0x00,
    0x00, 0x00, 0x00, 0x3F, 0x00, 0x00, 0x00, 0x00, 0x3F, 0x00, 0x00, 0x00,
    0x00, 0x3F, 0x00, 0x00, 0x00, 0x00, 0x3F, 0x00, 0x00, 0x00, 0x00, 0x3F,
    0x00, 0x00, 0x00, 0x00, 0x3F, 0x00, 0x0C, 0x40, 0x00, 0x3F, 0x00, 0x1F,
    0x20, 0x00, 0x3F, 0x82, 0x2F, 0x00, 0x00, 0x3F, 0xC9, 0x1F, 0x20, 0x00,
    0x6D, 0x00, 0x0C, 0xA2, 0x14, 0xD8, 0x00, 0x02, 0xCF, 0xFF, 0x91, 0x00,
    0x00, 0x02, 0x31, 0x00, 0x00, 0x00, 0x3F, 0x00, 0x03, 0xF0, 0x00, 0x3F,
    0x00, 0x03, 0xF0, 0x00, 0x3F, 0x00, 0x03, 0xF0, 0x00, 0x3E, 0x01, 0x4A,
    0xB0, 0x3F, 0xC3, 0x00, 0x03, 0xF0, 0x00, 0x3F, 0x00, 0x03, 0xF0, 0x00,
    0x3F, 0x00, 0x03, 0xF0, 0x00, 0x3F, 0x00, 0x03, 0xF1, 0x04, 0xAF, 0xA4,
    0xFC, 0x4C, 0xF0, 0x00, 0x00, 0x00, 0x00, 0x00, 0x03, 0xCF, 0xB1, 0x00,
    0x0D, 0xA4, 0xBA, 0x00, 0x6E, 0x10, 0x4E, 0x09, 0xFF, 0xA5, 0x9D, 0x1F,
    0x65, 0xAE, 0xD4, 0x2F, 0x00, 0x00, 0x00, 0x3F, 0x00, 0x00, 0x00, 0x3F,
    0x00, 0x00, 0x00, 0x3F, 0x00, 0x00, 0x00, 0x00, 0x00, 0x00, 0x00, 0x00,
    0x00, 0x03, 0xCF, 0xA0, 0x00, 0x00, 0x0D, 0xB4, 0xB9, 0x00, 0x00, 0x5F,
    0x10, 0x4E, 0x00, 0x07, 0xFE, 0x95, 0x9F, 0x81, 0x0E, 0x86, 0xBE, 0xE7,
    0xC5, 0x2F, 0x10, 0x00, 0x00, 0x00, 0x3F, 0x00, 0x00, 0x00, 0x00, 0x3F,
    0x00, 0x00, 0x00, 0x00, 0x3F, 0x00, 0x00, 0x00, 0x00, 0x17, 0x00, 0x00,
    0x00, 0x00, 0x00, 0x00, 0x00, 0x00, 0x01, 0xBF, 0xB2, 0x00, 0xAC, 0x4B,
    0xB0, 0x3F, 0x20, 0x3E, 0x4D, 0xFC, 0x58, 0xDE, 0xA3, 0xAE, 0xD4, 0x00,
    0x00, 0x00, 0x00, 0x00, 0x00, 0x8E, 0xD5, 0x00, 0x00, 0x6D, 0x49, 0xE1,
    0x00, 0x1E, 0x50, 0x1F, 0x60, 0x3B, 0xFD, 0x56, 0xFD, 0x4C, 0xC2, 0x9D,
    0xE8, 0xAC, 0x00, 0x00, 0x51, 0x00, 0x00, 0x00, 0x1D, 0x80, 0x00, 0x07,
    0x30, 0x20, 0x08, 0x70, 0xE4, 0x00, 0x00, 0x7C, 0x2F, 0x10, 0x00, 0x04,
    0xE2, 0xF0, 0x00, 0x00, 0x3E, 0x0F, 0x30, 0x00, 0x06, 0xC0, 0x9D, 0x41,
    0x15, 0xE6, 0x01, 0x9F, 0xFF, 0xE7, 0x00, 0x00, 0x12, 0x20, 0x00, 0x00,
    0x00, 0x10, 0x00, 0x00, 0x00, 0x00, 0x0D, 0x80, 0x00, 0x00, 0x03, 0x00,
    0x62, 0x05, 0x50, 0x00, 0xD5, 0x00, 0x00, 0x8B, 0x00, 0x1F, 0x20, 0x00,
    0x05, 0xF7, 0x22, 0xF0, 0x00, 0x00, 0x3F, 0xD6, 0x1F, 0x30, 0x00, 0x06,
    0xD0, 0x00, 0xAC, 0x41, 0x15, 0xE7, 0x00, 0x01, 0x9F, 0xFF, 0xE8, 0x00,
    0x00, 0x00, 0x12, 0x20, 0x00, 0x00, 0x00, 0x00, 0x03, 0xC2, 0x02, 0xB1,
    0x00, 0x00, 0x00, 0x4A, 0x00, 0x4E, 0x00, 0x3E, 0x24, 0xAB, 0xAF, 0xC3,
    0x01, 0x10, 0x00, 0xAA, 0x00, 0x03, 0x10, 0x00, 0x02, 0x00, 0x03, 0xF0,
    0x00, 0x3F, 0x00, 0x4A, 0xF9, 0x4F, 0xB3, 0xBF, 0x00, 0x00, 0x00, 0x00,
    0x08, 0xB1, 0x00, 0x02, 0xEE, 0xC1, 0x00, 0xB9, 0x1C, 0x90, 0x2F, 0x10,
    0x4E, 0x01, 0xF7, 0x49, 0xC0, 0x05, 0xDE, 0xC3, 0x00, 0x00, 0x00, 0x44,
    0x00, 0x00, 0x3A, 0xF9, 0x00, 0x06, 0xE9, 0x7B, 0x00, 0x1F, 0x40, 0x3D,
    0x00, 0x2F, 0x41, 0x9F, 0x00, 0x09, 0xFF, 0xBD, 0x71, 0x00, 0x12, 0x04,
    0xD5, 0x00, 0x00, 0x01, 0x00, 0x00, 0x00, 0x00, 0x03, 0xE7, 0x10, 0x00,
    0x00, 0x4D, 0xFF, 0xEE, 0x50, 0x00, 0x1F, 0x73, 0x9C, 0x5E, 0x70, 0x01,
    0xF2, 0x04, 0xD0, 0x4E, 0x01, 0x4A, 0xEA, 0xE7, 0x4A, 0xC0, 0x3F, 0xEB,
    0x9C, 0xEE, 0xB3, 0x00, 0x00, 0x00, 0x00, 0x00, 0x00, 0x1C, 0xE5, 0x00,
    0x00, 0x9A, 0x8D, 0x00, 0x00, 0xE3, 0x3E, 0x00, 0x01, 0xF1, 0x7B, 0x00,
    0x25, 0xF6, 0xE4, 0x12, 0x9F, 0xFE, 0x65, 0xF8, 0x00, 0xE4, 0x0E, 0x60,
    0x00, 0x7D, 0x4F, 0x10, 0x00, 0x0B, 0xFF, 0x00, 0x00, 0x00, 0x73, 0x00,
    0x00, 0x00, 0x00, 0x02, 0xDF, 0x90, 0x0C, 0x94, 0xD7, 0x2F, 0x10, 0x5C,
    0x1F, 0x74, 0x7E, 0x06, 0xDF, 0xEE, 0x00, 0x00, 0x7B, 0x00, 0x06, 0xE3,
    0x09, 0xDE, 0x40, 0x07, 0x51, 0x00, 0x00, 0x00, 0x00, 0x00, 0x2C, 0xE9,
    0x00, 0x0C, 0x94, 0xC7, 0x02, 0xF1, 0x05, 0xC0, 0x1F, 0x74, 0x6E, 0x30,
    0x5D, 0xFF, 0xFC, 0x00, 0x00, 0x7B, 0x00, 0x00, 0x6E, 0x40, 0x09, 0xDE,
    0x50, 0x00, 0x76, 0x10, 0x00, 0x00, 0x00, 0x00, 0x00, 0x00, 0x00, 0x00,
    0x02, 0xBF, 0xA0, 0x02, 0x00, 0x0B, 0xA4, 0x30, 0x0D, 0x50, 0x1F, 0x20,
    0x00, 0x1F, 0x20, 0x2F, 0x43, 0x10, 0x2F, 0x00, 0x0B, 0xFF, 0xB0, 0x1F,
    0x30, 0x00, 0x04, 0xE0, 0x0A, 0xC3, 0x12, 0x5C, 0xA0, 0x01, 0xAF, 0xFF,
    0xE8, 0x00, 0x00, 0x01, 0x32, 0x00, 0x00, 0x0A, 0x20, 0x00, 0x00, 0x00,
    0x1F, 0x10, 0x03, 0x44, 0x40, 0x2F, 0x00, 0x0A, 0xFF, 0xF1, 0x1F, 0x30,
    0x00, 0x05, 0xE0, 0x0A, 0xC3, 0x11, 0x4C, 0xB0, 0x01, 0xAF, 0xFF, 0xF9,
    0x10, 0x00, 0x01, 0x32, 0x00, 0x00, 0x00, 0x00, 0x00, 0x00, 0x00, 0x00,
    0x00, 0x02, 0xBF, 0xA0, 0x02, 0x00, 0x0B, 0xA4, 0x30, 0x0D, 0x50, 0x1F,
    0x20, 0x00, 0x1F, 0x20, 0x2F, 0x43, 0x10, 0x2F, 0x00, 0x0B, 0xFF, 0xB0,
    0x1F, 0x30, 0x00, 0x04, 0xE0, 0x0A, 0xC3, 0x12, 0x5C, 0xA0, 0x01, 0xAF,
    0xFF, 0xE8, 0x00, 0x00, 0x01, 0x32, 0x00, 0x00, 0x00, 0x06, 0x63, 0x70,
    0x00, 0x00, 0x08, 0x84, 0x90, 0x00, 0x00, 0x00, 0x00, 0x00, 0x00, 0x0A,
    0x20, 0x00, 0x00, 0x00, 0x1F, 0x10, 0x03, 0x44, 0x40, 0x2F, 0x00, 0x0A,
    0xFF, 0xF1, 0x1F, 0x30, 0x00, 0x05, 0xE0, 0x0A, 0xC3, 0x11, 0x4C, 0xB0,
    0x01, 0xAF, 0xFF, 0xF9, 0x10, 0x00, 0x01, 0x32, 0x00, 0x00, 0x00, 0x08,
    0x36, 0x50, 0x00, 0x00, 0x0A, 0x58, 0x70, 0x00, 0x00, 0x00, 0x00, 0x00,
    0x00, 0x00, 0x04, 0xA0, 0x00, 0x4E, 0x00, 0x03, 0xE0, 0x24, 0x9B, 0x0A,
    0xFD, 0x30, 0x00, 0x00, 0x1A, 0x19, 0x22, 0xB2, 0xB3, 0x00, 0x00, 0x20,
    0x00, 0x03, 0xF0, 0x00, 0x03, 0xF0, 0x04, 0x4B, 0xF7, 0x0F, 0xEA, 0x4E,
    0x00, 0x00, 0x00, 0x49, 0x1A, 0x20, 0x5A, 0x2B, 0x30, 0x00, 0x00, 0x10,
    0x00, 0x00, 0x6E, 0xFD, 0x20, 0x00, 0x09, 0x43, 0x10, 0x00, 0x00, 0x18,
    0x00, 0x03, 0xF0, 0x00, 0xD5, 0x00, 0x3F, 0x00, 0x07, 0xA0, 0x03, 0xF0,
    0x00, 0x2F, 0x10, 0x3F, 0x00, 0x00, 0xC5, 0x03, 0xF0, 0x00, 0x08, 0x80,
    0x3E, 0x00, 0x00, 0x4C, 0x06, 0xB0, 0x01, 0x45, 0xE4, 0xD4, 0x00, 0x2F,
    0xED, 0xA3, 0x00, 0x00, 0x01, 0x00, 0x00, 0x04, 0xEF, 0xE2, 0x00, 0x00,
    0x84, 0x31, 0x00, 0x00, 0x00, 0x72, 0x00, 0x3F, 0x00, 0x0B, 0x70, 0x03,
    0xF0, 0x00, 0x5C, 0x00, 0x3F, 0x00, 0x00, 0xE2, 0x03, 0xF0, 0x00, 0x0A,
    0x60, 0x3F, 0x00, 0x00, 0x59, 0x03, 0xF0, 0x00, 0x02, 0xD0, 0x6F, 0x20,
    0x04, 0x4E, 0x4C, 0xCB, 0x40, 0xFF, 0xD9, 0x22, 0xCF, 0x00, 0x00, 0x00,
    0x00, 0x4E, 0x50, 0x00, 0x00, 0x95, 0x20, 0x00, 0x00, 0x77, 0x60, 0x00,
    0x00, 0x9A, 0x30, 0x00, 0x00, 0x17, 0x10, 0x03, 0xF0, 0x0B, 0x70, 0x03,
    0xF0, 0x05, 0xC0, 0x03, 0xF0, 0x00, 0xE2, 0x03, 0xF0, 0x00, 0xA6, 0x03,
    0xF0, 0x00, 0x69, 0x03, 0xE0, 0x00, 0x2D, 0x06, 0xB0, 0x04, 0x4E, 0x4D,
    0x40, 0x0F, 0xFD, 0xA3, 0x00, 0x00, 0x00, 0x00, 0x00, 0x02, 0xE5, 0x00,
    0x00, 0x00, 0x75, 0x20, 0x00, 0x00, 0x04, 0x77, 0x00, 0x00, 0x00, 0x7A,
    0x30, 0x00, 0x00, 0x01, 0x72, 0x00, 0x3F, 0x00, 0x0B, 0x70, 0x03, 0xF0,
    0x00, 0x5C, 0x00, 0x3F, 0x00, 0x00, 0xE2, 0x03, 0xF0, 0x00, 0x0A, 0x60,
    0x3F, 0x00, 0x00, 0x59, 0x03, 0xF0, 0x00, 0x02, 0xD0, 0x6F, 0x20, 0x04,
    0x4E, 0x4C, 0xCB, 0x40, 0xFF, 0xD9, 0x22, 0xCF, 0x18, 0x00, 0x03, 0xF0,
    0x0D, 0x50, 0x03, 0xF0, 0x07, 0xA0, 0x03, 0xF0, 0x02, 0xF1, 0x03, 0xF0,
    0x00, 0xC5, 0x03, 0xF0, 0x00, 0x88, 0x03, 0xE0, 0x00, 0x4C, 0x06, 0xB0,
    0x14, 0x5F, 0x4D, 0x40, 0x2F, 0xED, 0xA3, 0x00, 0x00, 0x00, 0x00, 0x00,
    0x04, 0xE6, 0x00, 0x00, 0x09, 0x52, 0x00, 0x00, 0x05, 0xA8, 0x00, 0x00,
    0x08, 0x50, 0x00, 0x00, 0x07, 0x20, 0x03, 0xF0, 0x00, 0xB7, 0x00, 0x3F,
    0x00, 0x05, 0xC0, 0x03, 0xF0, 0x00, 0x0E, 0x20, 0x3F, 0x00, 0x00, 0xA6,
    0x03, 0xF0, 0x00, 0x05, 0xA0, 0x3F, 0x00, 0x00, 0x2D, 0x06, 0xF2, 0x00,
    0x44, 0xE4, 0xCC, 0xB4, 0x0F, 0xFD, 0x92, 0x2C, 0xF0, 0x00, 0x00, 0x00,
    0x00, 0x02, 0xE7, 0x00, 0x00, 0x00, 0x76, 0x20, 0x00, 0x00, 0x03, 0xA9,
    0x00, 0x00, 0x00, 0x66, 0x00, 0x00, 0x00, 0x18, 0x00, 0x03, 0xF0, 0x0D,
    0x50, 0x03, 0xF0, 0x07, 0xA0, 0x03, 0xF0, 0x02, 0xF1, 0x03, 0xF0, 0x00,
    0xC5, 0x03, 0xF0, 0x00, 0x88, 0x03, 0xE0, 0x00, 0x4C, 0x06, 0xB0, 0x14,
    0x5E, 0x4D, 0x40, 0x2F, 0xED, 0xA3, 0x00, 0x07, 0x20, 0x03, 0xF0, 0x00,
    0xB7, 0x00, 0x3F, 0x00, 0x05, 0xC0, 0x03, 0xF0, 0x00, 0x0E, 0x20, 0x3F,
    0x00, 0x00, 0xA6, 0x03, 0xF0, 0x00, 0x05, 0x90, 0x3F, 0x00, 0x00, 0x2D,
    0x06, 0xF2, 0x00, 0x44, 0xE4, 0xCC, 0xB4, 0x0F, 0xFD, 0x92, 0x2C, 0xF0
};

static const lv_font_fmt_txt_glyph_dsc_t glyph_dsc[] = {
    {.bitmap_index = 0, .adv_w = 0, .box_w = 0, .box_h = 0, .ofs_x = 0, .ofs_y = 0}, /* id = 0 reserved */
    {.bitmap_index = 0, .adv_w = 60, .box_w = 4, .box_h = 0, .ofs_x = 0, .ofs_y = 0}, /* id = 1 */
    {.bitmap_index = 0, .adv_w = 61, .box_w = 4, .box_h = 10, .ofs_x = 0, .ofs_y = 0}, /* id = 2 */
    {.bitmap_index = 20, .adv_w = 72, .box_w = 5, .box_h = 11, .ofs_x = 0, .ofs_y = 0}, /* id = 3 */
    {.bitmap_index = 48, .adv_w = 138, .box_w = 9, .box_h = 11, .ofs_x = 0, .ofs_y = 0}, /* id = 4 */
    {.bitmap_index = 98, .adv_w = 126, .box_w = 8, .box_h = 14, .ofs_x = 0, .ofs_y = -2}, /* id = 5 */
    {.bitmap_index = 154, .adv_w = 164, .box_w = 11, .box_h = 11, .ofs_x = 0, .ofs_y = 0}, /* id = 6 */
    {.bitmap_index = 215, .adv_w = 139, .box_w = 9, .box_h = 11, .ofs_x = 0, .ofs_y = 0}, /* id = 7 */
    {.bitmap_index = 265, .adv_w = 39, .box_w = 3, .box_h = 11, .ofs_x = 0, .ofs_y = 0}, /* id = 8 */
    {.bitmap_index = 282, .adv_w = 76, .box_w = 5, .box_h = 16, .ofs_x = 0, .ofs_y = -4}, /* id = 9 */
    {.bitmap_index = 322, .adv_w = 76, .box_w = 5, .box_h = 16, .ofs_x = 0, .ofs_y = -4}, /* id = 10 */
    {.bitmap_index = 362, .adv_w = 96, .box_w = 7, .box_h = 11, .ofs_x = 0, .ofs_y = 0}, /* id = 11 */
    {.bitmap_index = 401, .adv_w = 120, .box_w = 8, .box_h = 7, .ofs_x = 0, .ofs_y = 0}, /* id = 12 */
    {.bitmap_index = 429, .adv_w = 44, .box_w = 3, .box_h = 4, .ofs_x = 0, .ofs_y = -2}, /* id = 13 */
    {.bitmap_index = 435, .adv_w = 104, .box_w = 7, .box_h = 4, .ofs_x = 0, .ofs_y = 0}, /* id = 14 */
    {.bitmap_index = 449, .adv_w = 61, .box_w = 4, .box_h = 2, .ofs_x = 0, .ofs_y = 0}, /* id = 15 */
    {.bitmap_index = 453, .adv_w = 92, .box_w = 6, .box_h = 12, .ofs_x = 0, .ofs_y = -1}, /* id = 16 */
    {.bitmap_index = 489, .adv_w = 126, .box_w = 8, .box_h = 11, .ofs_x = 0, .ofs_y = 0}, /* id = 17 */
    {.bitmap_index = 533, .adv_w = 126, .box_w = 8, .box_h = 11, .ofs_x = 0, .ofs_y = 0}, /* id = 18 */
    {.bitmap_index = 577, .adv_w = 126, .box_w = 8, .box_h = 11, .ofs_x = 0, .ofs_y = 0}, /* id = 19 */
    {.bitmap_index = 621, .adv_w = 126, .box_w = 8, .box_h = 11, .ofs_x = 0, .ofs_y = 0}, /* id = 20 */
    {.bitmap_index = 665, .adv_w = 126, .box_w = 8, .box_h = 11, .ofs_x = 0, .ofs_y = 0}, /* id = 21 */
    {.bitmap_index = 709, .adv_w = 126, .box_w = 8, .box_h = 11, .ofs_x = 0, .ofs_y = 0}, /* id = 22 */
    {.bitmap_index = 753, .adv_w = 126, .box_w = 8, .box_h = 11, .ofs_x = 0, .ofs_y = 0}, /* id = 23 */
    {.bitmap_index = 797, .adv_w = 126, .box_w = 8, .box_h = 11, .ofs_x = 0, .ofs_y = 0}, /* id = 24 */
    {.bitmap_index = 841, .adv_w = 126, .box_w = 8, .box_h = 11, .ofs_x = 0, .ofs_y = 0}, /* id = 25 */
    {.bitmap_index = 885, .adv_w = 126, .box_w = 8, .box_h = 11, .ofs_x = 0, .ofs_y = 0}, /* id = 26 */
    {.bitmap_index = 929, .adv_w = 61, .box_w = 4, .box_h = 6, .ofs_x = 0, .ofs_y = 0}, /* id = 27 */
    {.bitmap_index = 941, .adv_w = 47, .box_w = 3, .box_h = 11, .ofs_x = 0, .ofs_y = -3}, /* id = 28 */
    {.bitmap_index = 958, .adv_w = 114, .box_w = 7, .box_h = 8, .ofs_x = 0, .ofs_y = 0}, /* id = 29 */
    {.bitmap_index = 986, .adv_w = 123, .box_w = 8, .box_h = 6, .ofs_x = 0, .ofs_y = 0}, /* id = 30 */
    {.bitmap_index = 1010, .adv_w = 117, .box_w = 7, .box_h = 8, .ofs_x = 0, .ofs_y = 0}, /* id = 31 */
    {.bitmap_index = 1038, .adv_w = 106, .box_w = 7, .box_h = 11, .ofs_x = 0, .ofs_y = 0}, /* id = 32 */
    {.bitmap_index = 1077, .adv_w = 201, .box_w = 13, .box_h = 14, .ofs_x = 0, .ofs_y = -3}, /* id = 33 */
    {.bitmap_index = 1168, .adv_w = 146, .box_w = 9, .box_h = 11, .ofs_x = 0, .ofs_y = 0}, /* id = 34 */
    {.bitmap_index = 1218, .adv_w = 140, .box_w = 9, .box_h = 11, .ofs_x = 0, .ofs_y = 0}, /* id = 35 */
    {.bitmap_index = 1268, .adv_w = 146, .box_w = 9, .box_h = 11, .ofs_x = 0, .ofs_y = 0}, /* id = 36 */
    {.bitmap_index = 1318, .adv_w = 147, .box_w = 9, .box_h = 11, .ofs_x = 0, .ofs_y = 0}, /* id = 37 */
    {.bitmap_index = 1368, .adv_w = 127, .box_w = 8, .box_h = 11, .ofs_x = 0, .ofs_y = 0}, /* id = 38 */
    {.bitmap_index = 1412, .adv_w = 124, .box_w = 8, .box_h = 11, .ofs_x = 0, .ofs_y = 0}, /* id = 39 */
    {.bitmap_index = 1456, .adv_w = 152, .box_w = 10, .box_h = 11, .ofs_x = 0, .ofs_y = 0}, /* id = 40 */
    {.bitmap_index = 1511, .adv_w = 160, .box_w = 10, .box_h = 11, .ofs_x = 0, .ofs_y = 0}, /* id = 41 */
    {.bitmap_index = 1566, .adv_w = 61, .box_w = 4, .box_h = 11, .ofs_x = 0, .ofs_y = 0}, /* id = 42 */
    {.bitmap_index = 1588, .adv_w = 124, .box_w = 8, .box_h = 11, .ofs_x = 0, .ofs_y = 0}, /* id = 43 */
    {.bitmap_index = 1632, .adv_w = 140, .box_w = 9, .box_h = 11, .ofs_x = 0, .ofs_y = 0}, /* id = 44 */
    {.bitmap_index = 1682, .adv_w = 121, .box_w = 8, .box_h = 11, .ofs_x = 0, .ofs_y = 0}, /* id = 45 */
    {.bitmap_index = 1726, .adv_w = 196, .box_w = 12, .box_h = 11, .ofs_x = 0, .ofs_y = 0}, /* id = 46 */
    {.bitmap_index = 1792, .adv_w = 160, .box_w = 10, .box_h = 11, .ofs_x = 0, .ofs_y = 0}, /* id = 47 */
    {.bitmap_index = 1847, .adv_w = 154, .box_w = 10, .box_h = 11, .ofs_x = 0, .ofs_y = 0}, /* id = 48 */
    {.bitmap_index = 1902, .adv_w = 141, .box_w = 9, .box_h = 11, .ofs_x = 0, .ofs_y = 0}, /* id = 49 */
    {.bitmap_index = 1952, .adv_w = 154, .box_w = 10, .box_h = 13, .ofs_x = 0, .ofs_y = -2}, /* id = 50 */
    {.bitmap_index = 2017, .adv_w = 138, .box_w = 9, .box_h = 11, .ofs_x = 0, .ofs_y = 0}, /* id = 51 */
    {.bitmap_index = 2067, .adv_w = 133, .box_w = 9, .box_h = 11, .ofs_x = 0, .ofs_y = 0}, /* id = 52 */
    {.bitmap_index = 2117, .adv_w = 134, .box_w = 9, .box_h = 11, .ofs_x = 0, .ofs_y = 0}, /* id = 53 */
    {.bitmap_index = 2167, .adv_w = 145, .box_w = 9, .box_h = 11, .ofs_x = 0, .ofs_y = 0}, /* id = 54 */
    {.bitmap_index = 2217, .adv_w = 143, .box_w = 9, .box_h = 11, .ofs_x = 0, .ofs_y = 0}, /* id = 55 */
    {.bitmap_index = 2267, .adv_w = 199, .box_w = 13, .box_h = 11, .ofs_x = 0, .ofs_y = 0}, /* id = 56 */
    {.bitmap_index = 2339, .adv_w = 140, .box_w = 9, .box_h = 11, .ofs_x = 0, .ofs_y = 0}, /* id = 57 */
    {.bitmap_index = 2389, .adv_w = 134, .box_w = 9, .box_h = 11, .ofs_x = 0, .ofs_y = 0}, /* id = 58 */
    {.bitmap_index = 2439, .adv_w = 134, .box_w = 8, .box_h = 11, .ofs_x = 0, .ofs_y = 0}, /* id = 59 */
    {.bitmap_index = 2483, .adv_w = 60, .box_w = 4, .box_h = 15, .ofs_x = 0, .ofs_y = -3}, /* id = 60 */
    {.bitmap_index = 2513, .adv_w = 92, .box_w = 6, .box_h = 12, .ofs_x = 0, .ofs_y = -1}, /* id = 61 */
    {.bitmap_index = 2549, .adv_w = 60, .box_w = 4, .box_h = 15, .ofs_x = 0, .ofs_y = -3}, /* id = 62 */
    {.bitmap_index = 2579, .adv_w = 94, .box_w = 6, .box_h = 11, .ofs_x = 0, .ofs_y = 0}, /* id = 63 */
    {.bitmap_index = 2612, .adv_w = 101, .box_w = 7, .box_h = 2, .ofs_x = 0, .ofs_y = -2}, /* id = 64 */
    {.bitmap_index = 2619, .adv_w = 69, .box_w = 4, .box_h = 11, .ofs_x = 0, .ofs_y = 0}, /* id = 65 */
    {.bitmap_index = 2641, .adv_w = 122, .box_w = 8, .box_h = 8, .ofs_x = 0, .ofs_y = 0}, /* id = 66 */
    {.bitmap_index = 2673, .adv_w = 126, .box_w = 8, .box_h = 11, .ofs_x = 0, .ofs_y = 0}, /* id = 67 */
    {.bitmap_index = 2717, .adv_w = 117, .box_w = 8, .box_h = 8, .ofs_x = 0, .ofs_y = 0}, /* id = 68 */
    {.bitmap_index = 2749, .adv_w = 126, .box_w = 8, .box_h = 11, .ofs_x = 0, .ofs_y = 0}, /* id = 69 */
    {.bitmap_index = 2793, .adv_w = 119, .box_w = 8, .box_h = 8, .ofs_x = 0, .ofs_y = 0}, /* id = 70 */
    {.bitmap_index = 2825, .adv_w = 78, .box_w = 6, .box_h = 11, .ofs_x = 0, .ofs_y = 0}, /* id = 71 */
    {.bitmap_index = 2858, .adv_w = 126, .box_w = 8, .box_h = 11, .ofs_x = 0, .ofs_y = -3}, /* id = 72 */
    {.bitmap_index = 2902, .adv_w = 124, .box_w = 8, .box_h = 11, .ofs_x = 0, .ofs_y = 0}, /* id = 73 */
    {.bitmap_index = 2946, .adv_w = 54, .box_w = 3, .box_h = 11, .ofs_x = 0, .ofs_y = 0}, /* id = 74 */
    {.bitmap_index = 2963, .adv_w = 54, .box_w = 4, .box_h = 14, .ofs_x = -1, .ofs_y = -3}, /* id = 75 */
    {.bitmap_index = 2991, .adv_w = 114, .box_w = 7, .box_h = 11, .ofs_x = 0, .ofs_y = 0}, /* id = 76 */
    {.bitmap_index = 3030, .adv_w = 54, .box_w = 3, .box_h = 11, .ofs_x = 0, .ofs_y = 0}, /* id = 77 */
    {.bitmap_index = 3047, .adv_w = 196, .box_w = 13, .box_h = 8, .ofs_x = 0, .ofs_y = 0}, /* id = 78 */
    {.bitmap_index = 3099, .adv_w = 124, .box_w = 8, .box_h = 8, .ofs_x = 0, .ofs_y = 0}, /* id = 79 */
    {.bitmap_index = 3131, .adv_w = 128, .box_w = 8, .box_h = 8, .ofs_x = 0, .ofs_y = 0}, /* id = 80 */
    {.bitmap_index = 3163, .adv_w = 126, .box_w = 8, .box_h = 11, .ofs_x = 0, .ofs_y = -3}, /* id = 81 */
    {.bitmap_index = 3207, .adv_w = 127, .box_w = 8, .box_h = 11, .ofs_x = 0, .ofs_y = -3}, /* id = 82 */
    {.bitmap_index = 3251, .adv_w = 76, .box_w = 5, .box_h = 8, .ofs_x = 0, .ofs_y = 0}, /* id = 83 */
    {.bitmap_index = 3271, .adv_w = 116, .box_w = 7, .box_h = 8, .ofs_x = 0, .ofs_y = 0}, /* id = 84 */
    {.bitmap_index = 3299, .adv_w = 73, .box_w = 6, .box_h = 10, .ofs_x = 0, .ofs_y = 0}, /* id = 85 */
    {.bitmap_index = 3329, .adv_w = 124, .box_w = 8, .box_h = 8, .ofs_x = 0, .ofs_y = 0}, /* id = 86 */
    {.bitmap_index = 3361, .adv_w = 108, .box_w = 7, .box_h = 8, .ofs_x = 0, .ofs_y = 0}, /* id = 87 */
    {.bitmap_index = 3389, .adv_w = 168, .box_w = 11, .box_h = 8, .ofs_x = 0, .ofs_y = 0}, /* id = 88 */
    {.bitmap_index = 3433, .adv_w = 111, .box_w = 7, .box_h = 8, .ofs_x = 0, .ofs_y = 0}, /* id = 89 */
    {.bitmap_index = 3461, .adv_w = 106, .box_w = 7, .box_h = 11, .ofs_x = 0, .ofs_y = -3}, /* id = 90 */
    {.bitmap_index = 3500, .adv_w = 111, .box_w = 7, .box_h = 8, .ofs_x = 0, .ofs_y = 0}, /* id = 91 */
    {.bitmap_index = 3528, .adv_w = 76, .box_w = 5, .box_h = 15, .ofs_x = 0, .ofs_y = -3}, /* id = 92 */
    {.bitmap_index = 3566, .adv_w = 55, .box_w = 3, .box_h = 13, .ofs_x = 0, .ofs_y = -2}, /* id = 93 */
    {.bitmap_index = 3586, .adv_w = 76, .box_w = 5, .box_h = 15, .ofs_x = 0, .ofs_y = -3}, /* id = 94 */
    {.bitmap_index = 3624, .adv_w = 152, .box_w = 10, .box_h = 6, .ofs_x = 0, .ofs_y = 0}, /* id = 95 */
    {.bitmap_index = 3654, .adv_w = 61, .box_w = 4, .box_h = 4, .ofs_x = 0, .ofs_y = 0}, /* id = 96 */
    {.bitmap_index = 3662, .adv_w = 92, .box_w = 6, .box_h = 13, .ofs_x = 0, .ofs_y = -2}, /* id = 97 */
    {.bitmap_index = 3701, .adv_w = 136, .box_w = 9, .box_h = 13, .ofs_x = 0, .ofs_y = 0}, /* id = 98 */
    {.bitmap_index = 3760, .adv_w = 136, .box_w = 9, .box_h = 13, .ofs_x = 0, .ofs_y = 0}, /* id = 99 */
    {.bitmap_index = 3819, .adv_w = 136, .box_w = 9, .box_h = 16, .ofs_x = 0, .ofs_y = 0}, /* id = 100 */
    {.bitmap_index = 3891, .adv_w = 136, .box_w = 9, .box_h = 14, .ofs_x = 0, .ofs_y = 0}, /* id = 101 */
    {.bitmap_index = 3954, .adv_w = 61, .box_w = 4, .box_h = 7, .ofs_x = 0, .ofs_y = 0}, /* id = 102 */
    {.bitmap_index = 3968, .adv_w = 96, .box_w = 6, .box_h = 9, .ofs_x = 0, .ofs_y = 0}, /* id = 103 */
    {.bitmap_index = 3995, .adv_w = 91, .box_w = 6, .box_h = 7, .ofs_x = 0, .ofs_y = -1}, /* id = 104 */
    {.bitmap_index = 4016, .adv_w = 52, .box_w = 6, .box_h = 12, .ofs_x = -2, .ofs_y = 0}, /* id = 105 */
    {.bitmap_index = 4052, .adv_w = 52, .box_w = 3, .box_h = 14, .ofs_x = 0, .ofs_y = 0}, /* id = 106 */
    {.bitmap_index = 4073, .adv_w = 100, .box_w = 6, .box_h = 13, .ofs_x = 0, .ofs_y = -4}, /* id = 107 */
    {.bitmap_index = 4112, .adv_w = 52, .box_w = 3, .box_h = 14, .ofs_x = 0, .ofs_y = -5}, /* id = 108 */
    {.bitmap_index = 4133, .adv_w = 158, .box_w = 10, .box_h = 13, .ofs_x = 0, .ofs_y = -4}, /* id = 109 */
    {.bitmap_index = 4198, .adv_w = 52, .box_w = 3, .box_h = 9, .ofs_x = 0, .ofs_y = 0}, /* id = 110 */
    {.bitmap_index = 4212, .adv_w = 196, .box_w = 12, .box_h = 9, .ofs_x = 0, .ofs_y = -4}, /* id = 111 */
    {.bitmap_index = 4266, .adv_w = 104, .box_w = 7, .box_h = 9, .ofs_x = 0, .ofs_y = 0}, /* id = 112 */
    {.bitmap_index = 4298, .adv_w = 196, .box_w = 12, .box_h = 7, .ofs_x = 0, .ofs_y = 0}, /* id = 113 */
    {.bitmap_index = 4340, .adv_w = 196, .box_w = 12, .box_h = 8, .ofs_x = 0, .ofs_y = 0}, /* id = 114 */
    {.bitmap_index = 4388, .adv_w = 150, .box_w = 10, .box_h = 12, .ofs_x = 0, .ofs_y = -6}, /* id = 115 */
    {.bitmap_index = 4448, .adv_w = 150, .box_w = 10, .box_h = 12, .ofs_x = 0, .ofs_y = -6}, /* id = 116 */
    {.bitmap_index = 4508, .adv_w = 150, .box_w = 10, .box_h = 15, .ofs_x = 0, .ofs_y = -6}, /* id = 117 */
    {.bitmap_index = 4583, .adv_w = 107, .box_w = 7, .box_h = 7, .ofs_x = 0, .ofs_y = 0}, /* id = 118 */
    {.bitmap_index = 4608, .adv_w = 107, .box_w = 7, .box_h = 10, .ofs_x = 0, .ofs_y = 0}, /* id = 119 */
    {.bitmap_index = 4643, .adv_w = 77, .box_w = 6, .box_h = 8, .ofs_x = -1, .ofs_y = -4}, /* id = 120 */
    {.bitmap_index = 4667, .adv_w = 77, .box_w = 6, .box_h = 12, .ofs_x = -1, .ofs_y = -4}, /* id = 121 */
    {.bitmap_index = 4703, .adv_w = 265, .box_w = 17, .box_h = 9, .ofs_x = 0, .ofs_y = -4}, /* id = 122 */
    {.bitmap_index = 4780, .adv_w = 265, .box_w = 17, .box_h = 13, .ofs_x = 0, .ofs_y = -4}, /* id = 123 */
    {.bitmap_index = 4891, .adv_w = 280, .box_w = 17, .box_h = 10, .ofs_x = 0, .ofs_y = -4}, /* id = 124 */
    {.bitmap_index = 4976, .adv_w = 280, .box_w = 17, .box_h = 13, .ofs_x = 0, .ofs_y = -4}, /* id = 125 */
    {.bitmap_index = 5087, .adv_w = 166, .box_w = 10, .box_h = 9, .ofs_x = 0, .ofs_y = 0}, /* id = 126 */
    {.bitmap_index = 5132, .adv_w = 166, .box_w = 10, .box_h = 9, .ofs_x = 0, .ofs_y = 0}, /* id = 127 */
    {.bitmap_index = 5177, .adv_w = 138, .box_w = 9, .box_h = 13, .ofs_x = 0, .ofs_y = -6}, /* id = 128 */
    {.bitmap_index = 5236, .adv_w = 138, .box_w = 9, .box_h = 16, .ofs_x = 0, .ofs_y = -6}, /* id = 129 */
    {.bitmap_index = 5308, .adv_w = 158, .box_w = 10, .box_h = 11, .ofs_x = 0, .ofs_y = -4}, /* id = 130 */
    {.bitmap_index = 5363, .adv_w = 62, .box_w = 4, .box_h = 2, .ofs_x = 0, .ofs_y = 0}, /* id = 131 */
    {.bitmap_index = 5367, .adv_w = 194, .box_w = 12, .box_h = 11, .ofs_x = 0, .ofs_y = 0}, /* id = 132 */
    {.bitmap_index = 5433, .adv_w = 155, .box_w = 10, .box_h = 12, .ofs_x = 0, .ofs_y = -4}, /* id = 133 */
    {.bitmap_index = 5493, .adv_w = 197, .box_w = 12, .box_h = 9, .ofs_x = 0, .ofs_y = 0}, /* id = 134 */
    {.bitmap_index = 5547, .adv_w = 143, .box_w = 9, .box_h = 14, .ofs_x = 0, .ofs_y = -5}, /* id = 135 */
    {.bitmap_index = 5610, .adv_w = 133, .box_w = 8, .box_h = 10, .ofs_x = 0, .ofs_y = -4}, /* id = 136 */
    {.bitmap_index = 5650, .adv_w = 152, .box_w = 9, .box_h = 10, .ofs_x = 0, .ofs_y = -4}, /* id = 137 */
    {.bitmap_index = 5695, .adv_w = 104, .box_w = 7, .box_h = 7, .ofs_x = 0, .ofs_y = 0}, /* id = 138 */
    {.bitmap_index = 5720, .adv_w = 100, .box_w = 6, .box_h = 10, .ofs_x = 0, .ofs_y = -4}, /* id = 139 */
    {.bitmap_index = 5750, .adv_w = 158, .box_w = 10, .box_h = 10, .ofs_x = 0, .ofs_y = -4}, /* id = 140 */
    {.bitmap_index = 5800, .adv_w = 158, .box_w = 10, .box_h = 13, .ofs_x = 0, .ofs_y = -7}, /* id = 141 */
    {.bitmap_index = 5865, .adv_w = 136, .box_w = 9, .box_h = 12, .ofs_x = 0, .ofs_y = 0}, /* id = 142 */
    {.bitmap_index = 5919, .adv_w = 136, .box_w = 9, .box_h = 13, .ofs_x = 0, .ofs_y = 0}, /* id = 143 */
    {.bitmap_index = 5978, .adv_w = 136, .box_w = 9, .box_h = 12, .ofs_x = 0, .ofs_y = -5}, /* id = 144 */
    {.bitmap_index = 6032, .adv_w = 136, .box_w = 9, .box_h = 10, .ofs_x = 0, .ofs_y = 0}, /* id = 145 */
    {.bitmap_index = 6077, .adv_w = 136, .box_w = 9, .box_h = 13, .ofs_x = 0, .ofs_y = 0}, /* id = 146 */
    {.bitmap_index = 6136, .adv_w = 136, .box_w = 9, .box_h = 11, .ofs_x = 0, .ofs_y = -4}, /* id = 147 */
    {.bitmap_index = 6186, .adv_w = 136, .box_w = 9, .box_h = 12, .ofs_x = 0, .ofs_y = 0}, /* id = 148 */
    {.bitmap_index = 6240, .adv_w = 136, .box_w = 9, .box_h = 13, .ofs_x = 0, .ofs_y = 0}, /* id = 149 */
    {.bitmap_index = 6299, .adv_w = 136, .box_w = 9, .box_h = 11, .ofs_x = 0, .ofs_y = 0}, /* id = 150 */
    {.bitmap_index = 6349, .adv_w = 136, .box_w = 9, .box_h = 13, .ofs_x = 0, .ofs_y = 0}, /* id = 151 */
    {.bitmap_index = 6408, .adv_w = 136, .box_w = 9, .box_h = 12, .ofs_x = 0, .ofs_y = -5}, /* id = 152 */
    {.bitmap_index = 6462, .adv_w = 136, .box_w = 9, .box_h = 11, .ofs_x = 0, .ofs_y = -4}, /* id = 153 */
    {.bitmap_index = 6512, .adv_w = 136, .box_w = 9, .box_h = 13, .ofs_x = 0, .ofs_y = 0}, /* id = 154 */
    {.bitmap_index = 6571, .adv_w = 136, .box_w = 9, .box_h = 11, .ofs_x = 0, .ofs_y = 0}, /* id = 155 */
    {.bitmap_index = 6621, .adv_w = 136, .box_w = 9, .box_h = 12, .ofs_x = 0, .ofs_y = 0}, /* id = 156 */
    {.bitmap_index = 6675, .adv_w = 136, .box_w = 9, .box_h = 11, .ofs_x = 0, .ofs_y = 0}, /* id = 157 */
    {.bitmap_index = 6725, .adv_w = 84, .box_w = 5, .box_h = 5, .ofs_x = 0, .ofs_y = 0}, /* id = 158 */
    {.bitmap_index = 6738, .adv_w = 65, .box_w = 4, .box_h = 10, .ofs_x = 0, .ofs_y = 0}, /* id = 159 */
    {.bitmap_index = 6758, .adv_w = 117, .box_w = 7, .box_h = 9, .ofs_x = 0, .ofs_y = 0}, /* id = 160 */
    {.bitmap_index = 6790, .adv_w = 148, .box_w = 9, .box_h = 9, .ofs_x = 0, .ofs_y = 0}, /* id = 161 */
    {.bitmap_index = 6831, .adv_w = 104, .box_w = 7, .box_h = 10, .ofs_x = 0, .ofs_y = 0}, /* id = 162 */
    {.bitmap_index = 6866, .adv_w = 118, .box_w = 7, .box_h = 9, .ofs_x = 0, .ofs_y = 0}, /* id = 163 */
    {.bitmap_index = 6898, .adv_w = 110, .box_w = 7, .box_h = 10, .ofs_x = 0, .ofs_y = 0}, /* id = 164 */
    {.bitmap_index = 6933, .adv_w = 132, .box_w = 8, .box_h = 10, .ofs_x = 0, .ofs_y = 0}, /* id = 165 */
    {.bitmap_index = 6973, .adv_w = 132, .box_w = 8, .box_h = 10, .ofs_x = 0, .ofs_y = -1}, /* id = 166 */
    {.bitmap_index = 7013, .adv_w = 108, .box_w = 7, .box_h = 9, .ofs_x = 0, .ofs_y = 0}, /* id = 167 */
    {.bitmap_index = 7045, .adv_w = 110, .box_w = 7, .box_h = 10, .ofs_x = 0, .ofs_y = 0}, /* id = 168 */
    {.bitmap_index = 7080, .adv_w = 94, .box_w = 6, .box_h = 9, .ofs_x = 0, .ofs_y = -4}, /* id = 169 */
    {.bitmap_index = 7107, .adv_w = 58, .box_w = 4, .box_h = 4, .ofs_x = 0, .ofs_y = -3}, /* id = 170 */
    {.bitmap_index = 7115, .adv_w = 144, .box_w = 9, .box_h = 9, .ofs_x = 0, .ofs_y = 0}, /* id = 171 */
    {.bitmap_index = 7156, .adv_w = 196, .box_w = 12, .box_h = 5, .ofs_x = 0, .ofs_y = 0}, /* id = 172 */
    {.bitmap_index = 7186, .adv_w = 155, .box_w = 10, .box_h = 10, .ofs_x = 0, .ofs_y = -4}, /* id = 173 */
    {.bitmap_index = 7236, .adv_w = 136, .box_w = 9, .box_h = 12, .ofs_x = 0, .ofs_y = 0}, /* id = 174 */
    {.bitmap_index = 7290, .adv_w = 52, .box_w = 5, .box_h = 13, .ofs_x = -1, .ofs_y = 0}, /* id = 175 */
    {.bitmap_index = 7323, .adv_w = 61, .box_w = 4, .box_h = 12, .ofs_x = 0, .ofs_y = 0}, /* id = 176 */
    {.bitmap_index = 7347, .adv_w = 196, .box_w = 12, .box_h = 9, .ofs_x = 0, .ofs_y = 0}, /* id = 177 */
    {.bitmap_index = 7401, .adv_w = 196, .box_w = 12, .box_h = 10, .ofs_x = 0, .ofs_y = -3}, /* id = 178 */
    {.bitmap_index = 7461, .adv_w = 196, .box_w = 12, .box_h = 10, .ofs_x = 0, .ofs_y = -5}, /* id = 179 */
    {.bitmap_index = 7521, .adv_w = 150, .box_w = 10, .box_h = 17, .ofs_x = 0, .ofs_y = -6}, /* id = 180 */
    {.bitmap_index = 7606, .adv_w = 150, .box_w = 10, .box_h = 16, .ofs_x = 0, .ofs_y = -6}, /* id = 181 */
    {.bitmap_index = 7686, .adv_w = 150, .box_w = 10, .box_h = 12, .ofs_x = 0, .ofs_y = -6}, /* id = 182 */
    {.bitmap_index = 7746, .adv_w = 107, .box_w = 7, .box_h = 12, .ofs_x = 0, .ofs_y = 0}, /* id = 183 */
    {.bitmap_index = 7788, .adv_w = 107, .box_w = 7, .box_h = 10, .ofs_x = 0, .ofs_y = -3}, /* id = 184 */
    {.bitmap_index = 7823, .adv_w = 77, .box_w = 5, .box_h = 14, .ofs_x = 0, .ofs_y = -4}, /* id = 185 */
    {.bitmap_index = 7858, .adv_w = 77, .box_w = 6, .box_h = 10, .ofs_x = -1, .ofs_y = -6}, /* id = 186 */
    {.bitmap_index = 7888, .adv_w = 77, .box_w = 6, .box_h = 11, .ofs_x = -1, .ofs_y = -7}, /* id = 187 */
    {.bitmap_index = 7921, .adv_w = 77, .box_w = 6, .box_h = 10, .ofs_x = -1, .ofs_y = -6}, /* id = 188 */
    {.bitmap_index = 7951, .adv_w = 77, .box_w = 6, .box_h = 13, .ofs_x = -1, .ofs_y = -4}, /* id = 189 */
    {.bitmap_index = 7990, .adv_w = 265, .box_w = 17, .box_h = 12, .ofs_x = 0, .ofs_y = -4}, /* id = 190 */
    {.bitmap_index = 8092, .adv_w = 138, .box_w = 9, .box_h = 17, .ofs_x = 0, .ofs_y = -6}, /* id = 191 */
    {.bitmap_index = 8169, .adv_w = 194, .box_w = 12, .box_h = 8, .ofs_x = 0, .ofs_y = 0}, /* id = 192 */
    {.bitmap_index = 8217, .adv_w = 194, .box_w = 12, .box_h = 12, .ofs_x = 0, .ofs_y = 0}, /* id = 193 */
    {.bitmap_index = 8289, .adv_w = 196, .box_w = 12, .box_h = 10, .ofs_x = 0, .ofs_y = 0}, /* id = 194 */
    {.bitmap_index = 8349, .adv_w = 220, .box_w = 14, .box_h = 8, .ofs_x = 0, .ofs_y = 0}, /* id = 195 */
    {.bitmap_index = 8405, .adv_w = 196, .box_w = 12, .box_h = 11, .ofs_x = 0, .ofs_y = 0}, /* id = 196 */
    {.bitmap_index = 8471, .adv_w = 197, .box_w = 12, .box_h = 10, .ofs_x = 0, .ofs_y = 0}, /* id = 197 */
    {.bitmap_index = 8531, .adv_w = 197, .box_w = 12, .box_h = 12, .ofs_x = 0, .ofs_y = 0}, /* id = 198 */
    {.bitmap_index = 8603, .adv_w = 196, .box_w = 12, .box_h = 12, .ofs_x = 0, .ofs_y = 0}, /* id = 199 */
    {.bitmap_index = 8675, .adv_w = 143, .box_w = 9, .box_h = 15, .ofs_x = 0, .ofs_y = -5}, /* id = 200 */
    {.bitmap_index = 8743, .adv_w = 152, .box_w = 9, .box_h = 9, .ofs_x = 0, .ofs_y = -4}, /* id = 201 */
    {.bitmap_index = 8784, .adv_w = 152, .box_w = 9, .box_h = 12, .ofs_x = 0, .ofs_y = -6}, /* id = 202 */
    {.bitmap_index = 8838, .adv_w = 152, .box_w = 9, .box_h = 12, .ofs_x = 0, .ofs_y = -4}, /* id = 203 */
    {.bitmap_index = 8892, .adv_w = 169, .box_w = 11, .box_h = 7, .ofs_x = 0, .ofs_y = 0}, /* id = 204 */
    {.bitmap_index = 8931, .adv_w = 104, .box_w = 7, .box_h = 13, .ofs_x = 0, .ofs_y = 0}, /* id = 205 */
    {.bitmap_index = 8977, .adv_w = 104, .box_w = 7, .box_h = 7, .ofs_x = 0, .ofs_y = 0}, /* id = 206 */
    {.bitmap_index = 9002, .adv_w = 104, .box_w = 7, .box_h = 11, .ofs_x = 0, .ofs_y = 0}, /* id = 207 */
    {.bitmap_index = 9041, .adv_w = 104, .box_w = 7, .box_h = 9, .ofs_x = 0, .ofs_y = 0}, /* id = 208 */
    {.bitmap_index = 9073, .adv_w = 100, .box_w = 6, .box_h = 13, .ofs_x = 0, .ofs_y = -4}, /* id = 209 */
    {.bitmap_index = 9112, .adv_w = 100, .box_w = 6, .box_h = 13, .ofs_x = 0, .ofs_y = -4}, /* id = 210 */
    {.bitmap_index = 9151, .adv_w = 100, .box_w = 6, .box_h = 13, .ofs_x = 0, .ofs_y = -4}, /* id = 211 */
    {.bitmap_index = 9190, .adv_w = 100, .box_w = 6, .box_h = 13, .ofs_x = 0, .ofs_y = -4}, /* id = 212 */
    {.bitmap_index = 9229, .adv_w = 100, .box_w = 6, .box_h = 13, .ofs_x = 0, .ofs_y = -4}, /* id = 213 */
    {.bitmap_index = 9268, .adv_w = 100, .box_w = 6, .box_h = 14, .ofs_x = 0, .ofs_y = -4}, /* id = 214 */
    {.bitmap_index = 9310, .adv_w = 158, .box_w = 10, .box_h = 10, .ofs_x = 0, .ofs_y = -4}, /* id = 215 */
    {.bitmap_index = 9360, .adv_w = 177, .box_w = 11, .box_h = 10, .ofs_x = 0, .ofs_y = -4}, /* id = 216 */
    {.bitmap_index = 9415, .adv_w = 158, .box_w = 10, .box_h = 11, .ofs_x = 0, .ofs_y = -4}, /* id = 217 */
    {.bitmap_index = 9470, .adv_w = 100, .box_w = 6, .box_h = 13, .ofs_x = 0, .ofs_y = -4}, /* id = 218 */
    {.bitmap_index = 9509, .adv_w = 158, .box_w = 10, .box_h = 14, .ofs_x = 0, .ofs_y = -8}, /* id = 219 */
    {.bitmap_index = 9579, .adv_w = 199, .box_w = 13, .box_h = 6, .ofs_x = 0, .ofs_y = 0}, /* id = 220 */
    {.bitmap_index = 9618, .adv_w = 199, .box_w = 13, .box_h = 12, .ofs_x = 0, .ofs_y = 0}, /* id = 221 */
    {.bitmap_index = 9696, .adv_w = 67, .box_w = 4, .box_h = 2, .ofs_x = 0, .ofs_y = 0}, /* id = 222 */
    {.bitmap_index = 9700, .adv_w = 104, .box_w = 7, .box_h = 7, .ofs_x = 0, .ofs_y = 0}, /* id = 223 */
    {.bitmap_index = 9725, .adv_w = 136, .box_w = 10, .box_h = 12, .ofs_x = -1, .ofs_y = 0}, /* id = 224 */
    {.bitmap_index = 9785, .adv_w = 270, .box_w = 17, .box_h = 17, .ofs_x = 0, .ofs_y = -4}, /* id = 225 */
    {.bitmap_index = 9930, .adv_w = 220, .box_w = 14, .box_h = 14, .ofs_x = 0, .ofs_y = -4}, /* id = 226 */
    {.bitmap_index = 10028, .adv_w = 131, .box_w = 8, .box_h = 11, .ofs_x = 0, .ofs_y = -2}, /* id = 227 */
    {.bitmap_index = 10072, .adv_w = 94, .box_w = 6, .box_h = 6, .ofs_x = 0, .ofs_y = 0}, /* id = 228 */
    {.bitmap_index = 10090, .adv_w = 65, .box_w = 4, .box_h = 10, .ofs_x = 0, .ofs_y = 0}, /* id = 229 */
    {.bitmap_index = 10110, .adv_w = 117, .box_w = 7, .box_h = 9, .ofs_x = 0, .ofs_y = 0}, /* id = 230 */
    {.bitmap_index = 10142, .adv_w = 148, .box_w = 9, .box_h = 9, .ofs_x = 0, .ofs_y = 0}, /* id = 231 */
    {.bitmap_index = 10183, .adv_w = 128, .box_w = 8, .box_h = 10, .ofs_x = 0, .ofs_y = 0}, /* id = 232 */
    {.bitmap_index = 10223, .adv_w = 132, .box_w = 8, .box_h = 10, .ofs_x = 0, .ofs_y = 0}, /* id = 233 */
    {.bitmap_index = 10263, .adv_w = 109, .box_w = 7, .box_h = 11, .ofs_x = 0, .ofs_y = -1}, /* id = 234 */
    {.bitmap_index = 10302, .adv_w = 132, .box_w = 8, .box_h = 10, .ofs_x = 0, .ofs_y = 0}, /* id = 235 */
    {.bitmap_index = 10342, .adv_w = 132, .box_w = 8, .box_h = 10, .ofs_x = 0, .ofs_y = -1}, /* id = 236 */
    {.bitmap_index = 10382, .adv_w = 108, .box_w = 7, .box_h = 9, .ofs_x = 0, .ofs_y = 0}, /* id = 237 */
    {.bitmap_index = 10414, .adv_w = 196, .box_w = 12, .box_h = 12, .ofs_x = 0, .ofs_y = 0}, /* id = 238 */
    {.bitmap_index = 10486, .adv_w = 196, .box_w = 12, .box_h = 14, .ofs_x = 0, .ofs_y = 0}, /* id = 239 */
    {.bitmap_index = 10570, .adv_w = 0, .box_w = 0, .box_h = 0, .ofs_x = 0, .ofs_y = 0}, /* id = 240 */
    {.bitmap_index = 10570, .adv_w = 0, .box_w = 0, .box_h = 0, .ofs_x = 0, .ofs_y = 0}, /* id = 241 */
    {.bitmap_index = 10570, .adv_w = 0, .box_w = 0, .box_h = 0, .ofs_x = 0, .ofs_y = 0}, /* id = 242 */
    {.bitmap_index = 10570, .adv_w = 0, .box_w = 0, .box_h = 0, .ofs_x = 0, .ofs_y = 0}, /* id = 243 */
    {.bitmap_index = 10570, .adv_w = 52, .box_w = 5, .box_h = 13, .ofs_x = -1, .ofs_y = 0}, /* id = 244 */
    {.bitmap_index = 10603, .adv_w = 59, .box_w = 5, .box_h = 13, .ofs_x = -1, .ofs_y = 0}, /* id = 245 */
    {.bitmap_index = 10636, .adv_w = 196, .box_w = 12, .box_h = 10, .ofs_x = 0, .ofs_y = -5}, /* id = 246 */
    {.bitmap_index = 10696, .adv_w = 208, .box_w = 14, .box_h = 10, .ofs_x = 0, .ofs_y = -5}, /* id = 247 */
    {.bitmap_index = 10766, .adv_w = 70, .box_w = 5, .box_h = 10, .ofs_x = -1, .ofs_y = -5}, /* id = 248 */
    {.bitmap_index = 10791, .adv_w = 81, .box_w = 6, .box_h = 10, .ofs_x = -1, .ofs_y = -5}, /* id = 249 */
    {.bitmap_index = 10821, .adv_w = 196, .box_w = 12, .box_h = 9, .ofs_x = 0, .ofs_y = 0}, /* id = 250 */
    {.bitmap_index = 10875, .adv_w = 208, .box_w = 14, .box_h = 9, .ofs_x = 0, .ofs_y = 0}, /* id = 251 */
    {.bitmap_index = 10938, .adv_w = 66, .box_w = 5, .box_h = 10, .ofs_x = -1, .ofs_y = 0}, /* id = 252 */
    {.bitmap_index = 10963, .adv_w = 76, .box_w = 5, .box_h = 9, .ofs_x = 0, .ofs_y = 0}, /* id = 253 */
    {.bitmap_index = 10986, .adv_w = 194, .box_w = 12, .box_h = 12, .ofs_x = 0, .ofs_y = 0}, /* id = 254 */
    {.bitmap_index = 11058, .adv_w = 208, .box_w = 14, .box_h = 11, .ofs_x = 0, .ofs_y = 0}, /* id = 255 */
    {.bitmap_index = 11135, .adv_w = 102, .box_w = 7, .box_h = 12, .ofs_x = -1, .ofs_y = 0}, /* id = 256 */
    {.bitmap_index = 11177, .adv_w = 112, .box_w = 7, .box_h = 11, .ofs_x = 0, .ofs_y = 0}, /* id = 257 */
    {.bitmap_index = 11216, .adv_w = 150, .box_w = 10, .box_h = 12, .ofs_x = 0, .ofs_y = -6}, /* id = 258 */
    {.bitmap_index = 11276, .adv_w = 154, .box_w = 10, .box_h = 13, .ofs_x = 0, .ofs_y = -6}, /* id = 259 */
    {.bitmap_index = 11341, .adv_w = 150, .box_w = 9, .box_h = 12, .ofs_x = 0, .ofs_y = -5}, /* id = 260 */
    {.bitmap_index = 11395, .adv_w = 153, .box_w = 10, .box_h = 12, .ofs_x = 0, .ofs_y = -5}, /* id = 261 */
    {.bitmap_index = 11455, .adv_w = 107, .box_w = 7, .box_h = 12, .ofs_x = 0, .ofs_y = 0}, /* id = 262 */
    {.bitmap_index = 11497, .adv_w = 119, .box_w = 8, .box_h = 12, .ofs_x = 0, .ofs_y = 0}, /* id = 263 */
    {.bitmap_index = 11545, .adv_w = 77, .box_w = 6, .box_h = 13, .ofs_x = -1, .ofs_y = -4}, /* id = 264 */
    {.bitmap_index = 11584, .adv_w = 86, .box_w = 7, .box_h = 13, .ofs_x = -1, .ofs_y = -4}, /* id = 265 */
    {.bitmap_index = 11630, .adv_w = 77, .box_w = 5, .box_h = 14, .ofs_x = 0, .ofs_y = -4}, /* id = 266 */
    {.bitmap_index = 11665, .adv_w = 86, .box_w = 6, .box_h = 13, .ofs_x = 0, .ofs_y = -4}, /* id = 267 */
    {.bitmap_index = 11704, .adv_w = 196, .box_w = 12, .box_h = 10, .ofs_x = 0, .ofs_y = 0}, /* id = 268 */
    {.bitmap_index = 11764, .adv_w = 211, .box_w = 14, .box_h = 10, .ofs_x = 0, .ofs_y = 0}, /* id = 269 */
    {.bitmap_index = 11834, .adv_w = 100, .box_w = 7, .box_h = 10, .ofs_x = -1, .ofs_y = 0}, /* id = 270 */
    {.bitmap_index = 11869, .adv_w = 114, .box_w = 7, .box_h = 10, .ofs_x = 0, .ofs_y = 0}, /* id = 271 */
    {.bitmap_index = 11904, .adv_w = 196, .box_w = 12, .box_h = 12, .ofs_x = 0, .ofs_y = 0}, /* id = 272 */
    {.bitmap_index = 11976, .adv_w = 211, .box_w = 14, .box_h = 12, .ofs_x = 0, .ofs_y = 0}, /* id = 273 */
    {.bitmap_index = 12060, .adv_w = 100, .box_w = 6, .box_h = 12, .ofs_x = 0, .ofs_y = 0}, /* id = 274 */
    {.bitmap_index = 12096, .adv_w = 114, .box_w = 7, .box_h = 12, .ofs_x = 0, .ofs_y = 0}, /* id = 275 */
    {.bitmap_index = 12138, .adv_w = 152, .box_w = 9, .box_h = 9, .ofs_x = 0, .ofs_y = -4}, /* id = 276 */
    {.bitmap_index = 12179, .adv_w = 162, .box_w = 11, .box_h = 8, .ofs_x = 0, .ofs_y = -4}, /* id = 277 */
    {.bitmap_index = 12223, .adv_w = 116, .box_w = 8, .box_h = 13, .ofs_x = 0, .ofs_y = 0}, /* id = 278 */
    {.bitmap_index = 12275, .adv_w = 105, .box_w = 7, .box_h = 6, .ofs_x = 0, .ofs_y = -1}, /* id = 279 */
    {.bitmap_index = 12296, .adv_w = 64, .box_w = 4, .box_h = 10, .ofs_x = 0, .ofs_y = -5}, /* id = 280 */
    {.bitmap_index = 12316, .adv_w = 112, .box_w = 9, .box_h = 7, .ofs_x = -1, .ofs_y = -4}, /* id = 281 */
    {.bitmap_index = 12348, .adv_w = 169, .box_w = 11, .box_h = 7, .ofs_x = 0, .ofs_y = 0}, /* id = 282 */
    {.bitmap_index = 12387, .adv_w = 125, .box_w = 8, .box_h = 11, .ofs_x = 0, .ofs_y = -4}, /* id = 283 */
    {.bitmap_index = 12431, .adv_w = 156, .box_w = 11, .box_h = 7, .ofs_x = -1, .ofs_y = 0}, /* id = 284 */
    {.bitmap_index = 12470, .adv_w = 112, .box_w = 8, .box_h = 11, .ofs_x = -1, .ofs_y = -4}, /* id = 285 */
    {.bitmap_index = 12514, .adv_w = 199, .box_w = 13, .box_h = 6, .ofs_x = 0, .ofs_y = 0}, /* id = 286 */
    {.bitmap_index = 12553, .adv_w = 180, .box_w = 12, .box_h = 6, .ofs_x = 0, .ofs_y = -4}, /* id = 287 */
    {.bitmap_index = 12589, .adv_w = 199, .box_w = 13, .box_h = 12, .ofs_x = 0, .ofs_y = 0}, /* id = 288 */
    {.bitmap_index = 12667, .adv_w = 180, .box_w = 12, .box_h = 11, .ofs_x = 0, .ofs_y = -4}, /* id = 289 */
    {.bitmap_index = 12733, .adv_w = 62, .box_w = 4, .box_h = 5, .ofs_x = 0, .ofs_y = -5}, /* id = 290 */
    {.bitmap_index = 12743, .adv_w = 88, .box_w = 6, .box_h = 15, .ofs_x = 0, .ofs_y = 0}, /* id = 291 */
    {.bitmap_index = 12788, .adv_w = 197, .box_w = 12, .box_h = 12, .ofs_x = 0, .ofs_y = 0}, /* id = 292 */
    {.bitmap_index = 12860, .adv_w = 204, .box_w = 13, .box_h = 12, .ofs_x = 0, .ofs_y = 0}, /* id = 293 */
    {.bitmap_index = 12938, .adv_w = 100, .box_w = 7, .box_h = 14, .ofs_x = -1, .ofs_y = 0}, /* id = 294 */
    {.bitmap_index = 12987, .adv_w = 114, .box_w = 7, .box_h = 14, .ofs_x = 0, .ofs_y = 0}, /* id = 295 */
    {.bitmap_index = 13036, .adv_w = 100, .box_w = 6, .box_h = 13, .ofs_x = 0, .ofs_y = -4}, /* id = 296 */
    {.bitmap_index = 13075, .adv_w = 100, .box_w = 7, .box_h = 13, .ofs_x = 0, .ofs_y = -4}, /* id = 297 */
    {.bitmap_index = 13121, .adv_w = 100, .box_w = 6, .box_h = 13, .ofs_x = 0, .ofs_y = -4}, /* id = 298 */
    {.bitmap_index = 13160, .adv_w = 100, .box_w = 7, .box_h = 13, .ofs_x = 0, .ofs_y = -4}, /* id = 299 */
    {.bitmap_index = 13206, .adv_w = 100, .box_w = 6, .box_h = 13, .ofs_x = 0, .ofs_y = -4}, /* id = 300 */
    {.bitmap_index = 13245, .adv_w = 100, .box_w = 7, .box_h = 13, .ofs_x = 0, .ofs_y = -4}, /* id = 301 */
    {.bitmap_index = 13291, .adv_w = 100, .box_w = 6, .box_h = 14, .ofs_x = 0, .ofs_y = -4}, /* id = 302 */
    {.bitmap_index = 13333, .adv_w = 100, .box_w = 7, .box_h = 14, .ofs_x = 0, .ofs_y = -4}, /* id = 303 */
    {.bitmap_index = 13382, .adv_w = 100, .box_w = 6, .box_h = 13, .ofs_x = 0, .ofs_y = -4}, /* id = 304 */
    {.bitmap_index = 13421, .adv_w = 100, .box_w = 7, .box_h = 13, .ofs_x = 0, .ofs_y = -4}, /* id = 305 */
    {.bitmap_index = 13467, .adv_w = 64, .box_w = 4, .box_h = 5, .ofs_x = 0, .ofs_y = 0}, /* id = 306 */
    {.bitmap_index = 13477, .adv_w = 76, .box_w = 5, .box_h = 5, .ofs_x = 0, .ofs_y = 0}, /* id = 307 */
    {.bitmap_index = 13490, .adv_w = 158, .box_w = 10, .box_h = 10, .ofs_x = 0, .ofs_y = -4}, /* id = 308 */
    {.bitmap_index = 13540, .adv_w = 145, .box_w = 10, .box_h = 7, .ofs_x = 0, .ofs_y = -4}, /* id = 309 */
    {.bitmap_index = 13575, .adv_w = 70, .box_w = 5, .box_h = 8, .ofs_x = -1, .ofs_y = -3}, /* id = 310 */
    {.bitmap_index = 13595, .adv_w = 81, .box_w = 6, .box_h = 8, .ofs_x = -1, .ofs_y = -3}, /* id = 311 */
    {.bitmap_index = 13619, .adv_w = 96, .box_w = 6, .box_h = 15, .ofs_x = 0, .ofs_y = -4}, /* id = 312 */
    {.bitmap_index = 13664, .adv_w = 96, .box_w = 6, .box_h = 15, .ofs_x = 0, .ofs_y = -4}, /* id = 313 */
    {.bitmap_index = 13709, .adv_w = 282, .box_w = 18, .box_h = 13, .ofs_x = 0, .ofs_y = 0}, /* id = 314 */
    {.bitmap_index = 13826, .adv_w = 330, .box_w = 21, .box_h = 13, .ofs_x = 0, .ofs_y = -4}, /* id = 315 */
    {.bitmap_index = 13963, .adv_w = 65, .box_w = 4, .box_h = 10, .ofs_x = 0, .ofs_y = 0}, /* id = 316 */
    {.bitmap_index = 13983, .adv_w = 66, .box_w = 4, .box_h = 10, .ofs_x = 0, .ofs_y = 0}, /* id = 317 */
    {.bitmap_index = 14003, .adv_w = 81, .box_w = 5, .box_h = 10, .ofs_x = 0, .ofs_y = 0}, /* id = 318 */
    {.bitmap_index = 14028, .adv_w = 76, .box_w = 5, .box_h = 3, .ofs_x = 0, .ofs_y = 0}, /* id = 319 */
    {.bitmap_index = 14036, .adv_w = 65, .box_w = 4, .box_h = 5, .ofs_x = 0, .ofs_y = -5}, /* id = 320 */
    {.bitmap_index = 14046, .adv_w = 65, .box_w = 4, .box_h = 9, .ofs_x = 0, .ofs_y = 0}, /* id = 321 */
    {.bitmap_index = 14064, .adv_w = 66, .box_w = 4, .box_h = 9, .ofs_x = 0, .ofs_y = 0}, /* id = 322 */
    {.bitmap_index = 14082, .adv_w = 65, .box_w = 4, .box_h = 11, .ofs_x = 0, .ofs_y = 0}, /* id = 323 */
    {.bitmap_index = 14104, .adv_w = 66, .box_w = 4, .box_h = 9, .ofs_x = 0, .ofs_y = 0}, /* id = 324 */
    {.bitmap_index = 14122, .adv_w = 65, .box_w = 4, .box_h = 3, .ofs_x = 0, .ofs_y = -3}, /* id = 325 */
    {.bitmap_index = 14128, .adv_w = 66, .box_w = 4, .box_h = 5, .ofs_x = 0, .ofs_y = -3}, /* id = 326 */
    {.bitmap_index = 14138, .adv_w = 65, .box_w = 5, .box_h = 9, .ofs_x = 0, .ofs_y = 0}, /* id = 327 */
    {.bitmap_index = 14161, .adv_w = 66, .box_w = 4, .box_h = 9, .ofs_x = 0, .ofs_y = 0}, /* id = 328 */
    {.bitmap_index = 14179, .adv_w = 65, .box_w = 4, .box_h = 10, .ofs_x = 0, .ofs_y = 0}, /* id = 329 */
    {.bitmap_index = 14199, .adv_w = 66, .box_w = 4, .box_h = 10, .ofs_x = 0, .ofs_y = 0}, /* id = 330 */
    {.bitmap_index = 14219, .adv_w = 91, .box_w = 6, .box_h = 7, .ofs_x = 0, .ofs_y = -1}, /* id = 331 */
    {.bitmap_index = 14240, .adv_w = 52, .box_w = 6, .box_h = 12, .ofs_x = -2, .ofs_y = 0}, /* id = 332 */
    {.bitmap_index = 14276, .adv_w = 59, .box_w = 6, .box_h = 12, .ofs_x = -1, .ofs_y = 0}, /* id = 333 */
    {.bitmap_index = 14312, .adv_w = 52, .box_w = 3, .box_h = 14, .ofs_x = 0, .ofs_y = 0}, /* id = 334 */
    {.bitmap_index = 14333, .adv_w = 59, .box_w = 4, .box_h = 14, .ofs_x = 0, .ofs_y = 0}, /* id = 335 */
    {.bitmap_index = 14361, .adv_w = 100, .box_w = 6, .box_h = 13, .ofs_x = 0, .ofs_y = -4}, /* id = 336 */
    {.bitmap_index = 14400, .adv_w = 100, .box_w = 7, .box_h = 13, .ofs_x = 0, .ofs_y = -4}, /* id = 337 */
    {.bitmap_index = 14446, .adv_w = 52, .box_w = 3, .box_h = 14, .ofs_x = 0, .ofs_y = -5}, /* id = 338 */
    {.bitmap_index = 14467, .adv_w = 59, .box_w = 4, .box_h = 14, .ofs_x = 0, .ofs_y = -5}, /* id = 339 */
    {.bitmap_index = 14495, .adv_w = 158, .box_w = 10, .box_h = 13, .ofs_x = 0, .ofs_y = -4}, /* id = 340 */
    {.bitmap_index = 14560, .adv_w = 145, .box_w = 10, .box_h = 12, .ofs_x = 0, .ofs_y = -4}, /* id = 341 */
    {.bitmap_index = 14620, .adv_w = 69, .box_w = 4, .box_h = 10, .ofs_x = 0, .ofs_y = 0}, /* id = 342 */
    {.bitmap_index = 14640, .adv_w = 80, .box_w = 5, .box_h = 9, .ofs_x = 0, .ofs_y = 0}, /* id = 343 */
    {.bitmap_index = 14663, .adv_w = 52, .box_w = 3, .box_h = 9, .ofs_x = 0, .ofs_y = 0}, /* id = 344 */
    {.bitmap_index = 14677, .adv_w = 59, .box_w = 4, .box_h = 9, .ofs_x = 0, .ofs_y = 0}, /* id = 345 */
    {.bitmap_index = 14695, .adv_w = 196, .box_w = 12, .box_h = 9, .ofs_x = 0, .ofs_y = -4}, /* id = 346 */
    {.bitmap_index = 14749, .adv_w = 208, .box_w = 14, .box_h = 9, .ofs_x = 0, .ofs_y = -4}, /* id = 347 */
    {.bitmap_index = 14812, .adv_w = 66, .box_w = 4, .box_h = 9, .ofs_x = 0, .ofs_y = -4}, /* id = 348 */
    {.bitmap_index = 14830, .adv_w = 78, .box_w = 5, .box_h = 9, .ofs_x = 0, .ofs_y = -4}, /* id = 349 */
    {.bitmap_index = 14853, .adv_w = 104, .box_w = 7, .box_h = 9, .ofs_x = 0, .ofs_y = 0}, /* id = 350 */
    {.bitmap_index = 14885, .adv_w = 116, .box_w = 8, .box_h = 10, .ofs_x = 0, .ofs_y = 0}, /* id = 351 */
    {.bitmap_index = 14925, .adv_w = 196, .box_w = 12, .box_h = 7, .ofs_x = 0, .ofs_y = 0}, /* id = 352 */
    {.bitmap_index = 14967, .adv_w = 208, .box_w = 14, .box_h = 7, .ofs_x = 0, .ofs_y = 0}, /* id = 353 */
    {.bitmap_index = 15016, .adv_w = 69, .box_w = 5, .box_h = 9, .ofs_x = 0, .ofs_y = 0}, /* id = 354 */
    {.bitmap_index = 15039, .adv_w = 80, .box_w = 6, .box_h = 8, .ofs_x = -1, .ofs_y = 0}, /* id = 355 */
    {.bitmap_index = 15063, .adv_w = 196, .box_w = 12, .box_h = 8, .ofs_x = 0, .ofs_y = 0}, /* id = 356 */
    {.bitmap_index = 15111, .adv_w = 208, .box_w = 14, .box_h = 8, .ofs_x = 0, .ofs_y = 0}, /* id = 357 */
    {.bitmap_index = 15167, .adv_w = 69, .box_w = 5, .box_h = 10, .ofs_x = 0, .ofs_y = 0}, /* id = 358 */
    {.bitmap_index = 15192, .adv_w = 80, .box_w = 6, .box_h = 9, .ofs_x = -1, .ofs_y = 0}, /* id = 359 */
    {.bitmap_index = 15219, .adv_w = 150, .box_w = 10, .box_h = 12, .ofs_x = 0, .ofs_y = -6}, /* id = 360 */
    {.bitmap_index = 15279, .adv_w = 154, .box_w = 10, .box_h = 13, .ofs_x = 0, .ofs_y = -6}, /* id = 361 */
    {.bitmap_index = 15344, .adv_w = 150, .box_w = 9, .box_h = 11, .ofs_x = 0, .ofs_y = -4}, /* id = 362 */
    {.bitmap_index = 15394, .adv_w = 153, .box_w = 10, .box_h = 11, .ofs_x = 0, .ofs_y = -4}, /* id = 363 */
    {.bitmap_index = 15449, .adv_w = 150, .box_w = 10, .box_h = 12, .ofs_x = 0, .ofs_y = -6}, /* id = 364 */
    {.bitmap_index = 15509, .adv_w = 154, .box_w = 10, .box_h = 13, .ofs_x = 0, .ofs_y = -6}, /* id = 365 */
    {.bitmap_index = 15574, .adv_w = 150, .box_w = 9, .box_h = 7, .ofs_x = 0, .ofs_y = 0}, /* id = 366 */
    {.bitmap_index = 15606, .adv_w = 153, .box_w = 10, .box_h = 7, .ofs_x = 0, .ofs_y = 0}, /* id = 367 */
    {.bitmap_index = 15641, .adv_w = 150, .box_w = 10, .box_h = 15, .ofs_x = 0, .ofs_y = -6}, /* id = 368 */
    {.bitmap_index = 15716, .adv_w = 154, .box_w = 10, .box_h = 16, .ofs_x = 0, .ofs_y = -6}, /* id = 369 */
    {.bitmap_index = 15796, .adv_w = 150, .box_w = 9, .box_h = 10, .ofs_x = 0, .ofs_y = 0}, /* id = 370 */
    {.bitmap_index = 15841, .adv_w = 153, .box_w = 10, .box_h = 10, .ofs_x = 0, .ofs_y = 0}, /* id = 371 */
    {.bitmap_index = 15891, .adv_w = 107, .box_w = 7, .box_h = 7, .ofs_x = 0, .ofs_y = 0}, /* id = 372 */
    {.bitmap_index = 15916, .adv_w = 119, .box_w = 8, .box_h = 7, .ofs_x = 0, .ofs_y = 0}, /* id = 373 */
    {.bitmap_index = 15944, .adv_w = 107, .box_w = 7, .box_h = 10, .ofs_x = 0, .ofs_y = 0}, /* id = 374 */
    {.bitmap_index = 15979, .adv_w = 119, .box_w = 8, .box_h = 10, .ofs_x = 0, .ofs_y = 0}, /* id = 375 */
    {.bitmap_index = 16019, .adv_w = 77, .box_w = 6, .box_h = 8, .ofs_x = -1, .ofs_y = -4}, /* id = 376 */
    {.bitmap_index = 16043, .adv_w = 86, .box_w = 7, .box_h = 8, .ofs_x = -1, .ofs_y = -4}, /* id = 377 */
    {.bitmap_index = 16071, .adv_w = 77, .box_w = 6, .box_h = 12, .ofs_x = -1, .ofs_y = -4}, /* id = 378 */
    {.bitmap_index = 16107, .adv_w = 86, .box_w = 7, .box_h = 12, .ofs_x = -1, .ofs_y = -4}, /* id = 379 */
    {.bitmap_index = 16149, .adv_w = 265, .box_w = 17, .box_h = 9, .ofs_x = 0, .ofs_y = -4}, /* id = 380 */
    {.bitmap_index = 16226, .adv_w = 277, .box_w = 18, .box_h = 9, .ofs_x = 0, .ofs_y = -4}, /* id = 381 */
    {.bitmap_index = 16307, .adv_w = 177, .box_w = 12, .box_h = 5, .ofs_x = -1, .ofs_y = 0}, /* id = 382 */
    {.bitmap_index = 16337, .adv_w = 189, .box_w = 12, .box_h = 5, .ofs_x = 0, .ofs_y = 0}, /* id = 383 */
    {.bitmap_index = 16367, .adv_w = 265, .box_w = 17, .box_h = 13, .ofs_x = 0, .ofs_y = -4}, /* id = 384 */
    {.bitmap_index = 16478, .adv_w = 277, .box_w = 18, .box_h = 13, .ofs_x = 0, .ofs_y = -4}, /* id = 385 */
    {.bitmap_index = 16595, .adv_w = 177, .box_w = 12, .box_h = 9, .ofs_x = -1, .ofs_y = 0}, /* id = 386 */
    {.bitmap_index = 16649, .adv_w = 189, .box_w = 12, .box_h = 9, .ofs_x = 0, .ofs_y = 0}, /* id = 387 */
    {.bitmap_index = 16703, .adv_w = 280, .box_w = 17, .box_h = 10, .ofs_x = 0, .ofs_y = -4}, /* id = 388 */
    {.bitmap_index = 16788, .adv_w = 284, .box_w = 19, .box_h = 10, .ofs_x = 0, .ofs_y = -4}, /* id = 389 */
    {.bitmap_index = 16883, .adv_w = 187, .box_w = 13, .box_h = 6, .ofs_x = -1, .ofs_y = 0}, /* id = 390 */
    {.bitmap_index = 16922, .adv_w = 192, .box_w = 14, .box_h = 6, .ofs_x = -1, .ofs_y = 0}, /* id = 391 */
    {.bitmap_index = 16964, .adv_w = 280, .box_w = 17, .box_h = 13, .ofs_x = 0, .ofs_y = -4}, /* id = 392 */
    {.bitmap_index = 17075, .adv_w = 284, .box_w = 19, .box_h = 13, .ofs_x = 0, .ofs_y = -4}, /* id = 393 */
    {.bitmap_index = 17199, .adv_w = 187, .box_w = 13, .box_h = 9, .ofs_x = -1, .ofs_y = 0}, /* id = 394 */
    {.bitmap_index = 17258, .adv_w = 192, .box_w = 14, .box_h = 9, .ofs_x = -1, .ofs_y = 0}, /* id = 395 */
    {.bitmap_index = 17321, .adv_w = 166, .box_w = 10, .box_h = 9, .ofs_x = 0, .ofs_y = 0}, /* id = 396 */
    {.bitmap_index = 17366, .adv_w = 171, .box_w = 11, .box_h = 9, .ofs_x = 0, .ofs_y = 0}, /* id = 397 */
    {.bitmap_index = 17416, .adv_w = 146, .box_w = 9, .box_h = 9, .ofs_x = 0, .ofs_y = 0}, /* id = 398 */
    {.bitmap_index = 17457, .adv_w = 151, .box_w = 10, .box_h = 9, .ofs_x = 0, .ofs_y = 0}, /* id = 399 */
    {.bitmap_index = 17502, .adv_w = 166, .box_w = 10, .box_h = 9, .ofs_x = 0, .ofs_y = 0}, /* id = 400 */
    {.bitmap_index = 17547, .adv_w = 171, .box_w = 11, .box_h = 9, .ofs_x = 0, .ofs_y = 0}, /* id = 401 */
    {.bitmap_index = 17597, .adv_w = 146, .box_w = 9, .box_h = 9, .ofs_x = 0, .ofs_y = 0}, /* id = 402 */
    {.bitmap_index = 17638, .adv_w = 151, .box_w = 10, .box_h = 9, .ofs_x = 0, .ofs_y = 0}, /* id = 403 */
    {.bitmap_index = 17683, .adv_w = 138, .box_w = 9, .box_h = 13, .ofs_x = 0, .ofs_y = -6}, /* id = 404 */
    {.bitmap_index = 17742, .adv_w = 134, .box_w = 9, .box_h = 13, .ofs_x = 0, .ofs_y = -6}, /* id = 405 */
    {.bitmap_index = 17801, .adv_w = 117, .box_w = 7, .box_h = 7, .ofs_x = 0, .ofs_y = 0}, /* id = 406 */
    {.bitmap_index = 17826, .adv_w = 128, .box_w = 8, .box_h = 6, .ofs_x = 0, .ofs_y = 0}, /* id = 407 */
    {.bitmap_index = 17850, .adv_w = 138, .box_w = 9, .box_h = 16, .ofs_x = 0, .ofs_y = -6}, /* id = 408 */
    {.bitmap_index = 17922, .adv_w = 134, .box_w = 9, .box_h = 16, .ofs_x = 0, .ofs_y = -6}, /* id = 409 */
    {.bitmap_index = 17994, .adv_w = 117, .box_w = 7, .box_h = 10, .ofs_x = 0, .ofs_y = 0}, /* id = 410 */
    {.bitmap_index = 18029, .adv_w = 128, .box_w = 8, .box_h = 9, .ofs_x = 0, .ofs_y = 0}, /* id = 411 */
    {.bitmap_index = 18065, .adv_w = 194, .box_w = 12, .box_h = 11, .ofs_x = 0, .ofs_y = 0}, /* id = 412 */
    {.bitmap_index = 18131, .adv_w = 208, .box_w = 14, .box_h = 10, .ofs_x = 0, .ofs_y = 0}, /* id = 413 */
    {.bitmap_index = 18201, .adv_w = 102, .box_w = 7, .box_h = 11, .ofs_x = -1, .ofs_y = 0}, /* id = 414 */
    {.bitmap_index = 18240, .adv_w = 112, .box_w = 7, .box_h = 10, .ofs_x = 0, .ofs_y = 0}, /* id = 415 */
    {.bitmap_index = 18275, .adv_w = 155, .box_w = 10, .box_h = 12, .ofs_x = 0, .ofs_y = -4}, /* id = 416 */
    {.bitmap_index = 18335, .adv_w = 154, .box_w = 10, .box_h = 12, .ofs_x = 0, .ofs_y = -4}, /* id = 417 */
    {.bitmap_index = 18395, .adv_w = 102, .box_w = 7, .box_h = 10, .ofs_x = -1, .ofs_y = 0}, /* id = 418 */
    {.bitmap_index = 18430, .adv_w = 112, .box_w = 7, .box_h = 9, .ofs_x = 0, .ofs_y = 0}, /* id = 419 */
    {.bitmap_index = 18462, .adv_w = 197, .box_w = 12, .box_h = 9, .ofs_x = 0, .ofs_y = 0}, /* id = 420 */
    {.bitmap_index = 18516, .adv_w = 204, .box_w = 13, .box_h = 9, .ofs_x = 0, .ofs_y = 0}, /* id = 421 */
    {.bitmap_index = 18575, .adv_w = 100, .box_w = 7, .box_h = 10, .ofs_x = -1, .ofs_y = 0}, /* id = 422 */
    {.bitmap_index = 18610, .adv_w = 114, .box_w = 7, .box_h = 10, .ofs_x = 0, .ofs_y = 0}, /* id = 423 */
    {.bitmap_index = 18645, .adv_w = 143, .box_w = 9, .box_h = 14, .ofs_x = 0, .ofs_y = -5}, /* id = 424 */
    {.bitmap_index = 18708, .adv_w = 150, .box_w = 10, .box_h = 13, .ofs_x = 0, .ofs_y = -4}, /* id = 425 */
    {.bitmap_index = 18773, .adv_w = 64, .box_w = 5, .box_h = 9, .ofs_x = -1, .ofs_y = 0}, /* id = 426 */
    {.bitmap_index = 18796, .adv_w = 71, .box_w = 5, .box_h = 9, .ofs_x = 0, .ofs_y = 0}, /* id = 427 */
    {.bitmap_index = 18819, .adv_w = 133, .box_w = 8, .box_h = 10, .ofs_x = 0, .ofs_y = -4}, /* id = 428 */
    {.bitmap_index = 18859, .adv_w = 142, .box_w = 10, .box_h = 11, .ofs_x = 0, .ofs_y = -5}, /* id = 429 */
    {.bitmap_index = 18914, .adv_w = 120, .box_w = 7, .box_h = 6, .ofs_x = 0, .ofs_y = 0}, /* id = 430 */
    {.bitmap_index = 18935, .adv_w = 128, .box_w = 9, .box_h = 6, .ofs_x = 0, .ofs_y = 0}, /* id = 431 */
    {.bitmap_index = 18962, .adv_w = 152, .box_w = 9, .box_h = 10, .ofs_x = 0, .ofs_y = -4}, /* id = 432 */
    {.bitmap_index = 19007, .adv_w = 162, .box_w = 11, .box_h = 10, .ofs_x = 0, .ofs_y = -4}, /* id = 433 */
    {.bitmap_index = 19062, .adv_w = 64, .box_w = 4, .box_h = 9, .ofs_x = 0, .ofs_y = 0}, /* id = 434 */
    {.bitmap_index = 19080, .adv_w = 76, .box_w = 5, .box_h = 8, .ofs_x = 0, .ofs_y = 0}, /* id = 435 */
    {.bitmap_index = 19100, .adv_w = 104, .box_w = 7, .box_h = 7, .ofs_x = 0, .ofs_y = 0}, /* id = 436 */
    {.bitmap_index = 19125, .adv_w = 116, .box_w = 8, .box_h = 7, .ofs_x = 0, .ofs_y = 0}, /* id = 437 */
    {.bitmap_index = 19153, .adv_w = 156, .box_w = 11, .box_h = 7, .ofs_x = -1, .ofs_y = 0}, /* id = 438 */
    {.bitmap_index = 19192, .adv_w = 112, .box_w = 8, .box_h = 11, .ofs_x = -1, .ofs_y = -4}, /* id = 439 */
    {.bitmap_index = 19236, .adv_w = 100, .box_w = 6, .box_h = 10, .ofs_x = 0, .ofs_y = -4}, /* id = 440 */
    {.bitmap_index = 19266, .adv_w = 100, .box_w = 7, .box_h = 10, .ofs_x = 0, .ofs_y = -4}, /* id = 441 */
    {.bitmap_index = 19301, .adv_w = 158, .box_w = 10, .box_h = 10, .ofs_x = 0, .ofs_y = -4}, /* id = 442 */
    {.bitmap_index = 19351, .adv_w = 145, .box_w = 10, .box_h = 7, .ofs_x = 0, .ofs_y = -4}, /* id = 443 */
    {.bitmap_index = 19386, .adv_w = 158, .box_w = 10, .box_h = 13, .ofs_x = 0, .ofs_y = -7}, /* id = 444 */
    {.bitmap_index = 19451, .adv_w = 145, .box_w = 10, .box_h = 10, .ofs_x = 0, .ofs_y = -7}, /* id = 445 */
    {.bitmap_index = 19501, .adv_w = 70, .box_w = 5, .box_h = 8, .ofs_x = -1, .ofs_y = -3}, /* id = 446 */
    {.bitmap_index = 19521, .adv_w = 81, .box_w = 6, .box_h = 8, .ofs_x = -1, .ofs_y = -3}, /* id = 447 */
    {.bitmap_index = 19545, .adv_w = 127, .box_w = 9, .box_h = 12, .ofs_x = -1, .ofs_y = 0}, /* id = 448 */
    {.bitmap_index = 19599, .adv_w = 135, .box_w = 9, .box_h = 12, .ofs_x = 0, .ofs_y = 0}, /* id = 449 */
    {.bitmap_index = 19653, .adv_w = 127, .box_w = 8, .box_h = 14, .ofs_x = 0, .ofs_y = 0}, /* id = 450 */
    {.bitmap_index = 19709, .adv_w = 135, .box_w = 9, .box_h = 14, .ofs_x = 0, .ofs_y = 0}, /* id = 451 */
    {.bitmap_index = 19772, .adv_w = 127, .box_w = 8, .box_h = 14, .ofs_x = 0, .ofs_y = -5}, /* id = 452 */
    {.bitmap_index = 19828, .adv_w = 135, .box_w = 9, .box_h = 14, .ofs_x = 0, .ofs_y = -5}, /* id = 453 */
    {.bitmap_index = 19891, .adv_w = 127, .box_w = 8, .box_h = 9, .ofs_x = 0, .ofs_y = 0}, /* id = 454 */
    {.bitmap_index = 19927, .adv_w = 135, .box_w = 9, .box_h = 9, .ofs_x = 0, .ofs_y = 0}, /* id = 455 */
    {.bitmap_index = 19968, .adv_w = 0, .box_w = 0, .box_h = 0, .ofs_x = 0, .ofs_y = 0}, /* id = 456 */
};

static const uint16_t unicode_list[] = {

    0, 1, 2, 3, 4, 5, 6, 7, 8, 9,
    10, 11, 12, 13, 14, 15, 16, 17, 18, 19,
    20, 21, 22, 23, 24, 25, 26, 27, 28, 29,
    30, 31, 32, 33, 34, 35, 36, 37, 38, 39,
    40, 41, 42, 43, 44, 45, 46, 47, 48, 49,
    50, 51, 52, 53, 54, 55, 56, 57, 58, 59,
    60, 61, 62, 63, 64, 65, 66, 67, 68, 69,
    70, 71, 72, 73, 74, 75, 76, 77, 78, 79,
    80, 81, 82, 83, 84, 85, 86, 87, 88, 89,
    90, 91, 92, 93, 94, 1516, 1517, 1520, 1521, 1522,
    1525, 1531, 1535, 1537, 1538, 1539, 1540, 1541, 1542, 1543,
    1544, 1545, 1546, 1547, 1548, 1549, 1550, 1551, 1552, 1553,
    1554, 1555, 1556, 1557, 1558, 1559, 1560, 1561, 1562, 1565,
    1568, 1569, 1570, 1571, 1572, 1573, 1574, 1575, 1576, 1577,
    1578, 1579, 1580, 1581, 1582, 1583, 1584, 1585, 1586, 1587,
    1588, 1589, 1590, 1591, 1592, 1594, 1595, 1600, 1601, 1602,
    1603, 1604, 1605, 1606, 1607, 1608, 1609, 1610, 1611, 1612,
    1613, 1614, 1615, 1616, 1617, 1620, 1625, 1628, 1630, 1633,
    1637, 1638, 1640, 1641, 1649, 1651, 1653, 1654, 1656, 1658,
    1664, 1665, 1668, 1673, 1674, 1675, 1676, 1677, 1679, 1685,
    1690, 1692, 1693, 1694, 1696, 1697, 1698, 1699, 1702, 1703,
    1704, 1705, 1706, 1707, 1708, 1709, 1710, 1711, 1712, 1714,
    1715, 1716, 1717, 1724, 1725, 1726, 1737, 1744, 1745, 1746,
    1747, 1748, 1749, 1750, 1751, 1752, 1753, 1858, 1859, 8172,
    8173, 8174, 8175, 64304, 64305, 64310, 64311, 64312, 64313, 64326,
    64327, 64328, 64329, 64330, 64331, 64332, 64333, 64346, 64347, 64348,
    64349, 64360, 64361, 64362, 64363, 64364, 64365, 64366, 64367, 64368,
    64369, 64370, 64371, 64372, 64373, 64382, 64383, 64389, 64391, 64392,
    64393, 64394, 64395, 64396, 64397, 64398, 64399, 64400, 64401, 64415,
    64416, 64435, 64436, 64437, 64438, 64439, 64440, 64441, 64442, 64443,
    64444, 64446, 64447, 64450, 64451, 64456, 64457, 64476, 64477, 64478,
    64479, 64798, 64799, 64978, 64988, 65104, 65105, 65106, 65107, 65108,
    65110, 65111, 65112, 65113, 65114, 65115, 65116, 65117, 65118, 65119,
    65120, 65121, 65122, 65123, 65124, 65125, 65126, 65127, 65128, 65129,
    65130, 65131, 65132, 65133, 65134, 65135, 65136, 65137, 65138, 65139,
    65140, 65141, 65142, 65143, 65144, 65145, 65146, 65147, 65148, 65149,
    65150, 65151, 65152, 65153, 65154, 65155, 65156, 65157, 65158, 65159,
    65160, 65161, 65162, 65163, 65164, 65165, 65166, 65167, 65168, 65169,
    65170, 65171, 65172, 65173, 65174, 65175, 65176, 65177, 65178, 65179,
    65180, 65181, 65182, 65183, 65184, 65185, 65186, 65187, 65188, 65189,
    65190, 65191, 65192, 65193, 65194, 65195, 65196, 65197, 65198, 65199,
    65200, 65201, 65202, 65203, 65204, 65205, 65206, 65207, 65208, 65209,
    65210, 65211, 65212, 65213, 65214, 65215, 65216, 65217, 65218, 65219,
    65220, 65221, 65222, 65223, 65224, 65225, 65226, 65227, 65228, 65229,
    65230, 65231, 65232, 65233, 65234, 65235, 65236, 65237, 65238, 65239,
    65240, 65241, 65242, 65243, 65244, 65247
};

static const lv_font_fmt_txt_cmap_t cmaps[] = {
    {
        .range_start = 0x20,
        .range_length = 65248,
        .glyph_id_start = 1,
        .unicode_list = unicode_list,
        .glyph_id_ofs_list = NULL,
        .list_length = 456,
        .type = LV_FONT_FMT_TXT_CMAP_SPARSE_TINY
    }
};

#if LVGL_VERSION_MAJOR == 8
static lv_font_fmt_txt_glyph_cache_t cache;
#endif

static const lv_font_fmt_txt_dsc_t font_dsc = {
    .glyph_bitmap = glyph_bitmap,
    .glyph_dsc = glyph_dsc,
    .cmaps = cmaps,
    .kern_dsc = NULL,
    .kern_scale = 0,
    .cmap_num = 1,
    .bpp = 4,
    .kern_classes = 0,
    .bitmap_format = LV_FONT_FMT_TXT_PLAIN,
#if LVGL_VERSION_MAJOR == 8
    .cache = &cache
#endif
};

const lv_font_t font_persian_14 = {
    .get_glyph_dsc = lv_font_get_glyph_dsc_fmt_txt,
    .get_glyph_bitmap = lv_font_get_bitmap_fmt_txt,
    .line_height = 23,
    .base_line = 8,
    .subpx = LV_FONT_SUBPX_NONE,
    .underline_position = -2,
    .underline_thickness = 1,
    .dsc = &font_dsc,
#if LV_VERSION_CHECK(8, 2, 0) || LVGL_VERSION_MAJOR >= 9
    .fallback = NULL,
#endif
    .user_data = NULL,
};

#endif /* VAZIRMATN_14 */
